planned_cell_id,cell_id,arm,task,rep,outcome,included_in_itt,stop_cause,effective_model,effective_effort,replacement,official_grade_outcome,public_export_outcome,resolution
dev-probe-luna-low-20261002-accept-elx-02-ingest-supervision-r1-r69-studio,kh-gpt__gpt-6-luna__low__default__elx-02-ingest-supervision__r1-accept-r69-studio,accept,elx-02-ingest-supervision,1,PASS,yes,official_pass,gpt-6-luna,xhigh (requested max; kh clamp),yes,pass,pass,official_pass
dev-probe-luna-low-20261002-accept-elx-02-ingest-supervision-r2-r69-studio,kh-gpt__gpt-6-luna__low__default__elx-02-ingest-supervision__r2-accept-r69-studio,accept,elx-02-ingest-supervision,2,PASS,yes,official_pass,gpt-6-luna,xhigh (requested max; kh clamp),yes,pass,,official_pass
dev-probe-luna-low-20261002-accept-elx-02-ingest-supervision-r3-r69-studio,kh-gpt__gpt-6-luna__low__default__elx-02-ingest-supervision__r3-accept-r69-studio,accept,elx-02-ingest-supervision,3,PASS,yes,official_pass,gpt-6-luna,xhigh (requested max; kh clamp),yes,pass,,official_pass
dev-probe-luna-low-20261002-accept-elx-02-ingest-supervision-r4-r69-studio,kh-gpt__gpt-6-luna__low__default__elx-02-ingest-supervision__r4-accept-r69-studio,accept,elx-02-ingest-supervision,4,PASS,yes,official_pass,gpt-6-luna,xhigh (requested max; kh clamp),yes,pass,,official_pass
dev-probe-luna-low-20261002-accept-elx-04-queue-backpressure-r1-r69-studio,kh-gpt__gpt-6-luna__low__default__elx-04-queue-backpressure__r1-accept-r69-studio,accept,elx-04-queue-backpressure,1,PASS,yes,official_pass,gpt-6-luna,xhigh (requested max; kh clamp),yes,pass,pass,official_pass
dev-probe-luna-low-20261002-accept-elx-04-queue-backpressure-r2-r69-studio,kh-gpt__gpt-6-luna__low__default__elx-04-queue-backpressure__r2-accept-r69-studio,accept,elx-04-queue-backpressure,2,PASS,yes,official_pass,gpt-6-luna,xhigh (requested max; kh clamp),yes,pass,,official_pass
dev-probe-luna-low-20261002-accept-elx-04-queue-backpressure-r3-r69-studio,kh-gpt__gpt-6-luna__low__default__elx-04-queue-backpressure__r3-accept-r69-studio,accept,elx-04-queue-backpressure,3,PASS,yes,official_pass,gpt-6-luna,xhigh (requested max; kh clamp),yes,pass,,official_pass
dev-probe-luna-low-20261002-accept-elx-04-queue-backpressure-r4-r69-studio,kh-gpt__gpt-6-luna__low__default__elx-04-queue-backpressure__r4-accept-r69-studio,accept,elx-04-queue-backpressure,4,PASS,yes,official_pass,gpt-6-luna,xhigh (requested max; kh clamp),yes,pass,,official_pass
dev-probe-luna-low-20261002-accept-rails-ac-throttle-search-r1-r69-studio,kh-gpt__gpt-6-luna__low__default__rails-ac-throttle-search__r1-accept-r69-studio,accept,rails-ac-throttle-search,1,PASS,yes,official_pass,gpt-6-luna,xhigh (requested max; kh clamp),yes,pass,,official_pass
dev-probe-luna-low-20261002-accept-rails-ac-throttle-search-r2-r69-studio,kh-gpt__gpt-6-luna__low__default__rails-ac-throttle-search__r2-accept-r69-studio,accept,rails-ac-throttle-search,2,PASS,yes,official_pass,gpt-6-luna,xhigh (requested max; kh clamp),yes,pass,,official_pass
dev-probe-luna-low-20261002-accept-rails-ac-throttle-search-r3-r69-studio,kh-gpt__gpt-6-luna__low__default__rails-ac-throttle-search__r3-accept-r69-studio,accept,rails-ac-throttle-search,3,PASS,yes,official_pass,gpt-6-luna,xhigh (requested max; kh clamp),yes,pass,,official_pass
dev-probe-luna-low-20261002-accept-rails-ac-throttle-search-r4-r69-studio,kh-gpt__gpt-6-luna__low__default__rails-ac-throttle-search__r4-accept-r69-studio,accept,rails-ac-throttle-search,4,PASS,yes,official_pass,gpt-6-luna,xhigh (requested max; kh clamp),no,pass,pass,official_pass
dev-probe-luna-low-20261002-accept-rails-aj-enqueue-after-commit-r1-r69-studio,kh-gpt__gpt-6-luna__low__default__rails-aj-enqueue-after-commit__r1-accept-r69-studio,accept,rails-aj-enqueue-after-commit,1,PASS,yes,official_pass,gpt-6-luna,xhigh (requested max; kh clamp),yes,pass,pass,official_pass
dev-probe-luna-low-20261002-accept-rails-aj-enqueue-after-commit-r2-r69-studio,kh-gpt__gpt-6-luna__low__default__rails-aj-enqueue-after-commit__r2-accept-r69-studio,accept,rails-aj-enqueue-after-commit,2,PASS,yes,official_pass,gpt-6-luna,xhigh (requested max; kh clamp),yes,pass,,official_pass
dev-probe-luna-low-20261002-accept-rails-aj-enqueue-after-commit-r3-r69-studio,kh-gpt__gpt-6-luna__low__default__rails-aj-enqueue-after-commit__r3-accept-r69-studio,accept,rails-aj-enqueue-after-commit,3,PASS,yes,official_pass,gpt-6-luna,xhigh (requested max; kh clamp),yes,pass,,official_pass
dev-probe-luna-low-20261002-accept-rails-aj-enqueue-after-commit-r4-r69-studio,kh-gpt__gpt-6-luna__low__default__rails-aj-enqueue-after-commit__r4-accept-r69-studio,accept,rails-aj-enqueue-after-commit,4,PASS,yes,official_pass,gpt-6-luna,xhigh (requested max; kh clamp),no,pass,pass,official_pass
dev-probe-luna-low-20261002-accept-rails-ar-archive-book-access-r1-r69-studio,kh-gpt__gpt-6-luna__low__default__rails-ar-archive-book-access__r1-accept-r69-studio,accept,rails-ar-archive-book-access,1,PASS,yes,official_pass,gpt-6-luna,xhigh (requested max; kh clamp),yes,pass,,official_pass
dev-probe-luna-low-20261002-accept-rails-ar-archive-book-access-r2-r69-studio,kh-gpt__gpt-6-luna__low__default__rails-ar-archive-book-access__r2-accept-r69-studio,accept,rails-ar-archive-book-access,2,PASS,yes,official_pass,gpt-6-luna,xhigh (requested max; kh clamp),yes,pass,,official_pass
dev-probe-luna-low-20261002-accept-rails-ar-archive-book-access-r3-r69-studio,kh-gpt__gpt-6-luna__low__default__rails-ar-archive-book-access__r3-accept-r69-studio,accept,rails-ar-archive-book-access,3,PASS,yes,official_pass,gpt-6-luna,xhigh (requested max; kh clamp),yes,pass,,official_pass
dev-probe-luna-low-20261002-accept-rails-ar-archive-book-access-r4-r69-studio,kh-gpt__gpt-6-luna__low__default__rails-ar-archive-book-access__r4-accept-r69-studio,accept,rails-ar-archive-book-access,4,PASS,yes,official_pass,gpt-6-luna,xhigh (requested max; kh clamp),no,pass,pass,official_pass
dev-probe-luna-low-20261002-accept-rails-ar-bulk-access-grants-r1-r69-studio,kh-gpt__gpt-6-luna__low__default__rails-ar-bulk-access-grants__r1-accept-r69-studio,accept,rails-ar-bulk-access-grants,1,FAIL,yes,official_fail,gpt-6-luna,xhigh (requested max; kh clamp),yes,fail,,official_fail
dev-probe-luna-low-20261002-accept-rails-ar-bulk-access-grants-r2-r69-studio,kh-gpt__gpt-6-luna__low__default__rails-ar-bulk-access-grants__r2-accept-r69-studio,accept,rails-ar-bulk-access-grants,2,FAIL,yes,official_fail,gpt-6-luna,xhigh (requested max; kh clamp),yes,fail,,official_fail
dev-probe-luna-low-20261002-accept-rails-ar-bulk-access-grants-r3-r69-studio,kh-gpt__gpt-6-luna__low__default__rails-ar-bulk-access-grants__r3-accept-r69-studio,accept,rails-ar-bulk-access-grants,3,FAIL,yes,official_fail,gpt-6-luna,xhigh (requested max; kh clamp),yes,fail,,official_fail
dev-probe-luna-low-20261002-accept-rails-ar-bulk-access-grants-r4-r69-studio,kh-gpt__gpt-6-luna__low__default__rails-ar-bulk-access-grants__r4-accept-r69-studio,accept,rails-ar-bulk-access-grants,4,FAIL,yes,official_fail,gpt-6-luna,xhigh (requested max; kh clamp),no,fail,fail,official_fail
dev-probe-luna-low-20261002-accept-rails-as-variant-processed-once-r1-r69-studio,kh-gpt__gpt-6-luna__low__default__rails-as-variant-processed-once__r1-accept-r69-studio,accept,rails-as-variant-processed-once,1,FAIL,yes,official_fail,gpt-6-luna,xhigh (requested max; kh clamp),yes,fail,,official_fail
dev-probe-luna-low-20261002-accept-rails-as-variant-processed-once-r2-r69-studio,kh-gpt__gpt-6-luna__low__default__rails-as-variant-processed-once__r2-accept-r69-studio,accept,rails-as-variant-processed-once,2,FAIL,yes,official_fail,gpt-6-luna,xhigh (requested max; kh clamp),yes,fail,,official_fail
dev-probe-luna-low-20261002-accept-rails-as-variant-processed-once-r3-r69-studio,kh-gpt__gpt-6-luna__low__default__rails-as-variant-processed-once__r3-accept-r69-studio,accept,rails-as-variant-processed-once,3,FAIL,yes,official_fail,gpt-6-luna,xhigh (requested max; kh clamp),yes,fail,,official_fail
dev-probe-luna-low-20261002-accept-rails-as-variant-processed-once-r4-r69-studio,kh-gpt__gpt-6-luna__low__default__rails-as-variant-processed-once__r4-accept-r69-studio,accept,rails-as-variant-processed-once,4,FAIL,yes,official_fail,gpt-6-luna,xhigh (requested max; kh clamp),no,fail,fail,official_fail
dev-probe-luna-low-20261002-accept-rails-ft-active-storage-tracking-r1-r69-studio,,accept,rails-ft-active-storage-tracking,1,FAIL,yes,ITT_fail_64_turn_limit,gpt-6-luna,xhigh (requested max; kh clamp),yes,,,ITT_fail_64_turn_limit
dev-probe-luna-low-20261002-accept-rails-ft-active-storage-tracking-r2-r69-studio,,accept,rails-ft-active-storage-tracking,2,FAIL,yes,ITT_fail_64_turn_limit,gpt-6-luna,xhigh (requested max; kh clamp),yes,,,ITT_fail_64_turn_limit
dev-probe-luna-low-20261002-accept-rails-ft-active-storage-tracking-r3-r69-studio,,accept,rails-ft-active-storage-tracking,3,FAIL,yes,ITT_fail_64_turn_limit,gpt-6-luna,xhigh (requested max; kh clamp),yes,,,ITT_fail_64_turn_limit
dev-probe-luna-low-20261002-accept-rails-ft-active-storage-tracking-r4-r69-studio,,accept,rails-ft-active-storage-tracking,4,FAIL,yes,ITT_fail_64_turn_limit,gpt-6-luna,xhigh (requested max; kh clamp),no,,,ITT_fail_64_turn_limit
dev-probe-luna-low-20261002-accept-rails-ft-activity-feed-api-r1-r69-studio,kh-gpt__gpt-6-luna__low__default__rails-ft-activity-feed-api__r1-accept-r69-studio,accept,rails-ft-activity-feed-api,1,FAIL,yes,official_fail,gpt-6-luna,xhigh (requested max; kh clamp),yes,fail,,official_fail
dev-probe-luna-low-20261002-accept-rails-ft-activity-feed-api-r2-r69-studio,kh-gpt__gpt-6-luna__low__default__rails-ft-activity-feed-api__r2-accept-r69-studio,accept,rails-ft-activity-feed-api,2,FAIL,yes,official_fail,gpt-6-luna,xhigh (requested max; kh clamp),yes,fail,,official_fail
dev-probe-luna-low-20261002-accept-rails-ft-activity-feed-api-r3-r69-studio,kh-gpt__gpt-6-luna__low__default__rails-ft-activity-feed-api__r3-accept-r69-studio,accept,rails-ft-activity-feed-api,3,FAIL,yes,official_fail,gpt-6-luna,xhigh (requested max; kh clamp),yes,fail,,official_fail
dev-probe-luna-low-20261002-accept-rails-ft-activity-feed-api-r4-r69-studio,kh-gpt__gpt-6-luna__low__default__rails-ft-activity-feed-api__r4-accept-r69-studio,accept,rails-ft-activity-feed-api,4,FAIL,yes,official_fail,gpt-6-luna,xhigh (requested max; kh clamp),no,fail,fail,official_fail
dev-probe-luna-low-20261002-accept-rails-ft-board-publish-unpublish-public-boundary-r1-r69-studio,,accept,rails-ft-board-publish-unpublish-public-boundary,1,FAIL,yes,ITT_fail_64_turn_limit,gpt-6-luna,xhigh (requested max; kh clamp),yes,,,ITT_fail_64_turn_limit
dev-probe-luna-low-20261002-accept-rails-ft-board-publish-unpublish-public-boundary-r2-r69-studio,kh-gpt__gpt-6-luna__low__default__rails-ft-board-publish-unpublish-public-boundary__r2-accept-r69-studio,accept,rails-ft-board-publish-unpublish-public-boundary,2,PASS,yes,official_pass,gpt-6-luna,xhigh (requested max; kh clamp),yes,pass,,official_pass
dev-probe-luna-low-20261002-accept-rails-ft-board-publish-unpublish-public-boundary-r3-r69-studio,kh-gpt__gpt-6-luna__low__default__rails-ft-board-publish-unpublish-public-boundary__r3-accept-r69-studio,accept,rails-ft-board-publish-unpublish-public-boundary,3,PASS,yes,official_pass,gpt-6-luna,xhigh (requested max; kh clamp),yes,pass,,official_pass
dev-probe-luna-low-20261002-accept-rails-ft-board-publish-unpublish-public-boundary-r4-r69-studio,,accept,rails-ft-board-publish-unpublish-public-boundary,4,FAIL,yes,ITT_fail_64_turn_limit,gpt-6-luna,xhigh (requested max; kh clamp),no,,,ITT_fail_64_turn_limit
dev-probe-luna-low-20261002-accept-rails-ft-cancelled-account-cleanup-r1-r69-studio,kh-gpt__gpt-6-luna__low__default__rails-ft-cancelled-account-cleanup__r1-accept-r69-studio,accept,rails-ft-cancelled-account-cleanup,1,PASS,yes,official_pass,gpt-6-luna,xhigh (requested max; kh clamp),yes,pass,,official_pass
dev-probe-luna-low-20261002-accept-rails-ft-cancelled-account-cleanup-r2-r69-studio,kh-gpt__gpt-6-luna__low__default__rails-ft-cancelled-account-cleanup__r2-accept-r69-studio,accept,rails-ft-cancelled-account-cleanup,2,FAIL,yes,official_fail,gpt-6-luna,xhigh (requested max; kh clamp),yes,fail,,official_fail
dev-probe-luna-low-20261002-accept-rails-ft-cancelled-account-cleanup-r3-r69-studio,kh-gpt__gpt-6-luna__low__default__rails-ft-cancelled-account-cleanup__r3-accept-r69-studio,accept,rails-ft-cancelled-account-cleanup,3,PASS,yes,official_pass,gpt-6-luna,xhigh (requested max; kh clamp),yes,pass,,official_pass
dev-probe-luna-low-20261002-accept-rails-ft-cancelled-account-cleanup-r4-r69-studio,kh-gpt__gpt-6-luna__low__default__rails-ft-cancelled-account-cleanup__r4-accept-r69-studio,accept,rails-ft-cancelled-account-cleanup,4,PASS,yes,official_pass,gpt-6-luna,xhigh (requested max; kh clamp),no,pass,pass,official_pass
dev-probe-luna-low-20261002-accept-rails-ft-entropy-sweep-r1-r69-studio,,accept,rails-ft-entropy-sweep,1,FAIL,yes,ITT_fail_64_turn_limit,gpt-6-luna,xhigh (requested max; kh clamp),yes,,,ITT_fail_64_turn_limit
dev-probe-luna-low-20261002-accept-rails-ft-entropy-sweep-r2-r69-studio,kh-gpt__gpt-6-luna__low__default__rails-ft-entropy-sweep__r2-accept-r69-studio,accept,rails-ft-entropy-sweep,2,PASS,yes,official_pass,gpt-6-luna,xhigh (requested max; kh clamp),yes,pass,,official_pass
dev-probe-luna-low-20261002-accept-rails-ft-entropy-sweep-r3-r69-studio,kh-gpt__gpt-6-luna__low__default__rails-ft-entropy-sweep__r3-accept-r69-studio,accept,rails-ft-entropy-sweep,3,PASS,yes,official_pass,gpt-6-luna,xhigh (requested max; kh clamp),yes,pass,,official_pass
dev-probe-luna-low-20261002-accept-rails-ft-entropy-sweep-r4-r69-studio,kh-gpt__gpt-6-luna__low__default__rails-ft-entropy-sweep__r4-accept-r69-studio,accept,rails-ft-entropy-sweep,4,PASS,yes,official_pass,gpt-6-luna,xhigh (requested max; kh clamp),no,pass,pass,official_pass
dev-probe-luna-low-20261002-accept-rails-ft-i18n-support-r1-r69-studio,,accept,rails-ft-i18n-support,1,FAIL,yes,ITT_fail_64_turn_limit,gpt-6-luna,xhigh (requested max; kh clamp),yes,,,ITT_fail_64_turn_limit
dev-probe-luna-low-20261002-accept-rails-ft-i18n-support-r2-r69-studio,,accept,rails-ft-i18n-support,2,FAIL,yes,ITT_fail_64_turn_limit,gpt-6-luna,xhigh (requested max; kh clamp),yes,,,ITT_fail_64_turn_limit
dev-probe-luna-low-20261002-accept-rails-ft-i18n-support-r3-r69-studio,,accept,rails-ft-i18n-support,3,FAIL,yes,ITT_fail_64_turn_limit,gpt-6-luna,xhigh (requested max; kh clamp),yes,,,ITT_fail_64_turn_limit
dev-probe-luna-low-20261002-accept-rails-ft-i18n-support-r4-r69-studio,,accept,rails-ft-i18n-support,4,FAIL,yes,ITT_fail_64_turn_limit,gpt-6-luna,xhigh (requested max; kh clamp),no,,,ITT_fail_64_turn_limit
dev-probe-luna-low-20261002-accept-rails-ft-mysql-fulltext-search-foundation-r1-r69-studio,kh-gpt__gpt-6-luna__low__default__rails-ft-mysql-fulltext-search-foundation__r1-accept-r69-studio,accept,rails-ft-mysql-fulltext-search-foundation,1,PASS,yes,official_pass,gpt-6-luna,xhigh (requested max; kh clamp),yes,pass,,official_pass
dev-probe-luna-low-20261002-accept-rails-ft-mysql-fulltext-search-foundation-r2-r69-studio,kh-gpt__gpt-6-luna__low__default__rails-ft-mysql-fulltext-search-foundation__r2-accept-r69-studio,accept,rails-ft-mysql-fulltext-search-foundation,2,PASS,yes,official_pass,gpt-6-luna,xhigh (requested max; kh clamp),yes,pass,,official_pass
dev-probe-luna-low-20261002-accept-rails-ft-mysql-fulltext-search-foundation-r3-r69-studio,kh-gpt__gpt-6-luna__low__default__rails-ft-mysql-fulltext-search-foundation__r3-accept-r69-studio,accept,rails-ft-mysql-fulltext-search-foundation,3,PASS,yes,official_pass,gpt-6-luna,xhigh (requested max; kh clamp),yes,pass,,official_pass
dev-probe-luna-low-20261002-accept-rails-ft-mysql-fulltext-search-foundation-r4-r69-studio,kh-gpt__gpt-6-luna__low__default__rails-ft-mysql-fulltext-search-foundation__r4-accept-r69-studio,accept,rails-ft-mysql-fulltext-search-foundation,4,PASS,yes,official_pass,gpt-6-luna,xhigh (requested max; kh clamp),no,pass,pass,official_pass
dev-probe-luna-low-20261002-accept-rails-ft-notification-bundle-window-overlap-r1-r69-studio,kh-gpt__gpt-6-luna__low__default__rails-ft-notification-bundle-window-overlap__r1-accept-r69-studio,accept,rails-ft-notification-bundle-window-overlap,1,FAIL,yes,official_fail,gpt-6-luna,xhigh (requested max; kh clamp),yes,fail,,official_fail
dev-probe-luna-low-20261002-accept-rails-ft-notification-bundle-window-overlap-r2-r69-studio,kh-gpt__gpt-6-luna__low__default__rails-ft-notification-bundle-window-overlap__r2-accept-r69-studio,accept,rails-ft-notification-bundle-window-overlap,2,FAIL,yes,official_fail,gpt-6-luna,xhigh (requested max; kh clamp),yes,fail,,official_fail
dev-probe-luna-low-20261002-accept-rails-ft-notification-bundle-window-overlap-r3-r69-studio,kh-gpt__gpt-6-luna__low__default__rails-ft-notification-bundle-window-overlap__r3-accept-r69-studio,accept,rails-ft-notification-bundle-window-overlap,3,FAIL,yes,official_fail,gpt-6-luna,xhigh (requested max; kh clamp),yes,fail,,official_fail
dev-probe-luna-low-20261002-accept-rails-ft-notification-bundle-window-overlap-r4-r69-studio,,accept,rails-ft-notification-bundle-window-overlap,4,FAIL,yes,ITT_fail_64_turn_limit,gpt-6-luna,xhigh (requested max; kh clamp),no,,,ITT_fail_64_turn_limit
dev-probe-luna-low-20261002-accept-rails-ft-saas-billing-r1-r69-studio,,accept,rails-ft-saas-billing,1,FAIL,yes,ITT_fail_64_turn_limit,gpt-6-luna,xhigh (requested max; kh clamp),yes,,,ITT_fail_64_turn_limit
dev-probe-luna-low-20261002-accept-rails-ft-saas-billing-r2-r69-studio,,accept,rails-ft-saas-billing,2,FAIL,yes,ITT_fail_64_turn_limit,gpt-6-luna,xhigh (requested max; kh clamp),yes,,,ITT_fail_64_turn_limit
dev-probe-luna-low-20261002-accept-rails-ft-saas-billing-r3-r69-studio,,accept,rails-ft-saas-billing,3,FAIL,yes,ITT_fail_64_turn_limit,gpt-6-luna,xhigh (requested max; kh clamp),yes,,,ITT_fail_64_turn_limit
dev-probe-luna-low-20261002-accept-rails-ft-saas-billing-r4-r69-studio,,accept,rails-ft-saas-billing,4,FAIL,yes,ITT_fail_64_turn_limit,gpt-6-luna,xhigh (requested max; kh clamp),no,,,ITT_fail_64_turn_limit
dev-probe-luna-low-20261002-accept-rails-hw-scoped-broadcast-r1-r69-studio,kh-gpt__gpt-6-luna__low__default__rails-hw-scoped-broadcast__r1-accept-r69-studio,accept,rails-hw-scoped-broadcast,1,PASS,yes,official_pass,gpt-6-luna,xhigh (requested max; kh clamp),yes,pass,,official_pass
dev-probe-luna-low-20261002-accept-rails-hw-scoped-broadcast-r2-r69-studio,kh-gpt__gpt-6-luna__low__default__rails-hw-scoped-broadcast__r2-accept-r69-studio,accept,rails-hw-scoped-broadcast,2,PASS,yes,official_pass,gpt-6-luna,xhigh (requested max; kh clamp),yes,pass,,official_pass
dev-probe-luna-low-20261002-accept-rails-hw-scoped-broadcast-r3-r69-studio,kh-gpt__gpt-6-luna__low__default__rails-hw-scoped-broadcast__r3-accept-r69-studio,accept,rails-hw-scoped-broadcast,3,PASS,yes,official_pass,gpt-6-luna,xhigh (requested max; kh clamp),yes,pass,,official_pass
dev-probe-luna-low-20261002-accept-rails-hw-scoped-broadcast-r4-r69-studio,kh-gpt__gpt-6-luna__low__default__rails-hw-scoped-broadcast__r4-accept-r69-studio,accept,rails-hw-scoped-broadcast,4,PASS,yes,official_pass,gpt-6-luna,xhigh (requested max; kh clamp),no,pass,pass,official_pass
dev-probe-luna-low-20261002-accept-rails-sec-audit-sweep-r1-r69-studio,kh-gpt__gpt-6-luna__low__default__rails-sec-audit-sweep__r1-accept-r69-studio,accept,rails-sec-audit-sweep,1,PASS,yes,official_pass,gpt-6-luna,xhigh (requested max; kh clamp),yes,pass,,official_pass
dev-probe-luna-low-20261002-accept-rails-sec-audit-sweep-r2-r69-studio,kh-gpt__gpt-6-luna__low__default__rails-sec-audit-sweep__r2-accept-r69-studio,accept,rails-sec-audit-sweep,2,PASS,yes,official_pass,gpt-6-luna,xhigh (requested max; kh clamp),yes,pass,,official_pass
dev-probe-luna-low-20261002-accept-rails-sec-audit-sweep-r3-r69-studio,kh-gpt__gpt-6-luna__low__default__rails-sec-audit-sweep__r3-accept-r69-studio,accept,rails-sec-audit-sweep,3,PASS,yes,official_pass,gpt-6-luna,xhigh (requested max; kh clamp),yes,pass,,official_pass
dev-probe-luna-low-20261002-accept-rails-sec-audit-sweep-r4-r69-studio,kh-gpt__gpt-6-luna__low__default__rails-sec-audit-sweep__r4-accept-r69-studio,accept,rails-sec-audit-sweep,4,PASS,yes,official_pass,gpt-6-luna,xhigh (requested max; kh clamp),no,pass,pass,official_pass
dev-probe-luna-low-20261002-accept-rails-sup-legacy-conversions-r1-r69-studio,kh-gpt__gpt-6-luna__low__default__rails-sup-legacy-conversions__r1-accept-r69-studio,accept,rails-sup-legacy-conversions,1,PASS,yes,official_pass,gpt-6-luna,xhigh (requested max; kh clamp),yes,pass,,official_pass
dev-probe-luna-low-20261002-accept-rails-sup-legacy-conversions-r2-r69-studio,kh-gpt__gpt-6-luna__low__default__rails-sup-legacy-conversions__r2-accept-r69-studio,accept,rails-sup-legacy-conversions,2,PASS,yes,official_pass,gpt-6-luna,xhigh (requested max; kh clamp),yes,pass,,official_pass
dev-probe-luna-low-20261002-accept-rails-sup-legacy-conversions-r3-r69-studio,kh-gpt__gpt-6-luna__low__default__rails-sup-legacy-conversions__r3-accept-r69-studio,accept,rails-sup-legacy-conversions,3,PASS,yes,official_pass,gpt-6-luna,xhigh (requested max; kh clamp),yes,pass,,official_pass
dev-probe-luna-low-20261002-accept-rails-sup-legacy-conversions-r4-r69-studio,kh-gpt__gpt-6-luna__low__default__rails-sup-legacy-conversions__r4-accept-r69-studio,accept,rails-sup-legacy-conversions,4,PASS,yes,official_pass,gpt-6-luna,xhigh (requested max; kh clamp),no,pass,pass,official_pass
dev-probe-luna-low-20261002-accept-syn-01-live-ticket-filters-r1-r69-studio,kh-gpt__gpt-6-luna__low__default__syn-01-live-ticket-filters__r1-accept-r69-studio,accept,syn-01-live-ticket-filters,1,PASS,yes,official_pass,gpt-6-luna,xhigh (requested max; kh clamp),yes,pass,pass,official_pass
dev-probe-luna-low-20261002-accept-syn-01-live-ticket-filters-r2-r69-studio,kh-gpt__gpt-6-luna__low__default__syn-01-live-ticket-filters__r2-accept-r69-studio,accept,syn-01-live-ticket-filters,2,PASS,yes,official_pass,gpt-6-luna,xhigh (requested max; kh clamp),yes,pass,,official_pass
dev-probe-luna-low-20261002-accept-syn-01-live-ticket-filters-r3-r69-studio,kh-gpt__gpt-6-luna__low__default__syn-01-live-ticket-filters__r3-accept-r69-studio,accept,syn-01-live-ticket-filters,3,PASS,yes,official_pass,gpt-6-luna,xhigh (requested max; kh clamp),yes,pass,,official_pass
dev-probe-luna-low-20261002-accept-syn-01-live-ticket-filters-r4-r69-studio,kh-gpt__gpt-6-luna__low__default__syn-01-live-ticket-filters__r4-accept-r69-studio,accept,syn-01-live-ticket-filters,4,PASS,yes,official_pass,gpt-6-luna,xhigh (requested max; kh clamp),yes,pass,,official_pass
dev-probe-luna-low-20261002-accept-syn-06-migration-ticket-numbers-r1-r69-studio,kh-gpt__gpt-6-luna__low__default__syn-06-migration-ticket-numbers__r1-accept-r69-studio,accept,syn-06-migration-ticket-numbers,1,PASS,yes,official_pass,gpt-6-luna,xhigh (requested max; kh clamp),yes,pass,pass,official_pass
dev-probe-luna-low-20261002-accept-syn-06-migration-ticket-numbers-r2-r69-studio,kh-gpt__gpt-6-luna__low__default__syn-06-migration-ticket-numbers__r2-accept-r69-studio,accept,syn-06-migration-ticket-numbers,2,PASS,yes,official_pass,gpt-6-luna,xhigh (requested max; kh clamp),yes,pass,,official_pass
dev-probe-luna-low-20261002-accept-syn-06-migration-ticket-numbers-r3-r69-studio,kh-gpt__gpt-6-luna__low__default__syn-06-migration-ticket-numbers__r3-accept-r69-studio,accept,syn-06-migration-ticket-numbers,3,PASS,yes,official_pass,gpt-6-luna,xhigh (requested max; kh clamp),yes,pass,,official_pass
dev-probe-luna-low-20261002-accept-syn-06-migration-ticket-numbers-r4-r69-studio,kh-gpt__gpt-6-luna__low__default__syn-06-migration-ticket-numbers__r4-accept-r69-studio,accept,syn-06-migration-ticket-numbers,4,PASS,yes,official_pass,gpt-6-luna,xhigh (requested max; kh clamp),yes,pass,,official_pass
dev-probe-luna-low-20261002-accept-syn-15-validation-ticket-form-r1-r69-studio,kh-gpt__gpt-6-luna__low__default__syn-15-validation-ticket-form__r1-accept-r69-studio,accept,syn-15-validation-ticket-form,1,PASS,yes,official_pass,gpt-6-luna,xhigh (requested max; kh clamp),yes,pass,pass,official_pass
dev-probe-luna-low-20261002-accept-syn-15-validation-ticket-form-r2-r69-studio,kh-gpt__gpt-6-luna__low__default__syn-15-validation-ticket-form__r2-accept-r69-studio,accept,syn-15-validation-ticket-form,2,PASS,yes,official_pass,gpt-6-luna,xhigh (requested max; kh clamp),yes,pass,,official_pass
dev-probe-luna-low-20261002-accept-syn-15-validation-ticket-form-r3-r69-studio,kh-gpt__gpt-6-luna__low__default__syn-15-validation-ticket-form__r3-accept-r69-studio,accept,syn-15-validation-ticket-form,3,PASS,yes,official_pass,gpt-6-luna,xhigh (requested max; kh clamp),yes,pass,,official_pass
dev-probe-luna-low-20261002-accept-syn-15-validation-ticket-form-r4-r69-studio,kh-gpt__gpt-6-luna__low__default__syn-15-validation-ticket-form__r4-accept-r69-studio,accept,syn-15-validation-ticket-form,4,PASS,yes,official_pass,gpt-6-luna,xhigh (requested max; kh clamp),yes,pass,,official_pass
dev-probe-luna-low-20261002-accept-syn-20-email-invite-flow-r1-r69-studio,kh-gpt__gpt-6-luna__low__default__syn-20-email-invite-flow__r1-accept-r69-studio,accept,syn-20-email-invite-flow,1,PASS,yes,official_pass,gpt-6-luna,xhigh (requested max; kh clamp),yes,pass,pass,official_pass
dev-probe-luna-low-20261002-accept-syn-20-email-invite-flow-r2-r69-studio,kh-gpt__gpt-6-luna__low__default__syn-20-email-invite-flow__r2-accept-r69-studio,accept,syn-20-email-invite-flow,2,PASS,yes,official_pass,gpt-6-luna,xhigh (requested max; kh clamp),yes,pass,,official_pass
dev-probe-luna-low-20261002-accept-syn-20-email-invite-flow-r3-r69-studio,kh-gpt__gpt-6-luna__low__default__syn-20-email-invite-flow__r3-accept-r69-studio,accept,syn-20-email-invite-flow,3,PASS,yes,official_pass,gpt-6-luna,xhigh (requested max; kh clamp),yes,pass,,official_pass
dev-probe-luna-low-20261002-accept-syn-20-email-invite-flow-r4-r69-studio,kh-gpt__gpt-6-luna__low__default__syn-20-email-invite-flow__r4-accept-r69-studio,accept,syn-20-email-invite-flow,4,PASS,yes,official_pass,gpt-6-luna,xhigh (requested max; kh clamp),yes,pass,,official_pass
dev-probe-luna-low-20261002-accept-syn-24-csv-import-r1-r69-studio,kh-gpt__gpt-6-luna__low__default__syn-24-csv-import__r1-accept-r69-studio,accept,syn-24-csv-import,1,PASS,yes,official_pass,gpt-6-luna,xhigh (requested max; kh clamp),yes,pass,pass,official_pass
dev-probe-luna-low-20261002-accept-syn-24-csv-import-r2-r69-studio,kh-gpt__gpt-6-luna__low__default__syn-24-csv-import__r2-accept-r69-studio,accept,syn-24-csv-import,2,PASS,yes,official_pass,gpt-6-luna,xhigh (requested max; kh clamp),yes,pass,,official_pass
dev-probe-luna-low-20261002-accept-syn-24-csv-import-r3-r69-studio,kh-gpt__gpt-6-luna__low__default__syn-24-csv-import__r3-accept-r69-studio,accept,syn-24-csv-import,3,PASS,yes,official_pass,gpt-6-luna,xhigh (requested max; kh clamp),yes,pass,,official_pass
dev-probe-luna-low-20261002-accept-syn-24-csv-import-r4-r69-studio,,accept,syn-24-csv-import,4,NOT-RUN,no,excluded_sandbox_no_replacement,NOT-RUN,NOT-RUN,no,,,excluded_sandbox_no_replacement
dev-probe-luna-low-20261002-accept-syn-31-inbound-email-webhook-r1-r69-studio,kh-gpt__gpt-6-luna__low__default__syn-31-inbound-email-webhook__r1-accept-r69-studio,accept,syn-31-inbound-email-webhook,1,PASS,yes,official_pass,gpt-6-luna,xhigh (requested max; kh clamp),yes,pass,pass,official_pass
dev-probe-luna-low-20261002-accept-syn-31-inbound-email-webhook-r2-r69-studio,kh-gpt__gpt-6-luna__low__default__syn-31-inbound-email-webhook__r2-accept-r69-studio,accept,syn-31-inbound-email-webhook,2,PASS,yes,official_pass,gpt-6-luna,xhigh (requested max; kh clamp),yes,pass,,official_pass
dev-probe-luna-low-20261002-accept-syn-31-inbound-email-webhook-r3-r69-studio,kh-gpt__gpt-6-luna__low__default__syn-31-inbound-email-webhook__r3-accept-r69-studio,accept,syn-31-inbound-email-webhook,3,PASS,yes,official_pass,gpt-6-luna,xhigh (requested max; kh clamp),yes,pass,,official_pass
dev-probe-luna-low-20261002-accept-syn-31-inbound-email-webhook-r4-r69-studio,,accept,syn-31-inbound-email-webhook,4,NOT-RUN,no,excluded_sandbox_no_replacement,NOT-RUN,NOT-RUN,no,,,excluded_sandbox_no_replacement
dev-probe-luna-low-20261002-approach-elx-02-ingest-supervision-r1-r69-studio,kh-gpt__gpt-6-luna__low__default__elx-02-ingest-supervision__r1-approach-r69-studio,approach,elx-02-ingest-supervision,1,PASS,yes,official_pass,gpt-6-luna,xhigh (requested max; kh clamp),yes,pass,pass,official_pass
dev-probe-luna-low-20261002-approach-elx-02-ingest-supervision-r2-r69-studio,kh-gpt__gpt-6-luna__low__default__elx-02-ingest-supervision__r2-approach-r69-studio,approach,elx-02-ingest-supervision,2,PASS,yes,official_pass,gpt-6-luna,xhigh (requested max; kh clamp),yes,pass,,official_pass
dev-probe-luna-low-20261002-approach-elx-02-ingest-supervision-r3-r69-studio,kh-gpt__gpt-6-luna__low__default__elx-02-ingest-supervision__r3-approach-r69-studio,approach,elx-02-ingest-supervision,3,PASS,yes,official_pass,gpt-6-luna,xhigh (requested max; kh clamp),yes,pass,,official_pass
dev-probe-luna-low-20261002-approach-elx-02-ingest-supervision-r4-r69-studio,kh-gpt__gpt-6-luna__low__default__elx-02-ingest-supervision__r4-approach-r69-studio,approach,elx-02-ingest-supervision,4,PASS,yes,official_pass,gpt-6-luna,xhigh (requested max; kh clamp),yes,pass,,official_pass
dev-probe-luna-low-20261002-approach-elx-04-queue-backpressure-r1-r69-studio,kh-gpt__gpt-6-luna__low__default__elx-04-queue-backpressure__r1-approach-r69-studio,approach,elx-04-queue-backpressure,1,PASS,yes,official_pass,gpt-6-luna,xhigh (requested max; kh clamp),yes,pass,pass,official_pass
dev-probe-luna-low-20261002-approach-elx-04-queue-backpressure-r2-r69-studio,kh-gpt__gpt-6-luna__low__default__elx-04-queue-backpressure__r2-approach-r69-studio,approach,elx-04-queue-backpressure,2,PASS,yes,official_pass,gpt-6-luna,xhigh (requested max; kh clamp),yes,pass,,official_pass
dev-probe-luna-low-20261002-approach-elx-04-queue-backpressure-r3-r69-studio,kh-gpt__gpt-6-luna__low__default__elx-04-queue-backpressure__r3-approach-r69-studio,approach,elx-04-queue-backpressure,3,PASS,yes,official_pass,gpt-6-luna,xhigh (requested max; kh clamp),yes,pass,,official_pass
dev-probe-luna-low-20261002-approach-elx-04-queue-backpressure-r4-r69-studio,kh-gpt__gpt-6-luna__low__default__elx-04-queue-backpressure__r4-approach-r69-studio,approach,elx-04-queue-backpressure,4,PASS,yes,official_pass,gpt-6-luna,xhigh (requested max; kh clamp),yes,pass,,official_pass
dev-probe-luna-low-20261002-approach-rails-ac-throttle-search-r1-r69-studio,kh-gpt__gpt-6-luna__low__default__rails-ac-throttle-search__r1-approach-r69-studio,approach,rails-ac-throttle-search,1,PASS,yes,official_pass,gpt-6-luna,xhigh (requested max; kh clamp),yes,pass,pass,official_pass
dev-probe-luna-low-20261002-approach-rails-ac-throttle-search-r2-r69-studio,kh-gpt__gpt-6-luna__low__default__rails-ac-throttle-search__r2-approach-r69-studio,approach,rails-ac-throttle-search,2,PASS,yes,official_pass,gpt-6-luna,xhigh (requested max; kh clamp),yes,pass,,official_pass
dev-probe-luna-low-20261002-approach-rails-ac-throttle-search-r3-r69-studio,kh-gpt__gpt-6-luna__low__default__rails-ac-throttle-search__r3-approach-r69-studio,approach,rails-ac-throttle-search,3,FAIL,yes,official_fail,gpt-6-luna,xhigh (requested max; kh clamp),yes,fail,,official_fail
dev-probe-luna-low-20261002-approach-rails-ac-throttle-search-r4-r69-studio,kh-gpt__gpt-6-luna__low__default__rails-ac-throttle-search__r4-approach-r69-studio,approach,rails-ac-throttle-search,4,PASS,yes,official_pass,gpt-6-luna,xhigh (requested max; kh clamp),no,pass,pass,official_pass
dev-probe-luna-low-20261002-approach-rails-aj-enqueue-after-commit-r1-r69-studio,kh-gpt__gpt-6-luna__low__default__rails-aj-enqueue-after-commit__r1-approach-r69-studio,approach,rails-aj-enqueue-after-commit,1,PASS,yes,official_pass,gpt-6-luna,xhigh (requested max; kh clamp),yes,pass,,official_pass
dev-probe-luna-low-20261002-approach-rails-aj-enqueue-after-commit-r2-r69-studio,kh-gpt__gpt-6-luna__low__default__rails-aj-enqueue-after-commit__r2-approach-r69-studio,approach,rails-aj-enqueue-after-commit,2,PASS,yes,official_pass,gpt-6-luna,xhigh (requested max; kh clamp),yes,pass,,official_pass
dev-probe-luna-low-20261002-approach-rails-aj-enqueue-after-commit-r3-r69-studio,kh-gpt__gpt-6-luna__low__default__rails-aj-enqueue-after-commit__r3-approach-r69-studio,approach,rails-aj-enqueue-after-commit,3,PASS,yes,official_pass,gpt-6-luna,xhigh (requested max; kh clamp),yes,pass,,official_pass
dev-probe-luna-low-20261002-approach-rails-aj-enqueue-after-commit-r4-r69-studio,kh-gpt__gpt-6-luna__low__default__rails-aj-enqueue-after-commit__r4-approach-r69-studio,approach,rails-aj-enqueue-after-commit,4,PASS,yes,official_pass,gpt-6-luna,xhigh (requested max; kh clamp),no,pass,pass,official_pass
dev-probe-luna-low-20261002-approach-rails-ar-archive-book-access-r1-r69-studio,kh-gpt__gpt-6-luna__low__default__rails-ar-archive-book-access__r1-approach-r69-studio,approach,rails-ar-archive-book-access,1,PASS,yes,official_pass,gpt-6-luna,xhigh (requested max; kh clamp),yes,pass,pass,official_pass
dev-probe-luna-low-20261002-approach-rails-ar-archive-book-access-r2-r69-studio,kh-gpt__gpt-6-luna__low__default__rails-ar-archive-book-access__r2-approach-r69-studio,approach,rails-ar-archive-book-access,2,PASS,yes,official_pass,gpt-6-luna,xhigh (requested max; kh clamp),yes,pass,,official_pass
dev-probe-luna-low-20261002-approach-rails-ar-archive-book-access-r3-r69-studio,kh-gpt__gpt-6-luna__low__default__rails-ar-archive-book-access__r3-approach-r69-studio,approach,rails-ar-archive-book-access,3,PASS,yes,official_pass,gpt-6-luna,xhigh (requested max; kh clamp),yes,pass,,official_pass
dev-probe-luna-low-20261002-approach-rails-ar-archive-book-access-r4-r69-studio,kh-gpt__gpt-6-luna__low__default__rails-ar-archive-book-access__r4-approach-r69-studio,approach,rails-ar-archive-book-access,4,PASS,yes,official_pass,gpt-6-luna,xhigh (requested max; kh clamp),no,pass,pass,official_pass
dev-probe-luna-low-20261002-approach-rails-ar-bulk-access-grants-r1-r69-studio,kh-gpt__gpt-6-luna__low__default__rails-ar-bulk-access-grants__r1-approach-r69-studio,approach,rails-ar-bulk-access-grants,1,FAIL,yes,official_fail,gpt-6-luna,xhigh (requested max; kh clamp),yes,fail,,official_fail
dev-probe-luna-low-20261002-approach-rails-ar-bulk-access-grants-r2-r69-studio,kh-gpt__gpt-6-luna__low__default__rails-ar-bulk-access-grants__r2-approach-r69-studio,approach,rails-ar-bulk-access-grants,2,FAIL,yes,official_fail,gpt-6-luna,xhigh (requested max; kh clamp),yes,fail,,official_fail
dev-probe-luna-low-20261002-approach-rails-ar-bulk-access-grants-r3-r69-studio,kh-gpt__gpt-6-luna__low__default__rails-ar-bulk-access-grants__r3-approach-r69-studio,approach,rails-ar-bulk-access-grants,3,FAIL,yes,official_fail,gpt-6-luna,xhigh (requested max; kh clamp),yes,fail,,official_fail
dev-probe-luna-low-20261002-approach-rails-ar-bulk-access-grants-r4-r69-studio,kh-gpt__gpt-6-luna__low__default__rails-ar-bulk-access-grants__r4-approach-r69-studio,approach,rails-ar-bulk-access-grants,4,FAIL,yes,official_fail,gpt-6-luna,xhigh (requested max; kh clamp),no,fail,fail,official_fail
dev-probe-luna-low-20261002-approach-rails-as-variant-processed-once-r1-r69-studio,kh-gpt__gpt-6-luna__low__default__rails-as-variant-processed-once__r1-approach-r69-studio,approach,rails-as-variant-processed-once,1,PASS,yes,official_pass,gpt-6-luna,xhigh (requested max; kh clamp),yes,pass,,official_pass
dev-probe-luna-low-20261002-approach-rails-as-variant-processed-once-r2-r69-studio,kh-gpt__gpt-6-luna__low__default__rails-as-variant-processed-once__r2-approach-r69-studio,approach,rails-as-variant-processed-once,2,PASS,yes,official_pass,gpt-6-luna,xhigh (requested max; kh clamp),yes,pass,,official_pass
dev-probe-luna-low-20261002-approach-rails-as-variant-processed-once-r3-r69-studio,kh-gpt__gpt-6-luna__low__default__rails-as-variant-processed-once__r3-approach-r69-studio,approach,rails-as-variant-processed-once,3,PASS,yes,official_pass,gpt-6-luna,xhigh (requested max; kh clamp),yes,pass,,official_pass
dev-probe-luna-low-20261002-approach-rails-as-variant-processed-once-r4-r69-studio,kh-gpt__gpt-6-luna__low__default__rails-as-variant-processed-once__r4-approach-r69-studio,approach,rails-as-variant-processed-once,4,PASS,yes,official_pass,gpt-6-luna,xhigh (requested max; kh clamp),no,pass,pass,official_pass
dev-probe-luna-low-20261002-approach-rails-ft-active-storage-tracking-r1-r69-studio,,approach,rails-ft-active-storage-tracking,1,FAIL,yes,ITT_fail_64_turn_limit,gpt-6-luna,xhigh (requested max; kh clamp),yes,,,ITT_fail_64_turn_limit
dev-probe-luna-low-20261002-approach-rails-ft-active-storage-tracking-r2-r69-studio,,approach,rails-ft-active-storage-tracking,2,FAIL,yes,ITT_fail_64_turn_limit,gpt-6-luna,xhigh (requested max; kh clamp),yes,,,ITT_fail_64_turn_limit
dev-probe-luna-low-20261002-approach-rails-ft-active-storage-tracking-r3-r69-studio,,approach,rails-ft-active-storage-tracking,3,FAIL,yes,ITT_fail_64_turn_limit,gpt-6-luna,xhigh (requested max; kh clamp),yes,,,ITT_fail_64_turn_limit
dev-probe-luna-low-20261002-approach-rails-ft-active-storage-tracking-r4-r69-studio,,approach,rails-ft-active-storage-tracking,4,FAIL,yes,ITT_fail_64_turn_limit,gpt-6-luna,xhigh (requested max; kh clamp),no,,,ITT_fail_64_turn_limit
dev-probe-luna-low-20261002-approach-rails-ft-activity-feed-api-r1-r69-studio,kh-gpt__gpt-6-luna__low__default__rails-ft-activity-feed-api__r1-approach-r69-studio,approach,rails-ft-activity-feed-api,1,FAIL,yes,official_fail,gpt-6-luna,xhigh (requested max; kh clamp),yes,fail,,official_fail
dev-probe-luna-low-20261002-approach-rails-ft-activity-feed-api-r2-r69-studio,kh-gpt__gpt-6-luna__low__default__rails-ft-activity-feed-api__r2-approach-r69-studio,approach,rails-ft-activity-feed-api,2,FAIL,yes,official_fail,gpt-6-luna,xhigh (requested max; kh clamp),yes,fail,,official_fail
dev-probe-luna-low-20261002-approach-rails-ft-activity-feed-api-r3-r69-studio,kh-gpt__gpt-6-luna__low__default__rails-ft-activity-feed-api__r3-approach-r69-studio,approach,rails-ft-activity-feed-api,3,FAIL,yes,official_fail,gpt-6-luna,xhigh (requested max; kh clamp),yes,fail,,official_fail
dev-probe-luna-low-20261002-approach-rails-ft-activity-feed-api-r4-r69-studio,kh-gpt__gpt-6-luna__low__default__rails-ft-activity-feed-api__r4-approach-r69-studio,approach,rails-ft-activity-feed-api,4,FAIL,yes,official_fail,gpt-6-luna,xhigh (requested max; kh clamp),no,fail,fail,official_fail
dev-probe-luna-low-20261002-approach-rails-ft-board-publish-unpublish-public-boundary-r1-r69-studio,kh-gpt__gpt-6-luna__low__default__rails-ft-board-publish-unpublish-public-boundary__r1-approach-r69-studio,approach,rails-ft-board-publish-unpublish-public-boundary,1,PASS,yes,official_pass,gpt-6-luna,xhigh (requested max; kh clamp),yes,pass,,official_pass
dev-probe-luna-low-20261002-approach-rails-ft-board-publish-unpublish-public-boundary-r2-r69-studio,,approach,rails-ft-board-publish-unpublish-public-boundary,2,FAIL,yes,ITT_fail_64_turn_limit,gpt-6-luna,xhigh (requested max; kh clamp),yes,,,ITT_fail_64_turn_limit
dev-probe-luna-low-20261002-approach-rails-ft-board-publish-unpublish-public-boundary-r3-r69-studio,,approach,rails-ft-board-publish-unpublish-public-boundary,3,FAIL,yes,ITT_fail_64_turn_limit,gpt-6-luna,xhigh (requested max; kh clamp),yes,,,ITT_fail_64_turn_limit
dev-probe-luna-low-20261002-approach-rails-ft-board-publish-unpublish-public-boundary-r4-r69-studio,kh-gpt__gpt-6-luna__low__default__rails-ft-board-publish-unpublish-public-boundary__r4-approach-r69-studio,approach,rails-ft-board-publish-unpublish-public-boundary,4,PASS,yes,official_pass,gpt-6-luna,xhigh (requested max; kh clamp),no,pass,pass,official_pass
dev-probe-luna-low-20261002-approach-rails-ft-cancelled-account-cleanup-r1-r69-studio,kh-gpt__gpt-6-luna__low__default__rails-ft-cancelled-account-cleanup__r1-approach-r69-studio,approach,rails-ft-cancelled-account-cleanup,1,PASS,yes,official_pass,gpt-6-luna,xhigh (requested max; kh clamp),yes,pass,,official_pass
dev-probe-luna-low-20261002-approach-rails-ft-cancelled-account-cleanup-r2-r69-studio,kh-gpt__gpt-6-luna__low__default__rails-ft-cancelled-account-cleanup__r2-approach-r69-studio,approach,rails-ft-cancelled-account-cleanup,2,FAIL,yes,official_fail,gpt-6-luna,xhigh (requested max; kh clamp),yes,fail,,official_fail
dev-probe-luna-low-20261002-approach-rails-ft-cancelled-account-cleanup-r3-r69-studio,kh-gpt__gpt-6-luna__low__default__rails-ft-cancelled-account-cleanup__r3-approach-r69-studio,approach,rails-ft-cancelled-account-cleanup,3,PASS,yes,official_pass,gpt-6-luna,xhigh (requested max; kh clamp),yes,pass,,official_pass
dev-probe-luna-low-20261002-approach-rails-ft-cancelled-account-cleanup-r4-r69-studio,kh-gpt__gpt-6-luna__low__default__rails-ft-cancelled-account-cleanup__r4-approach-r69-studio,approach,rails-ft-cancelled-account-cleanup,4,PASS,yes,official_pass,gpt-6-luna,xhigh (requested max; kh clamp),no,pass,pass,official_pass
dev-probe-luna-low-20261002-approach-rails-ft-entropy-sweep-r1-r69-studio,kh-gpt__gpt-6-luna__low__default__rails-ft-entropy-sweep__r1-approach-r69-studio,approach,rails-ft-entropy-sweep,1,PASS,yes,official_pass,gpt-6-luna,xhigh (requested max; kh clamp),yes,pass,,official_pass
dev-probe-luna-low-20261002-approach-rails-ft-entropy-sweep-r2-r69-studio,kh-gpt__gpt-6-luna__low__default__rails-ft-entropy-sweep__r2-approach-r69-studio,approach,rails-ft-entropy-sweep,2,PASS,yes,official_pass,gpt-6-luna,xhigh (requested max; kh clamp),yes,pass,,official_pass
dev-probe-luna-low-20261002-approach-rails-ft-entropy-sweep-r3-r69-studio,,approach,rails-ft-entropy-sweep,3,FAIL,yes,ITT_fail_64_turn_limit,gpt-6-luna,xhigh (requested max; kh clamp),yes,,,ITT_fail_64_turn_limit
dev-probe-luna-low-20261002-approach-rails-ft-entropy-sweep-r4-r69-studio,kh-gpt__gpt-6-luna__low__default__rails-ft-entropy-sweep__r4-approach-r69-studio,approach,rails-ft-entropy-sweep,4,PASS,yes,official_pass,gpt-6-luna,xhigh (requested max; kh clamp),no,pass,pass,official_pass
dev-probe-luna-low-20261002-approach-rails-ft-i18n-support-r1-r69-studio,,approach,rails-ft-i18n-support,1,FAIL,yes,ITT_fail_64_turn_limit,gpt-6-luna,xhigh (requested max; kh clamp),yes,,,ITT_fail_64_turn_limit
dev-probe-luna-low-20261002-approach-rails-ft-i18n-support-r2-r69-studio,,approach,rails-ft-i18n-support,2,FAIL,yes,ITT_fail_64_turn_limit,gpt-6-luna,xhigh (requested max; kh clamp),yes,,,ITT_fail_64_turn_limit
dev-probe-luna-low-20261002-approach-rails-ft-i18n-support-r3-r69-studio,,approach,rails-ft-i18n-support,3,FAIL,yes,ITT_fail_64_turn_limit,gpt-6-luna,xhigh (requested max; kh clamp),yes,,,ITT_fail_64_turn_limit
dev-probe-luna-low-20261002-approach-rails-ft-i18n-support-r4-r69-studio,,approach,rails-ft-i18n-support,4,FAIL,yes,ITT_fail_64_turn_limit,gpt-6-luna,xhigh (requested max; kh clamp),no,,,ITT_fail_64_turn_limit
dev-probe-luna-low-20261002-approach-rails-ft-mysql-fulltext-search-foundation-r1-r69-studio,,approach,rails-ft-mysql-fulltext-search-foundation,1,FAIL,yes,ITT_fail_64_turn_limit,gpt-6-luna,xhigh (requested max; kh clamp),yes,,,ITT_fail_64_turn_limit
dev-probe-luna-low-20261002-approach-rails-ft-mysql-fulltext-search-foundation-r2-r69-studio,,approach,rails-ft-mysql-fulltext-search-foundation,2,FAIL,yes,ITT_fail_64_turn_limit,gpt-6-luna,xhigh (requested max; kh clamp),yes,,,ITT_fail_64_turn_limit
dev-probe-luna-low-20261002-approach-rails-ft-mysql-fulltext-search-foundation-r3-r69-studio,,approach,rails-ft-mysql-fulltext-search-foundation,3,FAIL,yes,ITT_fail_64_turn_limit,gpt-6-luna,xhigh (requested max; kh clamp),yes,,,ITT_fail_64_turn_limit
dev-probe-luna-low-20261002-approach-rails-ft-mysql-fulltext-search-foundation-r4-r69-studio,,approach,rails-ft-mysql-fulltext-search-foundation,4,FAIL,yes,ITT_fail_64_turn_limit,gpt-6-luna,xhigh (requested max; kh clamp),no,,,ITT_fail_64_turn_limit
dev-probe-luna-low-20261002-approach-rails-ft-notification-bundle-window-overlap-r1-r69-studio,kh-gpt__gpt-6-luna__low__default__rails-ft-notification-bundle-window-overlap__r1-approach-r69-studio,approach,rails-ft-notification-bundle-window-overlap,1,FAIL,yes,official_fail,gpt-6-luna,xhigh (requested max; kh clamp),yes,fail,,official_fail
dev-probe-luna-low-20261002-approach-rails-ft-notification-bundle-window-overlap-r2-r69-studio,kh-gpt__gpt-6-luna__low__default__rails-ft-notification-bundle-window-overlap__r2-approach-r69-studio,approach,rails-ft-notification-bundle-window-overlap,2,FAIL,yes,official_fail,gpt-6-luna,xhigh (requested max; kh clamp),yes,fail,,official_fail
dev-probe-luna-low-20261002-approach-rails-ft-notification-bundle-window-overlap-r3-r69-studio,kh-gpt__gpt-6-luna__low__default__rails-ft-notification-bundle-window-overlap__r3-approach-r69-studio,approach,rails-ft-notification-bundle-window-overlap,3,FAIL,yes,official_fail,gpt-6-luna,xhigh (requested max; kh clamp),yes,fail,,official_fail
dev-probe-luna-low-20261002-approach-rails-ft-notification-bundle-window-overlap-r4-r69-studio,kh-gpt__gpt-6-luna__low__default__rails-ft-notification-bundle-window-overlap__r4-approach-r69-studio,approach,rails-ft-notification-bundle-window-overlap,4,FAIL,yes,official_fail,gpt-6-luna,xhigh (requested max; kh clamp),no,fail,fail,official_fail
dev-probe-luna-low-20261002-approach-rails-ft-saas-billing-r1-r69-studio,,approach,rails-ft-saas-billing,1,FAIL,yes,ITT_fail_64_turn_limit,gpt-6-luna,xhigh (requested max; kh clamp),yes,,,ITT_fail_64_turn_limit
dev-probe-luna-low-20261002-approach-rails-ft-saas-billing-r2-r69-studio,,approach,rails-ft-saas-billing,2,FAIL,yes,ITT_fail_64_turn_limit,gpt-6-luna,xhigh (requested max; kh clamp),yes,,,ITT_fail_64_turn_limit
dev-probe-luna-low-20261002-approach-rails-ft-saas-billing-r3-r69-studio,,approach,rails-ft-saas-billing,3,FAIL,yes,ITT_fail_64_turn_limit,gpt-6-luna,xhigh (requested max; kh clamp),yes,,,ITT_fail_64_turn_limit
dev-probe-luna-low-20261002-approach-rails-ft-saas-billing-r4-r69-studio,,approach,rails-ft-saas-billing,4,FAIL,yes,ITT_fail_64_turn_limit,gpt-6-luna,xhigh (requested max; kh clamp),no,,,ITT_fail_64_turn_limit
dev-probe-luna-low-20261002-approach-rails-hw-scoped-broadcast-r1-r69-studio,kh-gpt__gpt-6-luna__low__default__rails-hw-scoped-broadcast__r1-approach-r69-studio,approach,rails-hw-scoped-broadcast,1,PASS,yes,official_pass,gpt-6-luna,xhigh (requested max; kh clamp),yes,pass,,official_pass
dev-probe-luna-low-20261002-approach-rails-hw-scoped-broadcast-r2-r69-studio,kh-gpt__gpt-6-luna__low__default__rails-hw-scoped-broadcast__r2-approach-r69-studio,approach,rails-hw-scoped-broadcast,2,PASS,yes,official_pass,gpt-6-luna,xhigh (requested max; kh clamp),yes,pass,,official_pass
dev-probe-luna-low-20261002-approach-rails-hw-scoped-broadcast-r3-r69-studio,kh-gpt__gpt-6-luna__low__default__rails-hw-scoped-broadcast__r3-approach-r69-studio,approach,rails-hw-scoped-broadcast,3,PASS,yes,official_pass,gpt-6-luna,xhigh (requested max; kh clamp),yes,pass,,official_pass
dev-probe-luna-low-20261002-approach-rails-hw-scoped-broadcast-r4-r69-studio,kh-gpt__gpt-6-luna__low__default__rails-hw-scoped-broadcast__r4-approach-r69-studio,approach,rails-hw-scoped-broadcast,4,PASS,yes,official_pass,gpt-6-luna,xhigh (requested max; kh clamp),no,pass,pass,official_pass
dev-probe-luna-low-20261002-approach-rails-sec-audit-sweep-r1-r69-studio,kh-gpt__gpt-6-luna__low__default__rails-sec-audit-sweep__r1-approach-r69-studio,approach,rails-sec-audit-sweep,1,PASS,yes,official_pass,gpt-6-luna,xhigh (requested max; kh clamp),yes,pass,,official_pass
dev-probe-luna-low-20261002-approach-rails-sec-audit-sweep-r2-r69-studio,kh-gpt__gpt-6-luna__low__default__rails-sec-audit-sweep__r2-approach-r69-studio,approach,rails-sec-audit-sweep,2,PASS,yes,official_pass,gpt-6-luna,xhigh (requested max; kh clamp),yes,pass,,official_pass
dev-probe-luna-low-20261002-approach-rails-sec-audit-sweep-r3-r69-studio,kh-gpt__gpt-6-luna__low__default__rails-sec-audit-sweep__r3-approach-r69-studio,approach,rails-sec-audit-sweep,3,PASS,yes,official_pass,gpt-6-luna,xhigh (requested max; kh clamp),yes,pass,,official_pass
dev-probe-luna-low-20261002-approach-rails-sec-audit-sweep-r4-r69-studio,kh-gpt__gpt-6-luna__low__default__rails-sec-audit-sweep__r4-approach-r69-studio,approach,rails-sec-audit-sweep,4,PASS,yes,official_pass,gpt-6-luna,xhigh (requested max; kh clamp),no,pass,pass,official_pass
dev-probe-luna-low-20261002-approach-rails-sup-legacy-conversions-r1-r69-studio,kh-gpt__gpt-6-luna__low__default__rails-sup-legacy-conversions__r1-approach-r69-studio,approach,rails-sup-legacy-conversions,1,PASS,yes,official_pass,gpt-6-luna,xhigh (requested max; kh clamp),yes,pass,,official_pass
dev-probe-luna-low-20261002-approach-rails-sup-legacy-conversions-r2-r69-studio,kh-gpt__gpt-6-luna__low__default__rails-sup-legacy-conversions__r2-approach-r69-studio,approach,rails-sup-legacy-conversions,2,PASS,yes,official_pass,gpt-6-luna,xhigh (requested max; kh clamp),yes,pass,,official_pass
dev-probe-luna-low-20261002-approach-rails-sup-legacy-conversions-r3-r69-studio,kh-gpt__gpt-6-luna__low__default__rails-sup-legacy-conversions__r3-approach-r69-studio,approach,rails-sup-legacy-conversions,3,PASS,yes,official_pass,gpt-6-luna,xhigh (requested max; kh clamp),yes,pass,,official_pass
dev-probe-luna-low-20261002-approach-rails-sup-legacy-conversions-r4-r69-studio,kh-gpt__gpt-6-luna__low__default__rails-sup-legacy-conversions__r4-approach-r69-studio,approach,rails-sup-legacy-conversions,4,PASS,yes,official_pass,gpt-6-luna,xhigh (requested max; kh clamp),no,pass,pass,official_pass
dev-probe-luna-low-20261002-approach-syn-01-live-ticket-filters-r1-r69-studio,kh-gpt__gpt-6-luna__low__default__syn-01-live-ticket-filters__r1-approach-r69-studio,approach,syn-01-live-ticket-filters,1,PASS,yes,official_pass,gpt-6-luna,xhigh (requested max; kh clamp),yes,pass,pass,official_pass
dev-probe-luna-low-20261002-approach-syn-01-live-ticket-filters-r2-r69-studio,kh-gpt__gpt-6-luna__low__default__syn-01-live-ticket-filters__r2-approach-r69-studio,approach,syn-01-live-ticket-filters,2,PASS,yes,official_pass,gpt-6-luna,xhigh (requested max; kh clamp),yes,pass,,official_pass
dev-probe-luna-low-20261002-approach-syn-01-live-ticket-filters-r3-r69-studio,kh-gpt__gpt-6-luna__low__default__syn-01-live-ticket-filters__r3-approach-r69-studio,approach,syn-01-live-ticket-filters,3,PASS,yes,official_pass,gpt-6-luna,xhigh (requested max; kh clamp),yes,pass,,official_pass
dev-probe-luna-low-20261002-approach-syn-01-live-ticket-filters-r4-r69-studio,kh-gpt__gpt-6-luna__low__default__syn-01-live-ticket-filters__r4-approach-r69-studio,approach,syn-01-live-ticket-filters,4,PASS,yes,official_pass,gpt-6-luna,xhigh (requested max; kh clamp),yes,pass,,official_pass
dev-probe-luna-low-20261002-approach-syn-06-migration-ticket-numbers-r1-r69-studio,kh-gpt__gpt-6-luna__low__default__syn-06-migration-ticket-numbers__r1-approach-r69-studio,approach,syn-06-migration-ticket-numbers,1,PASS,yes,official_pass,gpt-6-luna,xhigh (requested max; kh clamp),yes,pass,pass,official_pass
dev-probe-luna-low-20261002-approach-syn-06-migration-ticket-numbers-r2-r69-studio,kh-gpt__gpt-6-luna__low__default__syn-06-migration-ticket-numbers__r2-approach-r69-studio,approach,syn-06-migration-ticket-numbers,2,PASS,yes,official_pass,gpt-6-luna,xhigh (requested max; kh clamp),yes,pass,,official_pass
dev-probe-luna-low-20261002-approach-syn-06-migration-ticket-numbers-r3-r69-studio,kh-gpt__gpt-6-luna__low__default__syn-06-migration-ticket-numbers__r3-approach-r69-studio,approach,syn-06-migration-ticket-numbers,3,PASS,yes,official_pass,gpt-6-luna,xhigh (requested max; kh clamp),yes,pass,,official_pass
dev-probe-luna-low-20261002-approach-syn-06-migration-ticket-numbers-r4-r69-studio,kh-gpt__gpt-6-luna__low__default__syn-06-migration-ticket-numbers__r4-approach-r69-studio,approach,syn-06-migration-ticket-numbers,4,PASS,yes,official_pass,gpt-6-luna,xhigh (requested max; kh clamp),yes,pass,,official_pass
dev-probe-luna-low-20261002-approach-syn-15-validation-ticket-form-r1-r69-studio,kh-gpt__gpt-6-luna__low__default__syn-15-validation-ticket-form__r1-approach-r69-studio,approach,syn-15-validation-ticket-form,1,PASS,yes,official_pass,gpt-6-luna,xhigh (requested max; kh clamp),yes,pass,pass,official_pass
dev-probe-luna-low-20261002-approach-syn-15-validation-ticket-form-r2-r69-studio,kh-gpt__gpt-6-luna__low__default__syn-15-validation-ticket-form__r2-approach-r69-studio,approach,syn-15-validation-ticket-form,2,PASS,yes,official_pass,gpt-6-luna,xhigh (requested max; kh clamp),yes,pass,,official_pass
dev-probe-luna-low-20261002-approach-syn-15-validation-ticket-form-r3-r69-studio,kh-gpt__gpt-6-luna__low__default__syn-15-validation-ticket-form__r3-approach-r69-studio,approach,syn-15-validation-ticket-form,3,PASS,yes,official_pass,gpt-6-luna,xhigh (requested max; kh clamp),yes,pass,,official_pass
dev-probe-luna-low-20261002-approach-syn-15-validation-ticket-form-r4-r69-studio,kh-gpt__gpt-6-luna__low__default__syn-15-validation-ticket-form__r4-approach-r69-studio,approach,syn-15-validation-ticket-form,4,PASS,yes,official_pass,gpt-6-luna,xhigh (requested max; kh clamp),yes,pass,,official_pass
dev-probe-luna-low-20261002-approach-syn-20-email-invite-flow-r1-r69-studio,kh-gpt__gpt-6-luna__low__default__syn-20-email-invite-flow__r1-approach-r69-studio,approach,syn-20-email-invite-flow,1,PASS,yes,official_pass,gpt-6-luna,xhigh (requested max; kh clamp),yes,pass,pass,official_pass
dev-probe-luna-low-20261002-approach-syn-20-email-invite-flow-r2-r69-studio,kh-gpt__gpt-6-luna__low__default__syn-20-email-invite-flow__r2-approach-r69-studio,approach,syn-20-email-invite-flow,2,PASS,yes,official_pass,gpt-6-luna,xhigh (requested max; kh clamp),yes,pass,,official_pass
dev-probe-luna-low-20261002-approach-syn-20-email-invite-flow-r3-r69-studio,kh-gpt__gpt-6-luna__low__default__syn-20-email-invite-flow__r3-approach-r69-studio,approach,syn-20-email-invite-flow,3,PASS,yes,official_pass,gpt-6-luna,xhigh (requested max; kh clamp),yes,pass,,official_pass
dev-probe-luna-low-20261002-approach-syn-20-email-invite-flow-r4-r69-studio,kh-gpt__gpt-6-luna__low__default__syn-20-email-invite-flow__r4-approach-r69-studio,approach,syn-20-email-invite-flow,4,PASS,yes,official_pass,gpt-6-luna,xhigh (requested max; kh clamp),yes,pass,,official_pass
dev-probe-luna-low-20261002-approach-syn-24-csv-import-r1-r69-studio,kh-gpt__gpt-6-luna__low__default__syn-24-csv-import__r1-approach-r69-studio,approach,syn-24-csv-import,1,PASS,yes,official_pass,gpt-6-luna,xhigh (requested max; kh clamp),yes,pass,pass,official_pass
dev-probe-luna-low-20261002-approach-syn-24-csv-import-r2-r69-studio,kh-gpt__gpt-6-luna__low__default__syn-24-csv-import__r2-approach-r69-studio,approach,syn-24-csv-import,2,PASS,yes,official_pass,gpt-6-luna,xhigh (requested max; kh clamp),yes,pass,,official_pass
dev-probe-luna-low-20261002-approach-syn-24-csv-import-r3-r69-studio,kh-gpt__gpt-6-luna__low__default__syn-24-csv-import__r3-approach-r69-studio,approach,syn-24-csv-import,3,PASS,yes,official_pass,gpt-6-luna,xhigh (requested max; kh clamp),yes,pass,,official_pass
dev-probe-luna-low-20261002-approach-syn-24-csv-import-r4-r69-studio,kh-gpt__gpt-6-luna__low__default__syn-24-csv-import__r4-approach-r69-studio,approach,syn-24-csv-import,4,PASS,yes,official_pass,gpt-6-luna,xhigh (requested max; kh clamp),yes,pass,,official_pass
dev-probe-luna-low-20261002-approach-syn-31-inbound-email-webhook-r1-r69-studio,kh-gpt__gpt-6-luna__low__default__syn-31-inbound-email-webhook__r1-approach-r69-studio,approach,syn-31-inbound-email-webhook,1,PASS,yes,official_pass,gpt-6-luna,xhigh (requested max; kh clamp),yes,pass,pass,official_pass
dev-probe-luna-low-20261002-approach-syn-31-inbound-email-webhook-r2-r69-studio,kh-gpt__gpt-6-luna__low__default__syn-31-inbound-email-webhook__r2-approach-r69-studio,approach,syn-31-inbound-email-webhook,2,PASS,yes,official_pass,gpt-6-luna,xhigh (requested max; kh clamp),yes,pass,,official_pass
dev-probe-luna-low-20261002-approach-syn-31-inbound-email-webhook-r3-r69-studio,kh-gpt__gpt-6-luna__low__default__syn-31-inbound-email-webhook__r3-approach-r69-studio,approach,syn-31-inbound-email-webhook,3,PASS,yes,official_pass,gpt-6-luna,xhigh (requested max; kh clamp),yes,pass,,official_pass
dev-probe-luna-low-20261002-approach-syn-31-inbound-email-webhook-r4-r69-studio,,approach,syn-31-inbound-email-webhook,4,NOT-RUN,no,excluded_sandbox_no_replacement,NOT-RUN,NOT-RUN,no,,,excluded_sandbox_no_replacement
dev-probe-luna-low-20261002-none-elx-02-ingest-supervision-r1-r69-studio,kh-gpt__gpt-6-luna__low__default__elx-02-ingest-supervision__r1-none-r69-studio,none,elx-02-ingest-supervision,1,PASS,yes,official_pass,gpt-6-luna,xhigh (requested max; kh clamp),no,pass,pass,official_pass
dev-probe-luna-low-20261002-none-elx-02-ingest-supervision-r2-r69-studio,kh-gpt__gpt-6-luna__low__default__elx-02-ingest-supervision__r2-none-r69-studio,none,elx-02-ingest-supervision,2,PASS,yes,official_pass,gpt-6-luna,xhigh (requested max; kh clamp),no,pass,pass,official_pass
dev-probe-luna-low-20261002-none-elx-02-ingest-supervision-r3-r69-studio,kh-gpt__gpt-6-luna__low__default__elx-02-ingest-supervision__r3-none-r69-studio,none,elx-02-ingest-supervision,3,PASS,yes,official_pass,gpt-6-luna,xhigh (requested max; kh clamp),no,pass,pass,official_pass
dev-probe-luna-low-20261002-none-elx-02-ingest-supervision-r4-r69-studio,kh-gpt__gpt-6-luna__low__default__elx-02-ingest-supervision__r4-none-r69-studio,none,elx-02-ingest-supervision,4,PASS,yes,official_pass,gpt-6-luna,xhigh (requested max; kh clamp),no,pass,pass,official_pass
dev-probe-luna-low-20261002-none-elx-04-queue-backpressure-r1-r69-studio,kh-gpt__gpt-6-luna__low__default__elx-04-queue-backpressure__r1-none-r69-studio,none,elx-04-queue-backpressure,1,PASS,yes,official_pass,gpt-6-luna,xhigh (requested max; kh clamp),no,pass,pass,official_pass
dev-probe-luna-low-20261002-none-elx-04-queue-backpressure-r2-r69-studio,,none,elx-04-queue-backpressure,2,FAIL,yes,ITT_fail_provider_overload,gpt-6-luna,xhigh (requested max; kh clamp),no,,,ITT_fail_provider_overload
dev-probe-luna-low-20261002-none-elx-04-queue-backpressure-r3-r69-studio,kh-gpt__gpt-6-luna__low__default__elx-04-queue-backpressure__r3-none-r69-studio,none,elx-04-queue-backpressure,3,PASS,yes,official_pass,gpt-6-luna,xhigh (requested max; kh clamp),no,pass,pass,official_pass
dev-probe-luna-low-20261002-none-elx-04-queue-backpressure-r4-r69-studio,kh-gpt__gpt-6-luna__low__default__elx-04-queue-backpressure__r4-none-r69-studio,none,elx-04-queue-backpressure,4,PASS,yes,official_pass,gpt-6-luna,xhigh (requested max; kh clamp),no,pass,pass,official_pass
dev-probe-luna-low-20261002-none-rails-ac-throttle-search-r1-r69-studio,kh-gpt__gpt-6-luna__low__default__rails-ac-throttle-search__r1-none-r69-studio,none,rails-ac-throttle-search,1,PASS,yes,official_pass,gpt-6-luna,xhigh (requested max; kh clamp),no,pass,pass,official_pass
dev-probe-luna-low-20261002-none-rails-ac-throttle-search-r2-r69-studio,kh-gpt__gpt-6-luna__low__default__rails-ac-throttle-search__r2-none-r69-studio,none,rails-ac-throttle-search,2,PASS,yes,official_pass,gpt-6-luna,xhigh (requested max; kh clamp),no,pass,pass,official_pass
dev-probe-luna-low-20261002-none-rails-ac-throttle-search-r3-r69-studio,kh-gpt__gpt-6-luna__low__default__rails-ac-throttle-search__r3-none-r69-studio,none,rails-ac-throttle-search,3,PASS,yes,official_pass,gpt-6-luna,xhigh (requested max; kh clamp),no,pass,pass,official_pass
dev-probe-luna-low-20261002-none-rails-ac-throttle-search-r4-r69-studio,kh-gpt__gpt-6-luna__low__default__rails-ac-throttle-search__r4-none-r69-studio,none,rails-ac-throttle-search,4,PASS,yes,official_pass,gpt-6-luna,xhigh (requested max; kh clamp),no,pass,pass,official_pass
dev-probe-luna-low-20261002-none-rails-aj-enqueue-after-commit-r1-r69-studio,kh-gpt__gpt-6-luna__low__default__rails-aj-enqueue-after-commit__r1-none-r69-studio,none,rails-aj-enqueue-after-commit,1,PASS,yes,official_pass,gpt-6-luna,xhigh (requested max; kh clamp),no,pass,pass,official_pass
dev-probe-luna-low-20261002-none-rails-aj-enqueue-after-commit-r2-r69-studio,kh-gpt__gpt-6-luna__low__default__rails-aj-enqueue-after-commit__r2-none-r69-studio,none,rails-aj-enqueue-after-commit,2,PASS,yes,official_pass,gpt-6-luna,xhigh (requested max; kh clamp),no,pass,pass,official_pass
dev-probe-luna-low-20261002-none-rails-aj-enqueue-after-commit-r3-r69-studio,kh-gpt__gpt-6-luna__low__default__rails-aj-enqueue-after-commit__r3-none-r69-studio,none,rails-aj-enqueue-after-commit,3,PASS,yes,official_pass,gpt-6-luna,xhigh (requested max; kh clamp),no,pass,pass,official_pass
dev-probe-luna-low-20261002-none-rails-aj-enqueue-after-commit-r4-r69-studio,kh-gpt__gpt-6-luna__low__default__rails-aj-enqueue-after-commit__r4-none-r69-studio,none,rails-aj-enqueue-after-commit,4,PASS,yes,official_pass,gpt-6-luna,xhigh (requested max; kh clamp),no,pass,pass,official_pass
dev-probe-luna-low-20261002-none-rails-ar-archive-book-access-r1-r69-studio,kh-gpt__gpt-6-luna__low__default__rails-ar-archive-book-access__r1-none-r69-studio,none,rails-ar-archive-book-access,1,PASS,yes,official_pass,gpt-6-luna,xhigh (requested max; kh clamp),no,pass,pass,official_pass
dev-probe-luna-low-20261002-none-rails-ar-archive-book-access-r2-r69-studio,kh-gpt__gpt-6-luna__low__default__rails-ar-archive-book-access__r2-none-r69-studio,none,rails-ar-archive-book-access,2,PASS,yes,official_pass,gpt-6-luna,xhigh (requested max; kh clamp),no,pass,pass,official_pass
dev-probe-luna-low-20261002-none-rails-ar-archive-book-access-r3-r69-studio,kh-gpt__gpt-6-luna__low__default__rails-ar-archive-book-access__r3-none-r69-studio,none,rails-ar-archive-book-access,3,PASS,yes,official_pass,gpt-6-luna,xhigh (requested max; kh clamp),no,pass,pass,official_pass
dev-probe-luna-low-20261002-none-rails-ar-archive-book-access-r4-r69-studio,kh-gpt__gpt-6-luna__low__default__rails-ar-archive-book-access__r4-none-r69-studio,none,rails-ar-archive-book-access,4,PASS,yes,official_pass,gpt-6-luna,xhigh (requested max; kh clamp),no,pass,pass,official_pass
dev-probe-luna-low-20261002-none-rails-ar-bulk-access-grants-r1-r69-studio,kh-gpt__gpt-6-luna__low__default__rails-ar-bulk-access-grants__r1-none-r69-studio,none,rails-ar-bulk-access-grants,1,PASS,yes,official_pass,gpt-6-luna,xhigh (requested max; kh clamp),no,pass,pass,official_pass
dev-probe-luna-low-20261002-none-rails-ar-bulk-access-grants-r2-r69-studio,kh-gpt__gpt-6-luna__low__default__rails-ar-bulk-access-grants__r2-none-r69-studio,none,rails-ar-bulk-access-grants,2,PASS,yes,official_pass,gpt-6-luna,xhigh (requested max; kh clamp),no,pass,pass,official_pass
dev-probe-luna-low-20261002-none-rails-ar-bulk-access-grants-r3-r69-studio,kh-gpt__gpt-6-luna__low__default__rails-ar-bulk-access-grants__r3-none-r69-studio,none,rails-ar-bulk-access-grants,3,PASS,yes,official_pass,gpt-6-luna,xhigh (requested max; kh clamp),no,pass,pass,official_pass
dev-probe-luna-low-20261002-none-rails-ar-bulk-access-grants-r4-r69-studio,kh-gpt__gpt-6-luna__low__default__rails-ar-bulk-access-grants__r4-none-r69-studio,none,rails-ar-bulk-access-grants,4,PASS,yes,official_pass,gpt-6-luna,xhigh (requested max; kh clamp),no,pass,pass,official_pass
dev-probe-luna-low-20261002-none-rails-as-variant-processed-once-r1-r69-studio,kh-gpt__gpt-6-luna__low__default__rails-as-variant-processed-once__r1-none-r69-studio,none,rails-as-variant-processed-once,1,FAIL,yes,official_fail,gpt-6-luna,xhigh (requested max; kh clamp),no,fail,fail,official_fail
dev-probe-luna-low-20261002-none-rails-as-variant-processed-once-r2-r69-studio,kh-gpt__gpt-6-luna__low__default__rails-as-variant-processed-once__r2-none-r69-studio,none,rails-as-variant-processed-once,2,PASS,yes,official_pass,gpt-6-luna,xhigh (requested max; kh clamp),no,pass,pass,official_pass
dev-probe-luna-low-20261002-none-rails-as-variant-processed-once-r3-r69-studio,kh-gpt__gpt-6-luna__low__default__rails-as-variant-processed-once__r3-none-r69-studio,none,rails-as-variant-processed-once,3,PASS,yes,official_pass,gpt-6-luna,xhigh (requested max; kh clamp),no,pass,pass,official_pass
dev-probe-luna-low-20261002-none-rails-as-variant-processed-once-r4-r69-studio,kh-gpt__gpt-6-luna__low__default__rails-as-variant-processed-once__r4-none-r69-studio,none,rails-as-variant-processed-once,4,FAIL,yes,official_fail,gpt-6-luna,xhigh (requested max; kh clamp),no,fail,fail,official_fail
dev-probe-luna-low-20261002-none-rails-ft-active-storage-tracking-r1-r69-studio,kh-gpt__gpt-6-luna__low__default__rails-ft-active-storage-tracking__r1-none-r69-studio,none,rails-ft-active-storage-tracking,1,FAIL,yes,official_fail,gpt-6-luna,xhigh (requested max; kh clamp),no,fail,fail,official_fail
dev-probe-luna-low-20261002-none-rails-ft-active-storage-tracking-r2-r69-studio,,none,rails-ft-active-storage-tracking,2,FAIL,yes,ITT_fail_64_turn_limit,gpt-6-luna,xhigh (requested max; kh clamp),no,,,ITT_fail_64_turn_limit
dev-probe-luna-low-20261002-none-rails-ft-active-storage-tracking-r3-r69-studio,,none,rails-ft-active-storage-tracking,3,FAIL,yes,ITT_fail_64_turn_limit,gpt-6-luna,xhigh (requested max; kh clamp),no,,,ITT_fail_64_turn_limit
dev-probe-luna-low-20261002-none-rails-ft-active-storage-tracking-r4-r69-studio,,none,rails-ft-active-storage-tracking,4,FAIL,yes,ITT_fail_runner_disappeared,gpt-6-luna,xhigh (requested max; kh clamp),no,,,ITT_fail_runner_disappeared
dev-probe-luna-low-20261002-none-rails-ft-activity-feed-api-r1-r69-studio,kh-gpt__gpt-6-luna__low__default__rails-ft-activity-feed-api__r1-none-r69-studio,none,rails-ft-activity-feed-api,1,FAIL,yes,official_fail,gpt-6-luna,xhigh (requested max; kh clamp),no,fail,fail,official_fail
dev-probe-luna-low-20261002-none-rails-ft-activity-feed-api-r2-r69-studio,kh-gpt__gpt-6-luna__low__default__rails-ft-activity-feed-api__r2-none-r69-studio,none,rails-ft-activity-feed-api,2,FAIL,yes,official_fail,gpt-6-luna,xhigh (requested max; kh clamp),no,fail,fail,official_fail
dev-probe-luna-low-20261002-none-rails-ft-activity-feed-api-r3-r69-studio,kh-gpt__gpt-6-luna__low__default__rails-ft-activity-feed-api__r3-none-r69-studio,none,rails-ft-activity-feed-api,3,FAIL,yes,official_fail,gpt-6-luna,xhigh (requested max; kh clamp),no,fail,fail,official_fail
dev-probe-luna-low-20261002-none-rails-ft-activity-feed-api-r4-r69-studio,kh-gpt__gpt-6-luna__low__default__rails-ft-activity-feed-api__r4-none-r69-studio,none,rails-ft-activity-feed-api,4,FAIL,yes,official_fail,gpt-6-luna,xhigh (requested max; kh clamp),no,fail,fail,official_fail
dev-probe-luna-low-20261002-none-rails-ft-board-publish-unpublish-public-boundary-r1-r69-studio,kh-gpt__gpt-6-luna__low__default__rails-ft-board-publish-unpublish-public-boundary__r1-none-r69-studio,none,rails-ft-board-publish-unpublish-public-boundary,1,FAIL,yes,official_fail,gpt-6-luna,xhigh (requested max; kh clamp),no,fail,fail,official_fail
dev-probe-luna-low-20261002-none-rails-ft-board-publish-unpublish-public-boundary-r2-r69-studio,kh-gpt__gpt-6-luna__low__default__rails-ft-board-publish-unpublish-public-boundary__r2-none-r69-studio,none,rails-ft-board-publish-unpublish-public-boundary,2,FAIL,yes,official_fail,gpt-6-luna,xhigh (requested max; kh clamp),no,fail,fail,official_fail
dev-probe-luna-low-20261002-none-rails-ft-board-publish-unpublish-public-boundary-r3-r69-studio,kh-gpt__gpt-6-luna__low__default__rails-ft-board-publish-unpublish-public-boundary__r3-none-r69-studio,none,rails-ft-board-publish-unpublish-public-boundary,3,FAIL,yes,official_fail,gpt-6-luna,xhigh (requested max; kh clamp),no,fail,fail,official_fail
dev-probe-luna-low-20261002-none-rails-ft-board-publish-unpublish-public-boundary-r4-r69-studio,kh-gpt__gpt-6-luna__low__default__rails-ft-board-publish-unpublish-public-boundary__r4-none-r69-studio,none,rails-ft-board-publish-unpublish-public-boundary,4,FAIL,yes,official_fail,gpt-6-luna,xhigh (requested max; kh clamp),no,fail,fail,official_fail
dev-probe-luna-low-20261002-none-rails-ft-cancelled-account-cleanup-r1-r69-studio,kh-gpt__gpt-6-luna__low__default__rails-ft-cancelled-account-cleanup__r1-none-r69-studio,none,rails-ft-cancelled-account-cleanup,1,FAIL,yes,official_fail,gpt-6-luna,xhigh (requested max; kh clamp),no,fail,fail,official_fail
dev-probe-luna-low-20261002-none-rails-ft-cancelled-account-cleanup-r2-r69-studio,kh-gpt__gpt-6-luna__low__default__rails-ft-cancelled-account-cleanup__r2-none-r69-studio,none,rails-ft-cancelled-account-cleanup,2,FAIL,yes,official_fail,gpt-6-luna,xhigh (requested max; kh clamp),no,fail,fail,official_fail
dev-probe-luna-low-20261002-none-rails-ft-cancelled-account-cleanup-r3-r69-studio,kh-gpt__gpt-6-luna__low__default__rails-ft-cancelled-account-cleanup__r3-none-r69-studio,none,rails-ft-cancelled-account-cleanup,3,FAIL,yes,official_fail,gpt-6-luna,xhigh (requested max; kh clamp),no,fail,fail,official_fail
dev-probe-luna-low-20261002-none-rails-ft-cancelled-account-cleanup-r4-r69-studio,kh-gpt__gpt-6-luna__low__default__rails-ft-cancelled-account-cleanup__r4-none-r69-studio,none,rails-ft-cancelled-account-cleanup,4,FAIL,yes,official_fail,gpt-6-luna,xhigh (requested max; kh clamp),no,fail,fail,official_fail
dev-probe-luna-low-20261002-none-rails-ft-entropy-sweep-r1-r69-studio,kh-gpt__gpt-6-luna__low__default__rails-ft-entropy-sweep__r1-none-r69-studio,none,rails-ft-entropy-sweep,1,PASS,yes,official_pass,gpt-6-luna,xhigh (requested max; kh clamp),no,pass,pass,official_pass
dev-probe-luna-low-20261002-none-rails-ft-entropy-sweep-r2-r69-studio,kh-gpt__gpt-6-luna__low__default__rails-ft-entropy-sweep__r2-none-r69-studio,none,rails-ft-entropy-sweep,2,FAIL,yes,official_fail,gpt-6-luna,xhigh (requested max; kh clamp),no,fail,fail,official_fail
dev-probe-luna-low-20261002-none-rails-ft-entropy-sweep-r3-r69-studio,kh-gpt__gpt-6-luna__low__default__rails-ft-entropy-sweep__r3-none-r69-studio,none,rails-ft-entropy-sweep,3,FAIL,yes,official_fail,gpt-6-luna,xhigh (requested max; kh clamp),no,fail,fail,official_fail
dev-probe-luna-low-20261002-none-rails-ft-entropy-sweep-r4-r69-studio,kh-gpt__gpt-6-luna__low__default__rails-ft-entropy-sweep__r4-none-r69-studio,none,rails-ft-entropy-sweep,4,FAIL,yes,official_fail,gpt-6-luna,xhigh (requested max; kh clamp),no,fail,fail,official_fail
dev-probe-luna-low-20261002-none-rails-ft-i18n-support-r1-r69-studio,,none,rails-ft-i18n-support,1,FAIL,yes,ITT_fail_64_turn_limit,gpt-6-luna,xhigh (requested max; kh clamp),no,,,ITT_fail_64_turn_limit
dev-probe-luna-low-20261002-none-rails-ft-i18n-support-r2-r69-studio,,none,rails-ft-i18n-support,2,FAIL,yes,ITT_fail_64_turn_limit,gpt-6-luna,xhigh (requested max; kh clamp),no,,,ITT_fail_64_turn_limit
dev-probe-luna-low-20261002-none-rails-ft-i18n-support-r3-r69-studio,,none,rails-ft-i18n-support,3,FAIL,yes,ITT_fail_64_turn_limit,gpt-6-luna,xhigh (requested max; kh clamp),no,,,ITT_fail_64_turn_limit
dev-probe-luna-low-20261002-none-rails-ft-i18n-support-r4-r69-studio,,none,rails-ft-i18n-support,4,FAIL,yes,ITT_fail_64_turn_limit,gpt-6-luna,xhigh (requested max; kh clamp),no,,,ITT_fail_64_turn_limit
dev-probe-luna-low-20261002-none-rails-ft-mysql-fulltext-search-foundation-r1-r69-studio,kh-gpt__gpt-6-luna__low__default__rails-ft-mysql-fulltext-search-foundation__r1-none-r69-studio,none,rails-ft-mysql-fulltext-search-foundation,1,FAIL,yes,official_fail,gpt-6-luna,xhigh (requested max; kh clamp),no,fail,fail,official_fail
dev-probe-luna-low-20261002-none-rails-ft-mysql-fulltext-search-foundation-r2-r69-studio,kh-gpt__gpt-6-luna__low__default__rails-ft-mysql-fulltext-search-foundation__r2-none-r69-studio,none,rails-ft-mysql-fulltext-search-foundation,2,FAIL,yes,official_fail,gpt-6-luna,xhigh (requested max; kh clamp),no,fail,fail,official_fail
dev-probe-luna-low-20261002-none-rails-ft-mysql-fulltext-search-foundation-r3-r69-studio,kh-gpt__gpt-6-luna__low__default__rails-ft-mysql-fulltext-search-foundation__r3-none-r69-studio,none,rails-ft-mysql-fulltext-search-foundation,3,FAIL,yes,official_fail,gpt-6-luna,xhigh (requested max; kh clamp),no,fail,fail,official_fail
dev-probe-luna-low-20261002-none-rails-ft-mysql-fulltext-search-foundation-r4-r69-studio,kh-gpt__gpt-6-luna__low__default__rails-ft-mysql-fulltext-search-foundation__r4-none-r69-studio,none,rails-ft-mysql-fulltext-search-foundation,4,FAIL,yes,official_fail,gpt-6-luna,xhigh (requested max; kh clamp),no,fail,fail,official_fail
dev-probe-luna-low-20261002-none-rails-ft-notification-bundle-window-overlap-r1-r69-studio,kh-gpt__gpt-6-luna__low__default__rails-ft-notification-bundle-window-overlap__r1-none-r69-studio,none,rails-ft-notification-bundle-window-overlap,1,FAIL,yes,official_fail,gpt-6-luna,xhigh (requested max; kh clamp),no,fail,fail,official_fail
dev-probe-luna-low-20261002-none-rails-ft-notification-bundle-window-overlap-r2-r69-studio,kh-gpt__gpt-6-luna__low__default__rails-ft-notification-bundle-window-overlap__r2-none-r69-studio,none,rails-ft-notification-bundle-window-overlap,2,FAIL,yes,official_fail,gpt-6-luna,xhigh (requested max; kh clamp),no,fail,fail,official_fail
dev-probe-luna-low-20261002-none-rails-ft-notification-bundle-window-overlap-r3-r69-studio,kh-gpt__gpt-6-luna__low__default__rails-ft-notification-bundle-window-overlap__r3-none-r69-studio,none,rails-ft-notification-bundle-window-overlap,3,FAIL,yes,official_fail,gpt-6-luna,xhigh (requested max; kh clamp),no,fail,fail,official_fail
dev-probe-luna-low-20261002-none-rails-ft-notification-bundle-window-overlap-r4-r69-studio,kh-gpt__gpt-6-luna__low__default__rails-ft-notification-bundle-window-overlap__r4-none-r69-studio,none,rails-ft-notification-bundle-window-overlap,4,FAIL,yes,official_fail,gpt-6-luna,xhigh (requested max; kh clamp),no,fail,fail,official_fail
dev-probe-luna-low-20261002-none-rails-ft-saas-billing-r1-r69-studio,kh-gpt__gpt-6-luna__low__default__rails-ft-saas-billing__r1-none-r69-studio,none,rails-ft-saas-billing,1,FAIL,yes,official_fail,gpt-6-luna,xhigh (requested max; kh clamp),no,fail,fail,official_fail
dev-probe-luna-low-20261002-none-rails-ft-saas-billing-r2-r69-studio,,none,rails-ft-saas-billing,2,FAIL,yes,ITT_fail_64_turn_limit,gpt-6-luna,xhigh (requested max; kh clamp),no,,,ITT_fail_64_turn_limit
dev-probe-luna-low-20261002-none-rails-ft-saas-billing-r3-r69-studio,,none,rails-ft-saas-billing,3,FAIL,yes,ITT_fail_64_turn_limit,gpt-6-luna,xhigh (requested max; kh clamp),no,,,ITT_fail_64_turn_limit
dev-probe-luna-low-20261002-none-rails-ft-saas-billing-r4-r69-studio,,none,rails-ft-saas-billing,4,FAIL,yes,ITT_fail_64_turn_limit,gpt-6-luna,xhigh (requested max; kh clamp),no,,,ITT_fail_64_turn_limit
dev-probe-luna-low-20261002-none-rails-hw-scoped-broadcast-r1-r69-studio,kh-gpt__gpt-6-luna__low__default__rails-hw-scoped-broadcast__r1-none-r69-studio,none,rails-hw-scoped-broadcast,1,PASS,yes,official_pass,gpt-6-luna,xhigh (requested max; kh clamp),no,pass,pass,official_pass
dev-probe-luna-low-20261002-none-rails-hw-scoped-broadcast-r2-r69-studio,kh-gpt__gpt-6-luna__low__default__rails-hw-scoped-broadcast__r2-none-r69-studio,none,rails-hw-scoped-broadcast,2,PASS,yes,official_pass,gpt-6-luna,xhigh (requested max; kh clamp),no,pass,pass,official_pass
dev-probe-luna-low-20261002-none-rails-hw-scoped-broadcast-r3-r69-studio,kh-gpt__gpt-6-luna__low__default__rails-hw-scoped-broadcast__r3-none-r69-studio,none,rails-hw-scoped-broadcast,3,PASS,yes,official_pass,gpt-6-luna,xhigh (requested max; kh clamp),no,pass,pass,official_pass
dev-probe-luna-low-20261002-none-rails-hw-scoped-broadcast-r4-r69-studio,kh-gpt__gpt-6-luna__low__default__rails-hw-scoped-broadcast__r4-none-r69-studio,none,rails-hw-scoped-broadcast,4,PASS,yes,official_pass,gpt-6-luna,xhigh (requested max; kh clamp),no,pass,pass,official_pass
dev-probe-luna-low-20261002-none-rails-sec-audit-sweep-r1-r69-studio,kh-gpt__gpt-6-luna__low__default__rails-sec-audit-sweep__r1-none-r69-studio,none,rails-sec-audit-sweep,1,PASS,yes,official_pass,gpt-6-luna,xhigh (requested max; kh clamp),no,pass,pass,official_pass
dev-probe-luna-low-20261002-none-rails-sec-audit-sweep-r2-r69-studio,kh-gpt__gpt-6-luna__low__default__rails-sec-audit-sweep__r2-none-r69-studio,none,rails-sec-audit-sweep,2,PASS,yes,official_pass,gpt-6-luna,xhigh (requested max; kh clamp),no,pass,pass,official_pass
dev-probe-luna-low-20261002-none-rails-sec-audit-sweep-r3-r69-studio,kh-gpt__gpt-6-luna__low__default__rails-sec-audit-sweep__r3-none-r69-studio,none,rails-sec-audit-sweep,3,PASS,yes,official_pass,gpt-6-luna,xhigh (requested max; kh clamp),no,pass,pass,official_pass
dev-probe-luna-low-20261002-none-rails-sec-audit-sweep-r4-r69-studio,kh-gpt__gpt-6-luna__low__default__rails-sec-audit-sweep__r4-none-r69-studio,none,rails-sec-audit-sweep,4,PASS,yes,official_pass,gpt-6-luna,xhigh (requested max; kh clamp),no,pass,pass,official_pass
dev-probe-luna-low-20261002-none-rails-sup-legacy-conversions-r1-r69-studio,kh-gpt__gpt-6-luna__low__default__rails-sup-legacy-conversions__r1-none-r69-studio,none,rails-sup-legacy-conversions,1,PASS,yes,official_pass,gpt-6-luna,xhigh (requested max; kh clamp),no,pass,pass,official_pass
dev-probe-luna-low-20261002-none-rails-sup-legacy-conversions-r2-r69-studio,kh-gpt__gpt-6-luna__low__default__rails-sup-legacy-conversions__r2-none-r69-studio,none,rails-sup-legacy-conversions,2,PASS,yes,official_pass,gpt-6-luna,xhigh (requested max; kh clamp),no,pass,pass,official_pass
dev-probe-luna-low-20261002-none-rails-sup-legacy-conversions-r3-r69-studio,kh-gpt__gpt-6-luna__low__default__rails-sup-legacy-conversions__r3-none-r69-studio,none,rails-sup-legacy-conversions,3,PASS,yes,official_pass,gpt-6-luna,xhigh (requested max; kh clamp),no,pass,pass,official_pass
dev-probe-luna-low-20261002-none-rails-sup-legacy-conversions-r4-r69-studio,kh-gpt__gpt-6-luna__low__default__rails-sup-legacy-conversions__r4-none-r69-studio,none,rails-sup-legacy-conversions,4,PASS,yes,official_pass,gpt-6-luna,xhigh (requested max; kh clamp),no,pass,pass,official_pass
dev-probe-luna-low-20261002-none-syn-01-live-ticket-filters-r1-r69-studio,kh-gpt__gpt-6-luna__low__default__syn-01-live-ticket-filters__r1-none-r69-studio,none,syn-01-live-ticket-filters,1,PASS,yes,official_pass,gpt-6-luna,xhigh (requested max; kh clamp),no,pass,pass,official_pass
dev-probe-luna-low-20261002-none-syn-01-live-ticket-filters-r2-r69-studio,kh-gpt__gpt-6-luna__low__default__syn-01-live-ticket-filters__r2-none-r69-studio,none,syn-01-live-ticket-filters,2,PASS,yes,official_pass,gpt-6-luna,xhigh (requested max; kh clamp),no,pass,pass,official_pass
dev-probe-luna-low-20261002-none-syn-01-live-ticket-filters-r3-r69-studio,kh-gpt__gpt-6-luna__low__default__syn-01-live-ticket-filters__r3-none-r69-studio,none,syn-01-live-ticket-filters,3,PASS,yes,official_pass,gpt-6-luna,xhigh (requested max; kh clamp),no,pass,pass,official_pass
dev-probe-luna-low-20261002-none-syn-01-live-ticket-filters-r4-r69-studio,kh-gpt__gpt-6-luna__low__default__syn-01-live-ticket-filters__r4-none-r69-studio,none,syn-01-live-ticket-filters,4,PASS,yes,official_pass,gpt-6-luna,xhigh (requested max; kh clamp),no,pass,pass,official_pass
dev-probe-luna-low-20261002-none-syn-06-migration-ticket-numbers-r1-r69-studio,kh-gpt__gpt-6-luna__low__default__syn-06-migration-ticket-numbers__r1-none-r69-studio,none,syn-06-migration-ticket-numbers,1,PASS,yes,official_pass,gpt-6-luna,xhigh (requested max; kh clamp),no,pass,pass,official_pass
dev-probe-luna-low-20261002-none-syn-06-migration-ticket-numbers-r2-r69-studio,kh-gpt__gpt-6-luna__low__default__syn-06-migration-ticket-numbers__r2-none-r69-studio,none,syn-06-migration-ticket-numbers,2,PASS,yes,official_pass,gpt-6-luna,xhigh (requested max; kh clamp),no,pass,pass,official_pass
dev-probe-luna-low-20261002-none-syn-06-migration-ticket-numbers-r3-r69-studio,kh-gpt__gpt-6-luna__low__default__syn-06-migration-ticket-numbers__r3-none-r69-studio,none,syn-06-migration-ticket-numbers,3,PASS,yes,official_pass,gpt-6-luna,xhigh (requested max; kh clamp),no,pass,pass,official_pass
dev-probe-luna-low-20261002-none-syn-06-migration-ticket-numbers-r4-r69-studio,kh-gpt__gpt-6-luna__low__default__syn-06-migration-ticket-numbers__r4-none-r69-studio,none,syn-06-migration-ticket-numbers,4,PASS,yes,official_pass,gpt-6-luna,xhigh (requested max; kh clamp),no,pass,pass,official_pass
dev-probe-luna-low-20261002-none-syn-15-validation-ticket-form-r1-r69-studio,,none,syn-15-validation-ticket-form,1,FAIL,yes,ITT_fail_provider_overload,gpt-6-luna,xhigh (requested max; kh clamp),no,,,ITT_fail_provider_overload
dev-probe-luna-low-20261002-none-syn-15-validation-ticket-form-r2-r69-studio,kh-gpt__gpt-6-luna__low__default__syn-15-validation-ticket-form__r2-none-r69-studio,none,syn-15-validation-ticket-form,2,PASS,yes,official_pass,gpt-6-luna,xhigh (requested max; kh clamp),no,pass,pass,official_pass
dev-probe-luna-low-20261002-none-syn-15-validation-ticket-form-r3-r69-studio,kh-gpt__gpt-6-luna__low__default__syn-15-validation-ticket-form__r3-none-r69-studio,none,syn-15-validation-ticket-form,3,PASS,yes,official_pass,gpt-6-luna,xhigh (requested max; kh clamp),no,pass,pass,official_pass
dev-probe-luna-low-20261002-none-syn-15-validation-ticket-form-r4-r69-studio,kh-gpt__gpt-6-luna__low__default__syn-15-validation-ticket-form__r4-none-r69-studio,none,syn-15-validation-ticket-form,4,PASS,yes,official_pass,gpt-6-luna,xhigh (requested max; kh clamp),no,pass,pass,official_pass
dev-probe-luna-low-20261002-none-syn-20-email-invite-flow-r1-r69-studio,kh-gpt__gpt-6-luna__low__default__syn-20-email-invite-flow__r1-none-r69-studio,none,syn-20-email-invite-flow,1,PASS,yes,official_pass,gpt-6-luna,xhigh (requested max; kh clamp),no,pass,pass,official_pass
dev-probe-luna-low-20261002-none-syn-20-email-invite-flow-r2-r69-studio,kh-gpt__gpt-6-luna__low__default__syn-20-email-invite-flow__r2-none-r69-studio,none,syn-20-email-invite-flow,2,PASS,yes,official_pass,gpt-6-luna,xhigh (requested max; kh clamp),no,pass,pass,official_pass
dev-probe-luna-low-20261002-none-syn-20-email-invite-flow-r3-r69-studio,kh-gpt__gpt-6-luna__low__default__syn-20-email-invite-flow__r3-none-r69-studio,none,syn-20-email-invite-flow,3,PASS,yes,official_pass,gpt-6-luna,xhigh (requested max; kh clamp),no,pass,pass,official_pass
dev-probe-luna-low-20261002-none-syn-20-email-invite-flow-r4-r69-studio,kh-gpt__gpt-6-luna__low__default__syn-20-email-invite-flow__r4-none-r69-studio,none,syn-20-email-invite-flow,4,PASS,yes,official_pass,gpt-6-luna,xhigh (requested max; kh clamp),no,pass,pass,official_pass
dev-probe-luna-low-20261002-none-syn-24-csv-import-r1-r69-studio,kh-gpt__gpt-6-luna__low__default__syn-24-csv-import__r1-none-r69-studio,none,syn-24-csv-import,1,PASS,yes,official_pass,gpt-6-luna,xhigh (requested max; kh clamp),no,pass,pass,official_pass
dev-probe-luna-low-20261002-none-syn-24-csv-import-r2-r69-studio,kh-gpt__gpt-6-luna__low__default__syn-24-csv-import__r2-none-r69-studio,none,syn-24-csv-import,2,PASS,yes,official_pass,gpt-6-luna,xhigh (requested max; kh clamp),no,pass,pass,official_pass
dev-probe-luna-low-20261002-none-syn-24-csv-import-r3-r69-studio,kh-gpt__gpt-6-luna__low__default__syn-24-csv-import__r3-none-r69-studio,none,syn-24-csv-import,3,PASS,yes,official_pass,gpt-6-luna,xhigh (requested max; kh clamp),no,pass,pass,official_pass
dev-probe-luna-low-20261002-none-syn-24-csv-import-r4-r69-studio,kh-gpt__gpt-6-luna__low__default__syn-24-csv-import__r4-none-r69-studio,none,syn-24-csv-import,4,PASS,yes,official_pass,gpt-6-luna,xhigh (requested max; kh clamp),no,pass,pass,official_pass
dev-probe-luna-low-20261002-none-syn-31-inbound-email-webhook-r1-r69-studio,kh-gpt__gpt-6-luna__low__default__syn-31-inbound-email-webhook__r1-none-r69-studio,none,syn-31-inbound-email-webhook,1,PASS,yes,official_pass,gpt-6-luna,xhigh (requested max; kh clamp),no,pass,pass,official_pass
dev-probe-luna-low-20261002-none-syn-31-inbound-email-webhook-r2-r69-studio,kh-gpt__gpt-6-luna__low__default__syn-31-inbound-email-webhook__r2-none-r69-studio,none,syn-31-inbound-email-webhook,2,PASS,yes,official_pass,gpt-6-luna,xhigh (requested max; kh clamp),no,pass,pass,official_pass
dev-probe-luna-low-20261002-none-syn-31-inbound-email-webhook-r3-r69-studio,kh-gpt__gpt-6-luna__low__default__syn-31-inbound-email-webhook__r3-none-r69-studio,none,syn-31-inbound-email-webhook,3,FAIL,yes,official_fail,gpt-6-luna,xhigh (requested max; kh clamp),no,fail,fail,official_fail
dev-probe-luna-low-20261002-none-syn-31-inbound-email-webhook-r4-r69-studio,kh-gpt__gpt-6-luna__low__default__syn-31-inbound-email-webhook__r4-none-r69-studio,none,syn-31-inbound-email-webhook,4,FAIL,yes,official_fail,gpt-6-luna,xhigh (requested max; kh clamp),no,fail,fail,official_fail
dev-probe-luna-low-20261002-spec-elx-02-ingest-supervision-r1-r69-studio,kh-gpt__gpt-6-luna__low__default__elx-02-ingest-supervision__r1-spec-r69-studio,spec,elx-02-ingest-supervision,1,PASS,yes,official_pass,gpt-6-luna,xhigh (requested max; kh clamp),yes,pass,pass,official_pass
dev-probe-luna-low-20261002-spec-elx-02-ingest-supervision-r2-r69-studio,kh-gpt__gpt-6-luna__low__default__elx-02-ingest-supervision__r2-spec-r69-studio,spec,elx-02-ingest-supervision,2,PASS,yes,official_pass,gpt-6-luna,xhigh (requested max; kh clamp),yes,pass,,official_pass
dev-probe-luna-low-20261002-spec-elx-02-ingest-supervision-r3-r69-studio,kh-gpt__gpt-6-luna__low__default__elx-02-ingest-supervision__r3-spec-r69-studio,spec,elx-02-ingest-supervision,3,PASS,yes,official_pass,gpt-6-luna,xhigh (requested max; kh clamp),yes,pass,,official_pass
dev-probe-luna-low-20261002-spec-elx-02-ingest-supervision-r4-r69-studio,kh-gpt__gpt-6-luna__low__default__elx-02-ingest-supervision__r4-spec-r69-studio,spec,elx-02-ingest-supervision,4,PASS,yes,official_pass,gpt-6-luna,xhigh (requested max; kh clamp),yes,pass,,official_pass
dev-probe-luna-low-20261002-spec-elx-04-queue-backpressure-r1-r69-studio,kh-gpt__gpt-6-luna__low__default__elx-04-queue-backpressure__r1-spec-r69-studio,spec,elx-04-queue-backpressure,1,PASS,yes,official_pass,gpt-6-luna,xhigh (requested max; kh clamp),yes,pass,pass,official_pass
dev-probe-luna-low-20261002-spec-elx-04-queue-backpressure-r2-r69-studio,kh-gpt__gpt-6-luna__low__default__elx-04-queue-backpressure__r2-spec-r69-studio,spec,elx-04-queue-backpressure,2,PASS,yes,official_pass,gpt-6-luna,xhigh (requested max; kh clamp),yes,pass,,official_pass
dev-probe-luna-low-20261002-spec-elx-04-queue-backpressure-r3-r69-studio,kh-gpt__gpt-6-luna__low__default__elx-04-queue-backpressure__r3-spec-r69-studio,spec,elx-04-queue-backpressure,3,PASS,yes,official_pass,gpt-6-luna,xhigh (requested max; kh clamp),yes,pass,,official_pass
dev-probe-luna-low-20261002-spec-elx-04-queue-backpressure-r4-r69-studio,kh-gpt__gpt-6-luna__low__default__elx-04-queue-backpressure__r4-spec-r69-studio,spec,elx-04-queue-backpressure,4,PASS,yes,official_pass,gpt-6-luna,xhigh (requested max; kh clamp),yes,pass,,official_pass
dev-probe-luna-low-20261002-spec-rails-ac-throttle-search-r1-r69-studio,kh-gpt__gpt-6-luna__low__default__rails-ac-throttle-search__r1-spec-r69-studio,spec,rails-ac-throttle-search,1,PASS,yes,official_pass,gpt-6-luna,xhigh (requested max; kh clamp),yes,pass,,official_pass
dev-probe-luna-low-20261002-spec-rails-ac-throttle-search-r2-r69-studio,kh-gpt__gpt-6-luna__low__default__rails-ac-throttle-search__r2-spec-r69-studio,spec,rails-ac-throttle-search,2,PASS,yes,official_pass,gpt-6-luna,xhigh (requested max; kh clamp),yes,pass,,official_pass
dev-probe-luna-low-20261002-spec-rails-ac-throttle-search-r3-r69-studio,kh-gpt__gpt-6-luna__low__default__rails-ac-throttle-search__r3-spec-r69-studio,spec,rails-ac-throttle-search,3,PASS,yes,official_pass,gpt-6-luna,xhigh (requested max; kh clamp),yes,pass,,official_pass
dev-probe-luna-low-20261002-spec-rails-ac-throttle-search-r4-r69-studio,kh-gpt__gpt-6-luna__low__default__rails-ac-throttle-search__r4-spec-r69-studio,spec,rails-ac-throttle-search,4,PASS,yes,official_pass,gpt-6-luna,xhigh (requested max; kh clamp),no,pass,pass,official_pass
dev-probe-luna-low-20261002-spec-rails-aj-enqueue-after-commit-r1-r69-studio,kh-gpt__gpt-6-luna__low__default__rails-aj-enqueue-after-commit__r1-spec-r69-studio,spec,rails-aj-enqueue-after-commit,1,PASS,yes,official_pass,gpt-6-luna,xhigh (requested max; kh clamp),yes,pass,,official_pass
dev-probe-luna-low-20261002-spec-rails-aj-enqueue-after-commit-r2-r69-studio,kh-gpt__gpt-6-luna__low__default__rails-aj-enqueue-after-commit__r2-spec-r69-studio,spec,rails-aj-enqueue-after-commit,2,PASS,yes,official_pass,gpt-6-luna,xhigh (requested max; kh clamp),yes,pass,,official_pass
dev-probe-luna-low-20261002-spec-rails-aj-enqueue-after-commit-r3-r69-studio,kh-gpt__gpt-6-luna__low__default__rails-aj-enqueue-after-commit__r3-spec-r69-studio,spec,rails-aj-enqueue-after-commit,3,PASS,yes,official_pass,gpt-6-luna,xhigh (requested max; kh clamp),yes,pass,,official_pass
dev-probe-luna-low-20261002-spec-rails-aj-enqueue-after-commit-r4-r69-studio,kh-gpt__gpt-6-luna__low__default__rails-aj-enqueue-after-commit__r4-spec-r69-studio,spec,rails-aj-enqueue-after-commit,4,PASS,yes,official_pass,gpt-6-luna,xhigh (requested max; kh clamp),no,pass,pass,official_pass
dev-probe-luna-low-20261002-spec-rails-ar-archive-book-access-r1-r69-studio,kh-gpt__gpt-6-luna__low__default__rails-ar-archive-book-access__r1-spec-r69-studio,spec,rails-ar-archive-book-access,1,PASS,yes,official_pass,gpt-6-luna,xhigh (requested max; kh clamp),yes,pass,,official_pass
dev-probe-luna-low-20261002-spec-rails-ar-archive-book-access-r2-r69-studio,kh-gpt__gpt-6-luna__low__default__rails-ar-archive-book-access__r2-spec-r69-studio,spec,rails-ar-archive-book-access,2,PASS,yes,official_pass,gpt-6-luna,xhigh (requested max; kh clamp),yes,pass,,official_pass
dev-probe-luna-low-20261002-spec-rails-ar-archive-book-access-r3-r69-studio,kh-gpt__gpt-6-luna__low__default__rails-ar-archive-book-access__r3-spec-r69-studio,spec,rails-ar-archive-book-access,3,PASS,yes,official_pass,gpt-6-luna,xhigh (requested max; kh clamp),yes,pass,,official_pass
dev-probe-luna-low-20261002-spec-rails-ar-archive-book-access-r4-r69-studio,kh-gpt__gpt-6-luna__low__default__rails-ar-archive-book-access__r4-spec-r69-studio,spec,rails-ar-archive-book-access,4,PASS,yes,official_pass,gpt-6-luna,xhigh (requested max; kh clamp),no,pass,pass,official_pass
dev-probe-luna-low-20261002-spec-rails-ar-bulk-access-grants-r1-r69-studio,kh-gpt__gpt-6-luna__low__default__rails-ar-bulk-access-grants__r1-spec-r69-studio,spec,rails-ar-bulk-access-grants,1,FAIL,yes,official_fail,gpt-6-luna,xhigh (requested max; kh clamp),yes,fail,,official_fail
dev-probe-luna-low-20261002-spec-rails-ar-bulk-access-grants-r2-r69-studio,kh-gpt__gpt-6-luna__low__default__rails-ar-bulk-access-grants__r2-spec-r69-studio,spec,rails-ar-bulk-access-grants,2,FAIL,yes,official_fail,gpt-6-luna,xhigh (requested max; kh clamp),yes,fail,,official_fail
dev-probe-luna-low-20261002-spec-rails-ar-bulk-access-grants-r3-r69-studio,kh-gpt__gpt-6-luna__low__default__rails-ar-bulk-access-grants__r3-spec-r69-studio,spec,rails-ar-bulk-access-grants,3,FAIL,yes,official_fail,gpt-6-luna,xhigh (requested max; kh clamp),yes,fail,,official_fail
dev-probe-luna-low-20261002-spec-rails-ar-bulk-access-grants-r4-r69-studio,kh-gpt__gpt-6-luna__low__default__rails-ar-bulk-access-grants__r4-spec-r69-studio,spec,rails-ar-bulk-access-grants,4,FAIL,yes,official_fail,gpt-6-luna,xhigh (requested max; kh clamp),no,fail,fail,official_fail
dev-probe-luna-low-20261002-spec-rails-as-variant-processed-once-r1-r69-studio,kh-gpt__gpt-6-luna__low__default__rails-as-variant-processed-once__r1-spec-r69-studio,spec,rails-as-variant-processed-once,1,PASS,yes,official_pass,gpt-6-luna,xhigh (requested max; kh clamp),yes,pass,,official_pass
dev-probe-luna-low-20261002-spec-rails-as-variant-processed-once-r2-r69-studio,kh-gpt__gpt-6-luna__low__default__rails-as-variant-processed-once__r2-spec-r69-studio,spec,rails-as-variant-processed-once,2,PASS,yes,official_pass,gpt-6-luna,xhigh (requested max; kh clamp),yes,pass,,official_pass
dev-probe-luna-low-20261002-spec-rails-as-variant-processed-once-r3-r69-studio,kh-gpt__gpt-6-luna__low__default__rails-as-variant-processed-once__r3-spec-r69-studio,spec,rails-as-variant-processed-once,3,PASS,yes,official_pass,gpt-6-luna,xhigh (requested max; kh clamp),yes,pass,,official_pass
dev-probe-luna-low-20261002-spec-rails-as-variant-processed-once-r4-r69-studio,kh-gpt__gpt-6-luna__low__default__rails-as-variant-processed-once__r4-spec-r69-studio,spec,rails-as-variant-processed-once,4,PASS,yes,official_pass,gpt-6-luna,xhigh (requested max; kh clamp),no,pass,pass,official_pass
dev-probe-luna-low-20261002-spec-rails-ft-active-storage-tracking-r1-r69-studio,,spec,rails-ft-active-storage-tracking,1,FAIL,yes,ITT_fail_64_turn_limit,gpt-6-luna,xhigh (requested max; kh clamp),yes,,,ITT_fail_64_turn_limit
dev-probe-luna-low-20261002-spec-rails-ft-active-storage-tracking-r2-r69-studio,,spec,rails-ft-active-storage-tracking,2,FAIL,yes,ITT_fail_64_turn_limit,gpt-6-luna,xhigh (requested max; kh clamp),yes,,,ITT_fail_64_turn_limit
dev-probe-luna-low-20261002-spec-rails-ft-active-storage-tracking-r3-r69-studio,,spec,rails-ft-active-storage-tracking,3,FAIL,yes,ITT_fail_64_turn_limit,gpt-6-luna,xhigh (requested max; kh clamp),yes,,,ITT_fail_64_turn_limit
dev-probe-luna-low-20261002-spec-rails-ft-active-storage-tracking-r4-r69-studio,,spec,rails-ft-active-storage-tracking,4,FAIL,yes,ITT_fail_64_turn_limit,gpt-6-luna,xhigh (requested max; kh clamp),no,,,ITT_fail_64_turn_limit
dev-probe-luna-low-20261002-spec-rails-ft-activity-feed-api-r1-r69-studio,kh-gpt__gpt-6-luna__low__default__rails-ft-activity-feed-api__r1-spec-r69-studio,spec,rails-ft-activity-feed-api,1,FAIL,yes,official_fail,gpt-6-luna,xhigh (requested max; kh clamp),yes,fail,,official_fail
dev-probe-luna-low-20261002-spec-rails-ft-activity-feed-api-r2-r69-studio,kh-gpt__gpt-6-luna__low__default__rails-ft-activity-feed-api__r2-spec-r69-studio,spec,rails-ft-activity-feed-api,2,FAIL,yes,official_fail,gpt-6-luna,xhigh (requested max; kh clamp),yes,fail,,official_fail
dev-probe-luna-low-20261002-spec-rails-ft-activity-feed-api-r3-r69-studio,kh-gpt__gpt-6-luna__low__default__rails-ft-activity-feed-api__r3-spec-r69-studio,spec,rails-ft-activity-feed-api,3,FAIL,yes,official_fail,gpt-6-luna,xhigh (requested max; kh clamp),yes,fail,,official_fail
dev-probe-luna-low-20261002-spec-rails-ft-activity-feed-api-r4-r69-studio,,spec,rails-ft-activity-feed-api,4,FAIL,yes,ITT_fail_timeout,gpt-6-luna,xhigh (requested max; kh clamp),no,,,ITT_fail_timeout
dev-probe-luna-low-20261002-spec-rails-ft-board-publish-unpublish-public-boundary-r1-r69-studio,,spec,rails-ft-board-publish-unpublish-public-boundary,1,FAIL,yes,ITT_fail_64_turn_limit,gpt-6-luna,xhigh (requested max; kh clamp),yes,,,ITT_fail_64_turn_limit
dev-probe-luna-low-20261002-spec-rails-ft-board-publish-unpublish-public-boundary-r2-r69-studio,,spec,rails-ft-board-publish-unpublish-public-boundary,2,FAIL,yes,ITT_fail_64_turn_limit,gpt-6-luna,xhigh (requested max; kh clamp),yes,,,ITT_fail_64_turn_limit
dev-probe-luna-low-20261002-spec-rails-ft-board-publish-unpublish-public-boundary-r3-r69-studio,,spec,rails-ft-board-publish-unpublish-public-boundary,3,FAIL,yes,ITT_fail_64_turn_limit,gpt-6-luna,xhigh (requested max; kh clamp),yes,,,ITT_fail_64_turn_limit
dev-probe-luna-low-20261002-spec-rails-ft-board-publish-unpublish-public-boundary-r4-r69-studio,,spec,rails-ft-board-publish-unpublish-public-boundary,4,FAIL,yes,ITT_fail_64_turn_limit,gpt-6-luna,xhigh (requested max; kh clamp),no,,,ITT_fail_64_turn_limit
dev-probe-luna-low-20261002-spec-rails-ft-cancelled-account-cleanup-r1-r69-studio,kh-gpt__gpt-6-luna__low__default__rails-ft-cancelled-account-cleanup__r1-spec-r69-studio,spec,rails-ft-cancelled-account-cleanup,1,PASS,yes,official_pass,gpt-6-luna,xhigh (requested max; kh clamp),yes,pass,,official_pass
dev-probe-luna-low-20261002-spec-rails-ft-cancelled-account-cleanup-r2-r69-studio,kh-gpt__gpt-6-luna__low__default__rails-ft-cancelled-account-cleanup__r2-spec-r69-studio,spec,rails-ft-cancelled-account-cleanup,2,PASS,yes,official_pass,gpt-6-luna,xhigh (requested max; kh clamp),yes,pass,,official_pass
dev-probe-luna-low-20261002-spec-rails-ft-cancelled-account-cleanup-r3-r69-studio,kh-gpt__gpt-6-luna__low__default__rails-ft-cancelled-account-cleanup__r3-spec-r69-studio,spec,rails-ft-cancelled-account-cleanup,3,PASS,yes,official_pass,gpt-6-luna,xhigh (requested max; kh clamp),yes,pass,,official_pass
dev-probe-luna-low-20261002-spec-rails-ft-cancelled-account-cleanup-r4-r69-studio,kh-gpt__gpt-6-luna__low__default__rails-ft-cancelled-account-cleanup__r4-spec-r69-studio,spec,rails-ft-cancelled-account-cleanup,4,PASS,yes,official_pass,gpt-6-luna,xhigh (requested max; kh clamp),no,pass,pass,official_pass
dev-probe-luna-low-20261002-spec-rails-ft-entropy-sweep-r1-r69-studio,kh-gpt__gpt-6-luna__low__default__rails-ft-entropy-sweep__r1-spec-r69-studio,spec,rails-ft-entropy-sweep,1,PASS,yes,official_pass,gpt-6-luna,xhigh (requested max; kh clamp),yes,pass,,official_pass
dev-probe-luna-low-20261002-spec-rails-ft-entropy-sweep-r2-r69-studio,kh-gpt__gpt-6-luna__low__default__rails-ft-entropy-sweep__r2-spec-r69-studio,spec,rails-ft-entropy-sweep,2,PASS,yes,official_pass,gpt-6-luna,xhigh (requested max; kh clamp),yes,pass,,official_pass
dev-probe-luna-low-20261002-spec-rails-ft-entropy-sweep-r3-r69-studio,kh-gpt__gpt-6-luna__low__default__rails-ft-entropy-sweep__r3-spec-r69-studio,spec,rails-ft-entropy-sweep,3,PASS,yes,official_pass,gpt-6-luna,xhigh (requested max; kh clamp),yes,pass,,official_pass
dev-probe-luna-low-20261002-spec-rails-ft-entropy-sweep-r4-r69-studio,kh-gpt__gpt-6-luna__low__default__rails-ft-entropy-sweep__r4-spec-r69-studio,spec,rails-ft-entropy-sweep,4,PASS,yes,official_pass,gpt-6-luna,xhigh (requested max; kh clamp),no,pass,pass,official_pass
dev-probe-luna-low-20261002-spec-rails-ft-i18n-support-r1-r69-studio,,spec,rails-ft-i18n-support,1,FAIL,yes,ITT_fail_64_turn_limit,gpt-6-luna,xhigh (requested max; kh clamp),yes,,,ITT_fail_64_turn_limit
dev-probe-luna-low-20261002-spec-rails-ft-i18n-support-r2-r69-studio,,spec,rails-ft-i18n-support,2,FAIL,yes,ITT_fail_64_turn_limit,gpt-6-luna,xhigh (requested max; kh clamp),yes,,,ITT_fail_64_turn_limit
dev-probe-luna-low-20261002-spec-rails-ft-i18n-support-r3-r69-studio,,spec,rails-ft-i18n-support,3,FAIL,yes,ITT_fail_64_turn_limit,gpt-6-luna,xhigh (requested max; kh clamp),yes,,,ITT_fail_64_turn_limit
dev-probe-luna-low-20261002-spec-rails-ft-i18n-support-r4-r69-studio,,spec,rails-ft-i18n-support,4,FAIL,yes,ITT_fail_64_turn_limit,gpt-6-luna,xhigh (requested max; kh clamp),no,,,ITT_fail_64_turn_limit
dev-probe-luna-low-20261002-spec-rails-ft-mysql-fulltext-search-foundation-r1-r69-studio,kh-gpt__gpt-6-luna__low__default__rails-ft-mysql-fulltext-search-foundation__r1-spec-r69-studio,spec,rails-ft-mysql-fulltext-search-foundation,1,PASS,yes,official_pass,gpt-6-luna,xhigh (requested max; kh clamp),yes,pass,,official_pass
dev-probe-luna-low-20261002-spec-rails-ft-mysql-fulltext-search-foundation-r2-r69-studio,,spec,rails-ft-mysql-fulltext-search-foundation,2,FAIL,yes,ITT_fail_64_turn_limit,gpt-6-luna,xhigh (requested max; kh clamp),yes,,,ITT_fail_64_turn_limit
dev-probe-luna-low-20261002-spec-rails-ft-mysql-fulltext-search-foundation-r3-r69-studio,,spec,rails-ft-mysql-fulltext-search-foundation,3,FAIL,yes,ITT_fail_64_turn_limit,gpt-6-luna,xhigh (requested max; kh clamp),yes,,,ITT_fail_64_turn_limit
dev-probe-luna-low-20261002-spec-rails-ft-mysql-fulltext-search-foundation-r4-r69-studio,,spec,rails-ft-mysql-fulltext-search-foundation,4,FAIL,yes,ITT_fail_64_turn_limit,gpt-6-luna,xhigh (requested max; kh clamp),no,,,ITT_fail_64_turn_limit
dev-probe-luna-low-20261002-spec-rails-ft-notification-bundle-window-overlap-r1-r69-studio,kh-gpt__gpt-6-luna__low__default__rails-ft-notification-bundle-window-overlap__r1-spec-r69-studio,spec,rails-ft-notification-bundle-window-overlap,1,FAIL,yes,official_fail,gpt-6-luna,xhigh (requested max; kh clamp),yes,fail,,official_fail
dev-probe-luna-low-20261002-spec-rails-ft-notification-bundle-window-overlap-r2-r69-studio,kh-gpt__gpt-6-luna__low__default__rails-ft-notification-bundle-window-overlap__r2-spec-r69-studio,spec,rails-ft-notification-bundle-window-overlap,2,FAIL,yes,official_fail,gpt-6-luna,xhigh (requested max; kh clamp),yes,fail,,official_fail
dev-probe-luna-low-20261002-spec-rails-ft-notification-bundle-window-overlap-r3-r69-studio,,spec,rails-ft-notification-bundle-window-overlap,3,FAIL,yes,ITT_fail_64_turn_limit,gpt-6-luna,xhigh (requested max; kh clamp),yes,,,ITT_fail_64_turn_limit
dev-probe-luna-low-20261002-spec-rails-ft-notification-bundle-window-overlap-r4-r69-studio,,spec,rails-ft-notification-bundle-window-overlap,4,FAIL,yes,ITT_fail_64_turn_limit,gpt-6-luna,xhigh (requested max; kh clamp),no,,,ITT_fail_64_turn_limit
dev-probe-luna-low-20261002-spec-rails-ft-saas-billing-r1-r69-studio,,spec,rails-ft-saas-billing,1,FAIL,yes,ITT_fail_64_turn_limit,gpt-6-luna,xhigh (requested max; kh clamp),yes,,,ITT_fail_64_turn_limit
dev-probe-luna-low-20261002-spec-rails-ft-saas-billing-r2-r69-studio,,spec,rails-ft-saas-billing,2,FAIL,yes,ITT_fail_64_turn_limit,gpt-6-luna,xhigh (requested max; kh clamp),yes,,,ITT_fail_64_turn_limit
dev-probe-luna-low-20261002-spec-rails-ft-saas-billing-r3-r69-studio,,spec,rails-ft-saas-billing,3,FAIL,yes,ITT_fail_64_turn_limit,gpt-6-luna,xhigh (requested max; kh clamp),yes,,,ITT_fail_64_turn_limit
dev-probe-luna-low-20261002-spec-rails-ft-saas-billing-r4-r69-studio,,spec,rails-ft-saas-billing,4,FAIL,yes,ITT_fail_64_turn_limit,gpt-6-luna,xhigh (requested max; kh clamp),no,,,ITT_fail_64_turn_limit
dev-probe-luna-low-20261002-spec-rails-hw-scoped-broadcast-r1-r69-studio,kh-gpt__gpt-6-luna__low__default__rails-hw-scoped-broadcast__r1-spec-r69-studio,spec,rails-hw-scoped-broadcast,1,PASS,yes,official_pass,gpt-6-luna,xhigh (requested max; kh clamp),yes,pass,,official_pass
dev-probe-luna-low-20261002-spec-rails-hw-scoped-broadcast-r2-r69-studio,kh-gpt__gpt-6-luna__low__default__rails-hw-scoped-broadcast__r2-spec-r69-studio,spec,rails-hw-scoped-broadcast,2,PASS,yes,official_pass,gpt-6-luna,xhigh (requested max; kh clamp),yes,pass,,official_pass
dev-probe-luna-low-20261002-spec-rails-hw-scoped-broadcast-r3-r69-studio,kh-gpt__gpt-6-luna__low__default__rails-hw-scoped-broadcast__r3-spec-r69-studio,spec,rails-hw-scoped-broadcast,3,PASS,yes,official_pass,gpt-6-luna,xhigh (requested max; kh clamp),yes,pass,,official_pass
dev-probe-luna-low-20261002-spec-rails-hw-scoped-broadcast-r4-r69-studio,kh-gpt__gpt-6-luna__low__default__rails-hw-scoped-broadcast__r4-spec-r69-studio,spec,rails-hw-scoped-broadcast,4,PASS,yes,official_pass,gpt-6-luna,xhigh (requested max; kh clamp),no,pass,pass,official_pass
dev-probe-luna-low-20261002-spec-rails-sec-audit-sweep-r1-r69-studio,kh-gpt__gpt-6-luna__low__default__rails-sec-audit-sweep__r1-spec-r69-studio,spec,rails-sec-audit-sweep,1,PASS,yes,official_pass,gpt-6-luna,xhigh (requested max; kh clamp),yes,pass,,official_pass
dev-probe-luna-low-20261002-spec-rails-sec-audit-sweep-r2-r69-studio,kh-gpt__gpt-6-luna__low__default__rails-sec-audit-sweep__r2-spec-r69-studio,spec,rails-sec-audit-sweep,2,PASS,yes,official_pass,gpt-6-luna,xhigh (requested max; kh clamp),yes,pass,,official_pass
dev-probe-luna-low-20261002-spec-rails-sec-audit-sweep-r3-r69-studio,kh-gpt__gpt-6-luna__low__default__rails-sec-audit-sweep__r3-spec-r69-studio,spec,rails-sec-audit-sweep,3,PASS,yes,official_pass,gpt-6-luna,xhigh (requested max; kh clamp),yes,pass,,official_pass
dev-probe-luna-low-20261002-spec-rails-sec-audit-sweep-r4-r69-studio,kh-gpt__gpt-6-luna__low__default__rails-sec-audit-sweep__r4-spec-r69-studio,spec,rails-sec-audit-sweep,4,PASS,yes,official_pass,gpt-6-luna,xhigh (requested max; kh clamp),no,pass,pass,official_pass
dev-probe-luna-low-20261002-spec-rails-sup-legacy-conversions-r1-r69-studio,kh-gpt__gpt-6-luna__low__default__rails-sup-legacy-conversions__r1-spec-r69-studio,spec,rails-sup-legacy-conversions,1,PASS,yes,official_pass,gpt-6-luna,xhigh (requested max; kh clamp),yes,pass,,official_pass
dev-probe-luna-low-20261002-spec-rails-sup-legacy-conversions-r2-r69-studio,kh-gpt__gpt-6-luna__low__default__rails-sup-legacy-conversions__r2-spec-r69-studio,spec,rails-sup-legacy-conversions,2,PASS,yes,official_pass,gpt-6-luna,xhigh (requested max; kh clamp),yes,pass,,official_pass
dev-probe-luna-low-20261002-spec-rails-sup-legacy-conversions-r3-r69-studio,kh-gpt__gpt-6-luna__low__default__rails-sup-legacy-conversions__r3-spec-r69-studio,spec,rails-sup-legacy-conversions,3,PASS,yes,official_pass,gpt-6-luna,xhigh (requested max; kh clamp),yes,pass,,official_pass
dev-probe-luna-low-20261002-spec-rails-sup-legacy-conversions-r4-r69-studio,kh-gpt__gpt-6-luna__low__default__rails-sup-legacy-conversions__r4-spec-r69-studio,spec,rails-sup-legacy-conversions,4,PASS,yes,official_pass,gpt-6-luna,xhigh (requested max; kh clamp),no,pass,pass,official_pass
dev-probe-luna-low-20261002-spec-syn-01-live-ticket-filters-r1-r69-studio,kh-gpt__gpt-6-luna__low__default__syn-01-live-ticket-filters__r1-spec-r69-studio,spec,syn-01-live-ticket-filters,1,PASS,yes,official_pass,gpt-6-luna,xhigh (requested max; kh clamp),yes,pass,pass,official_pass
dev-probe-luna-low-20261002-spec-syn-01-live-ticket-filters-r2-r69-studio,kh-gpt__gpt-6-luna__low__default__syn-01-live-ticket-filters__r2-spec-r69-studio,spec,syn-01-live-ticket-filters,2,PASS,yes,official_pass,gpt-6-luna,xhigh (requested max; kh clamp),yes,pass,,official_pass
dev-probe-luna-low-20261002-spec-syn-01-live-ticket-filters-r3-r69-studio,kh-gpt__gpt-6-luna__low__default__syn-01-live-ticket-filters__r3-spec-r69-studio,spec,syn-01-live-ticket-filters,3,PASS,yes,official_pass,gpt-6-luna,xhigh (requested max; kh clamp),yes,pass,,official_pass
dev-probe-luna-low-20261002-spec-syn-01-live-ticket-filters-r4-r69-studio,kh-gpt__gpt-6-luna__low__default__syn-01-live-ticket-filters__r4-spec-r69-studio,spec,syn-01-live-ticket-filters,4,PASS,yes,official_pass,gpt-6-luna,xhigh (requested max; kh clamp),yes,pass,,official_pass
dev-probe-luna-low-20261002-spec-syn-06-migration-ticket-numbers-r1-r69-studio,kh-gpt__gpt-6-luna__low__default__syn-06-migration-ticket-numbers__r1-spec-r69-studio,spec,syn-06-migration-ticket-numbers,1,PASS,yes,official_pass,gpt-6-luna,xhigh (requested max; kh clamp),yes,pass,pass,official_pass
dev-probe-luna-low-20261002-spec-syn-06-migration-ticket-numbers-r2-r69-studio,kh-gpt__gpt-6-luna__low__default__syn-06-migration-ticket-numbers__r2-spec-r69-studio,spec,syn-06-migration-ticket-numbers,2,PASS,yes,official_pass,gpt-6-luna,xhigh (requested max; kh clamp),yes,pass,,official_pass
dev-probe-luna-low-20261002-spec-syn-06-migration-ticket-numbers-r3-r69-studio,kh-gpt__gpt-6-luna__low__default__syn-06-migration-ticket-numbers__r3-spec-r69-studio,spec,syn-06-migration-ticket-numbers,3,PASS,yes,official_pass,gpt-6-luna,xhigh (requested max; kh clamp),yes,pass,,official_pass
dev-probe-luna-low-20261002-spec-syn-06-migration-ticket-numbers-r4-r69-studio,kh-gpt__gpt-6-luna__low__default__syn-06-migration-ticket-numbers__r4-spec-r69-studio,spec,syn-06-migration-ticket-numbers,4,PASS,yes,official_pass,gpt-6-luna,xhigh (requested max; kh clamp),yes,pass,,official_pass
dev-probe-luna-low-20261002-spec-syn-15-validation-ticket-form-r1-r69-studio,kh-gpt__gpt-6-luna__low__default__syn-15-validation-ticket-form__r1-spec-r69-studio,spec,syn-15-validation-ticket-form,1,PASS,yes,official_pass,gpt-6-luna,xhigh (requested max; kh clamp),yes,pass,pass,official_pass
dev-probe-luna-low-20261002-spec-syn-15-validation-ticket-form-r2-r69-studio,kh-gpt__gpt-6-luna__low__default__syn-15-validation-ticket-form__r2-spec-r69-studio,spec,syn-15-validation-ticket-form,2,PASS,yes,official_pass,gpt-6-luna,xhigh (requested max; kh clamp),yes,pass,,official_pass
dev-probe-luna-low-20261002-spec-syn-15-validation-ticket-form-r3-r69-studio,kh-gpt__gpt-6-luna__low__default__syn-15-validation-ticket-form__r3-spec-r69-studio,spec,syn-15-validation-ticket-form,3,PASS,yes,official_pass,gpt-6-luna,xhigh (requested max; kh clamp),yes,pass,,official_pass
dev-probe-luna-low-20261002-spec-syn-15-validation-ticket-form-r4-r69-studio,kh-gpt__gpt-6-luna__low__default__syn-15-validation-ticket-form__r4-spec-r69-studio,spec,syn-15-validation-ticket-form,4,PASS,yes,official_pass,gpt-6-luna,xhigh (requested max; kh clamp),yes,pass,,official_pass
dev-probe-luna-low-20261002-spec-syn-20-email-invite-flow-r1-r69-studio,kh-gpt__gpt-6-luna__low__default__syn-20-email-invite-flow__r1-spec-r69-studio,spec,syn-20-email-invite-flow,1,FAIL,yes,official_fail,gpt-6-luna,xhigh (requested max; kh clamp),yes,fail,fail,official_fail
dev-probe-luna-low-20261002-spec-syn-20-email-invite-flow-r2-r69-studio,kh-gpt__gpt-6-luna__low__default__syn-20-email-invite-flow__r2-spec-r69-studio,spec,syn-20-email-invite-flow,2,FAIL,yes,official_fail,gpt-6-luna,xhigh (requested max; kh clamp),yes,fail,,official_fail
dev-probe-luna-low-20261002-spec-syn-20-email-invite-flow-r3-r69-studio,kh-gpt__gpt-6-luna__low__default__syn-20-email-invite-flow__r3-spec-r69-studio,spec,syn-20-email-invite-flow,3,FAIL,yes,official_fail,gpt-6-luna,xhigh (requested max; kh clamp),yes,fail,,official_fail
dev-probe-luna-low-20261002-spec-syn-20-email-invite-flow-r4-r69-studio,kh-gpt__gpt-6-luna__low__default__syn-20-email-invite-flow__r4-spec-r69-studio,spec,syn-20-email-invite-flow,4,FAIL,yes,official_fail,gpt-6-luna,xhigh (requested max; kh clamp),yes,fail,,official_fail
dev-probe-luna-low-20261002-spec-syn-24-csv-import-r1-r69-studio,kh-gpt__gpt-6-luna__low__default__syn-24-csv-import__r1-spec-r69-studio,spec,syn-24-csv-import,1,PASS,yes,official_pass,gpt-6-luna,xhigh (requested max; kh clamp),yes,pass,pass,official_pass
dev-probe-luna-low-20261002-spec-syn-24-csv-import-r2-r69-studio,kh-gpt__gpt-6-luna__low__default__syn-24-csv-import__r2-spec-r69-studio,spec,syn-24-csv-import,2,PASS,yes,official_pass,gpt-6-luna,xhigh (requested max; kh clamp),yes,pass,,official_pass
dev-probe-luna-low-20261002-spec-syn-24-csv-import-r3-r69-studio,kh-gpt__gpt-6-luna__low__default__syn-24-csv-import__r3-spec-r69-studio,spec,syn-24-csv-import,3,FAIL,yes,official_fail,gpt-6-luna,xhigh (requested max; kh clamp),yes,fail,,official_fail
dev-probe-luna-low-20261002-spec-syn-24-csv-import-r4-r69-studio,kh-gpt__gpt-6-luna__low__default__syn-24-csv-import__r4-spec-r69-studio,spec,syn-24-csv-import,4,PASS,yes,official_pass,gpt-6-luna,xhigh (requested max; kh clamp),yes,pass,,official_pass
dev-probe-luna-low-20261002-spec-syn-31-inbound-email-webhook-r1-r69-studio,kh-gpt__gpt-6-luna__low__default__syn-31-inbound-email-webhook__r1-spec-r69-studio,spec,syn-31-inbound-email-webhook,1,PASS,yes,official_pass,gpt-6-luna,xhigh (requested max; kh clamp),yes,pass,pass,official_pass
dev-probe-luna-low-20261002-spec-syn-31-inbound-email-webhook-r2-r69-studio,kh-gpt__gpt-6-luna__low__default__syn-31-inbound-email-webhook__r2-spec-r69-studio,spec,syn-31-inbound-email-webhook,2,PASS,yes,official_pass,gpt-6-luna,xhigh (requested max; kh clamp),yes,pass,,official_pass
dev-probe-luna-low-20261002-spec-syn-31-inbound-email-webhook-r3-r69-studio,kh-gpt__gpt-6-luna__low__default__syn-31-inbound-email-webhook__r3-spec-r69-studio,spec,syn-31-inbound-email-webhook,3,PASS,yes,official_pass,gpt-6-luna,xhigh (requested max; kh clamp),yes,pass,,official_pass
dev-probe-luna-low-20261002-spec-syn-31-inbound-email-webhook-r4-r69-studio,,spec,syn-31-inbound-email-webhook,4,NOT-RUN,no,excluded_sandbox_no_replacement,NOT-RUN,NOT-RUN,no,,,excluded_sandbox_no_replacement
