round,arm,task,rep,venue,harness,model,effort,outcome,ITT outcome,exclusion reason,wall_s,tokens,usd_est
r59,Codex-Luna-high,rails-ac-throttle-search,1,studio,codex,gpt-6-luna,gpt-6-luna / high,pass,pass,,83.419,241517,0.006982100000000001
r60,Codex-Luna-high,rails-ac-throttle-search,1,studio,codex,gpt-6-luna,gpt-6-luna / high,pass,pass,,118.481,229682,0.00644908
r59,Codex-Luna-high,rails-ac-throttle-search,2,studio,codex,gpt-6-luna,gpt-6-luna / high,pass,pass,,120.965,151602,0.00481004
r60,Codex-Luna-high,rails-ac-throttle-search,2,studio,codex,gpt-6-luna,gpt-6-luna / high,pass,pass,,71.736,223392,0.00571816
r59,Codex-Luna-high,rails-ac-throttle-search,3,studio,codex,gpt-6-luna,gpt-6-luna / high,pass,pass,,220.229,461868,0.01296392
r60,Codex-Luna-high,rails-ac-throttle-search,3,studio,codex,gpt-6-luna,gpt-6-luna / high,pass,pass,,74.573,206391,0.0046167
r59,Codex-Luna-high,rails-aj-enqueue-after-commit,1,studio,codex,gpt-6-luna,gpt-6-luna / high,pass,pass,,94.881,209798,0.004886440000000001
r60,Codex-Luna-high,rails-aj-enqueue-after-commit,1,studio,codex,gpt-6-luna,gpt-6-luna / high,pass,pass,,108.974,266861,0.0060719400000000005
r59,Codex-Luna-high,rails-aj-enqueue-after-commit,2,studio,codex,gpt-6-luna,gpt-6-luna / high,pass,pass,,88.224,195901,0.00553818
r60,Codex-Luna-high,rails-aj-enqueue-after-commit,2,studio,codex,gpt-6-luna,gpt-6-luna / high,pass,pass,,101.851,281679,0.0057107799999999995
r59,Codex-Luna-high,rails-aj-enqueue-after-commit,3,studio,codex,gpt-6-luna,gpt-6-luna / high,pass,pass,,137.747,219642,0.00506508
r60,Codex-Luna-high,rails-aj-enqueue-after-commit,3,studio,codex,gpt-6-luna,gpt-6-luna / high,pass,pass,,85.212,267946,0.00576836
r59,Codex-Luna-high,rails-aj-resumable-cleanup,1,studio,codex,gpt-6-luna,gpt-6-luna / high,fail,fail,,105.027,218135,0.00600366
r59,Codex-Luna-high,rails-aj-resumable-cleanup,2,studio,codex,gpt-6-luna,gpt-6-luna / high,fail,fail,,139.646,183687,0.00526438
r59,Codex-Luna-high,rails-aj-resumable-cleanup,3,studio,codex,gpt-6-luna,gpt-6-luna / high,pass,pass,,172.287,254737,0.007025860000000001
r60,Codex-Luna-high,rails-ar-archive-book-access,1,studio,codex,gpt-6-luna,gpt-6-luna / high,pass,pass,,62.408,86506,0.00243244
r60,Codex-Luna-high,rails-ar-archive-book-access,2,studio,codex,gpt-6-luna,gpt-6-luna / high,pass,pass,,46.029,92159,0.00268422
r60,Codex-Luna-high,rails-ar-archive-book-access,3,studio,codex,gpt-6-luna,gpt-6-luna / high,pass,pass,,51.003,71420,0.0022498400000000003
r59,Codex-Luna-high,rails-ar-atomic-import,1,studio,codex,gpt-6-luna,gpt-6-luna / high,pass,pass,,65.522,165218,0.00411932
r59,Codex-Luna-high,rails-ar-atomic-import,2,studio,codex,gpt-6-luna,gpt-6-luna / high,pass,pass,,65.96,131030,0.00358756
r59,Codex-Luna-high,rails-ar-atomic-import,3,studio,codex,gpt-6-luna,gpt-6-luna / high,pass,pass,,84.902,169276,0.00445704
r59,Codex-Luna-high,rails-ar-bulk-access-grants,1,studio,codex,gpt-6-luna,gpt-6-luna / high,pass,pass,,115.2,147408,0.00483672
r60,Codex-Luna-high,rails-ar-bulk-access-grants,1,studio,codex,gpt-6-luna,gpt-6-luna / high,fail,fail,,121.86,102610,0.00395452
r59,Codex-Luna-high,rails-ar-bulk-access-grants,2,studio,codex,gpt-6-luna,gpt-6-luna / high,pass,pass,,118.632,169107,0.00526902
r60,Codex-Luna-high,rails-ar-bulk-access-grants,2,studio,codex,gpt-6-luna,gpt-6-luna / high,fail,fail,,245.157,162441,0.005406899999999999
r59,Codex-Luna-high,rails-ar-bulk-access-grants,3,studio,codex,gpt-6-luna,gpt-6-luna / high,fail,fail,,148.323,207695,0.00855054
r60,Codex-Luna-high,rails-ar-bulk-access-grants,3,studio,codex,gpt-6-luna,gpt-6-luna / high,pass,pass,,171.243,169968,0.00553032
r59,Codex-Luna-high,rails-ar-erase-account,1,studio,codex,gpt-6-luna,gpt-6-luna / high,fail,fail,,175.419,414895,0.01050494
r59,Codex-Luna-high,rails-ar-erase-account,2,studio,codex,gpt-6-luna,gpt-6-luna / high,fail,fail,,119.229,271202,0.007552280000000001
r59,Codex-Luna-high,rails-ar-erase-account,3,studio,codex,gpt-6-luna,gpt-6-luna / high,pass,pass,,162.206,408106,0.01094468
r59,Codex-Luna-high,rails-ar-tenant-isolation,1,studio,codex,gpt-6-luna,gpt-6-luna / high,pass,pass,,371.09,509942,0.01191988
r59,Codex-Luna-high,rails-ar-tenant-isolation,2,studio,codex,gpt-6-luna,gpt-6-luna / high,pass,pass,,375.828,664686,0.01464908
r59,Codex-Luna-high,rails-ar-tenant-isolation,3,studio,codex,gpt-6-luna,gpt-6-luna / high,pass,pass,,200.132,443319,0.01176262
r59,Codex-Luna-high,rails-as-variant-processed-once,1,studio,codex,gpt-6-luna,gpt-6-luna / high,fail,fail,,125.657,348574,0.00865452
r60,Codex-Luna-high,rails-as-variant-processed-once,1,studio,codex,gpt-6-luna,gpt-6-luna / high,fail,fail,,279.454,548265,0.01416682
r59,Codex-Luna-high,rails-as-variant-processed-once,2,studio,codex,gpt-6-luna,gpt-6-luna / high,fail,fail,,174.836,264483,0.007499260000000001
r60,Codex-Luna-high,rails-as-variant-processed-once,2,studio,codex,gpt-6-luna,gpt-6-luna / high,fail,fail,,193.292,610584,0.014148720000000002
r59,Codex-Luna-high,rails-as-variant-processed-once,3,studio,codex,gpt-6-luna,gpt-6-luna / high,fail,fail,,177.45,736898,0.01527036
r60,Codex-Luna-high,rails-as-variant-processed-once,3,studio,codex,gpt-6-luna,gpt-6-luna / high,fail,fail,,181.225,603577,0.0131205
r60,Codex-Luna-high,rails-ft-active-storage-tracking,1,studio,codex,gpt-6-luna,gpt-6-luna / high,fail,fail,,411.656,776256,0.0221544
r60,Codex-Luna-high,rails-ft-active-storage-tracking,2,studio,codex,gpt-6-luna,gpt-6-luna / high,fail,fail,,308.331,583815,0.01626878
r60,Codex-Luna-high,rails-ft-active-storage-tracking,3,studio,codex,gpt-6-luna,gpt-6-luna / high,fail,fail,,735.255,1223349,0.0260697
r60,Codex-Luna-high,rails-ft-activity-feed-api,1,studio,codex,gpt-6-luna,gpt-6-luna / high,fail,fail,,270.996,642391,0.0138435
r60,Codex-Luna-high,rails-ft-activity-feed-api,2,studio,codex,gpt-6-luna,gpt-6-luna / high,fail,fail,,157.704,600572,0.01261464
r60,Codex-Luna-high,rails-ft-activity-feed-api,3,studio,codex,gpt-6-luna,gpt-6-luna / high,fail,fail,,143.151,440248,0.01200736
r60,Codex-Luna-high,rails-ft-board-publish-unpublish-public-boundary,1,studio,codex,gpt-6-luna,gpt-6-luna / high,fail,fail,,329.144,818252,0.017110240000000002
r60,Codex-Luna-high,rails-ft-board-publish-unpublish-public-boundary,2,studio,codex,gpt-6-luna,gpt-6-luna / high,fail,fail,,347.588,1451032,0.02613456
r60,Codex-Luna-high,rails-ft-board-publish-unpublish-public-boundary,3,studio,codex,gpt-6-luna,gpt-6-luna / high,fail,fail,,219.707,784028,0.0159472
r60,Codex-Luna-high,rails-ft-cancelled-account-cleanup,1,studio,codex,gpt-6-luna,gpt-6-luna / high,fail,fail,,298.127,518144,0.01303952
r60,Codex-Luna-high,rails-ft-cancelled-account-cleanup,2,studio,codex,gpt-6-luna,gpt-6-luna / high,fail,fail,,176.51,353104,0.01052104
r60,Codex-Luna-high,rails-ft-cancelled-account-cleanup,3,studio,codex,gpt-6-luna,gpt-6-luna / high,fail,fail,,93.366,268067,0.0077031800000000004
r60,Codex-Luna-high,rails-ft-entropy-sweep,1,studio,codex,gpt-6-luna,gpt-6-luna / high,fail,fail,,255.86,488533,0.011625459999999999
r60,Codex-Luna-high,rails-ft-entropy-sweep,2,studio,codex,gpt-6-luna,gpt-6-luna / high,fail,fail,,193.743,442412,0.011718880000000001
r60,Codex-Luna-high,rails-ft-entropy-sweep,3,studio,codex,gpt-6-luna,gpt-6-luna / high,fail,fail,,95.613,312609,0.00895418
r60,Codex-Luna-high,rails-ft-i18n-support,1,studio,codex,gpt-6-luna,gpt-6-luna / high,fail,fail,,533.185,2000383,0.0401091
r60,Codex-Luna-high,rails-ft-i18n-support,2,studio,codex,gpt-6-luna,gpt-6-luna / high,fail,fail,,1421.91,2939518,0.05292556
r60,Codex-Luna-high,rails-ft-i18n-support,3,studio,codex,gpt-6-luna,gpt-6-luna / high,fail,fail,,1230.289,8904964,0.13313464000000003
r59,Codex-Luna-high,rails-ft-mysql-fulltext-search-foundation,1,studio,codex,gpt-6-luna,gpt-6-luna / high,fail,fail,,339.655,523195,0.013073740000000002
r60,Codex-Luna-high,rails-ft-mysql-fulltext-search-foundation,1,studio,codex,gpt-6-luna,gpt-6-luna / high,fail,fail,,453.924,630785,0.014662020000000001
r59,Codex-Luna-high,rails-ft-mysql-fulltext-search-foundation,2,studio,codex,gpt-6-luna,gpt-6-luna / high,fail,fail,,207.926,946923,0.01802446
r60,Codex-Luna-high,rails-ft-mysql-fulltext-search-foundation,2,studio,codex,gpt-6-luna,gpt-6-luna / high,fail,fail,,147.642,546590,0.01280892
r59,Codex-Luna-high,rails-ft-mysql-fulltext-search-foundation,3,studio,codex,gpt-6-luna,gpt-6-luna / high,fail,fail,,350.058,722062,0.0176922
r60,Codex-Luna-high,rails-ft-mysql-fulltext-search-foundation,3,studio,codex,gpt-6-luna,gpt-6-luna / high,fail,fail,,210.347,712022,0.01691164
r60,Codex-Luna-high,rails-ft-notification-bundle-window-overlap,1,studio,codex,gpt-6-luna,gpt-6-luna / high,fail,fail,,490.352,497749,0.01287026
r60,Codex-Luna-high,rails-ft-notification-bundle-window-overlap,2,studio,codex,gpt-6-luna,gpt-6-luna / high,fail,fail,,244.079,902766,0.021342120000000003
r60,Codex-Luna-high,rails-ft-notification-bundle-window-overlap,3,studio,codex,gpt-6-luna,gpt-6-luna / high,fail,fail,,370.373,898643,0.019114940000000004
r60,Codex-Luna-high,rails-ft-saas-billing,1,studio,codex,gpt-6-luna,gpt-6-luna / high,fail,fail,,857.315,2580877,0.046615779999999996
r60,Codex-Luna-high,rails-ft-saas-billing,2,studio,codex,gpt-6-luna,gpt-6-luna / high,fail,fail,,477.407,1490622,0.03321732
r60,Codex-Luna-high,rails-ft-saas-billing,3,studio,codex,gpt-6-luna,gpt-6-luna / high,fail,fail,,581.378,2491759,0.046655020000000005
r59,Codex-Luna-high,rails-hw-scoped-broadcast,1,studio,codex,gpt-6-luna,gpt-6-luna / high,fail,fail,,76.305,188470,0.006838360000000001
r60,Codex-Luna-high,rails-hw-scoped-broadcast,1,studio,codex,gpt-6-luna,gpt-6-luna / high,fail,fail,,96.891,200573,0.006830900000000001
r59,Codex-Luna-high,rails-hw-scoped-broadcast,2,studio,codex,gpt-6-luna,gpt-6-luna / high,fail,fail,,92.754,147725,0.00491802
r60,Codex-Luna-high,rails-hw-scoped-broadcast,2,studio,codex,gpt-6-luna,gpt-6-luna / high,fail,fail,,127.126,262672,0.00647768
r59,Codex-Luna-high,rails-hw-scoped-broadcast,3,studio,codex,gpt-6-luna,gpt-6-luna / high,fail,fail,,83.505,178197,0.00468666
r60,Codex-Luna-high,rails-hw-scoped-broadcast,3,studio,codex,gpt-6-luna,gpt-6-luna / high,fail,fail,,60.41,155285,0.004265140000000001
r60,Codex-Luna-high,rails-sec-audit-sweep,1,studio,codex,gpt-6-luna,gpt-6-luna / high,pass,pass,,57.169,162113,0.00513306
r60,Codex-Luna-high,rails-sec-audit-sweep,2,studio,codex,gpt-6-luna,gpt-6-luna / high,pass,pass,,107.936,168945,0.004971860000000001
r60,Codex-Luna-high,rails-sec-audit-sweep,3,studio,codex,gpt-6-luna,gpt-6-luna / high,pass,pass,,256.491,449099,0.010434220000000001
r60,Codex-Luna-high,rails-sup-legacy-conversions,1,studio,codex,gpt-6-luna,gpt-6-luna / high,fail,fail,,112.488,151732,0.00443048
r60,Codex-Luna-high,rails-sup-legacy-conversions,2,studio,codex,gpt-6-luna,gpt-6-luna / high,pass,pass,,88.258,165958,0.00489316
r60,Codex-Luna-high,rails-sup-legacy-conversions,3,studio,codex,gpt-6-luna,gpt-6-luna / high,pass,pass,,171.309,240549,0.006692180000000001
unmapped,,elx-05-cache-single-flight,2,kogen-bench-eu,codex,gpt-6-luna,low,pass,pass,,42.195,82147,0.00223206
unmapped,,rails-ac-throttle-search,1,kogen-bench-us,codex,gpt-6-luna,low,pass,unresolved,environment label requires evidence review; no exclusion asserted,24.545,195607,0.0055447
unmapped,,rails-ac-throttle-search,2,kogen-bench-us,codex,gpt-6-luna,low,pass,unresolved,environment label requires evidence review; no exclusion asserted,143.121,275085,0.00589394
unmapped,,rails-aj-enqueue-after-commit,1,kogen-bench-eu,codex,gpt-6-luna,low,fail,unresolved,environment label requires evidence review; no exclusion asserted,22.169,102531,0.0025860600000000003
unmapped,,rails-aj-enqueue-after-commit,2,kogen-bench-eu,codex,gpt-6-luna,low,fail,unresolved,environment label requires evidence review; no exclusion asserted,33.685,139056,0.00306824
unmapped,,rails-ar-archive-book-access,1,kogen-bench-us,codex,gpt-6-luna,low,pass,unresolved,environment label requires evidence review; no exclusion asserted,22.675,87530,0.0020233200000000003
unmapped,,rails-ar-archive-book-access,2,kogen-bench-us,codex,gpt-6-luna,low,pass,unresolved,environment label requires evidence review; no exclusion asserted,32.703,129196,0.00286256
unmapped,,rails-sup-legacy-conversions,1,kogen-bench-eu,codex,gpt-6-luna,low,fail,unresolved,environment label requires evidence review; no exclusion asserted,39.355,171815,0.0037775
unmapped,,rails-sup-legacy-conversions,2,kogen-bench-eu,codex,gpt-6-luna,low,fail,unresolved,environment label requires evidence review; no exclusion asserted,31.754,104982,0.00335476
unmapped,,rt-02,2,kogen-bench-eu,codex,gpt-6-luna,low,pass,unresolved,environment label requires evidence review; no exclusion asserted,31.167,65538,0.0018666800000000001
unmapped,,syn-14,1,orchestrator-control,codex,gpt-6-luna,low,pass,pass,,36.718,97554,0.00250548
unmapped,,syn-14,1,orchestrator-control,codex,gpt-6-luna,low,pass,pass,,,,
unmapped,,syn-14,2,orchestrator-control,codex,gpt-6-luna,low,pass,pass,,55.254,116521,0.00278554
unmapped,,syn-14,2,orchestrator-control,codex,gpt-6-luna,low,pass,pass,,,,
unmapped,,syn-17,1,orchestrator-control,codex,gpt-6-luna,low,pass,pass,,63.803,191019,0.00435966
unmapped,,syn-17,1,orchestrator-control,codex,gpt-6-luna,low,pass,pass,,,,
unmapped,,syn-17,2,orchestrator-control,codex,gpt-6-luna,low,pass,pass,,58.393,206428,0.0045844
unmapped,,syn-17,2,orchestrator-control,codex,gpt-6-luna,low,pass,pass,,,,
r70-rve-rerun,elixir,r70-1-elixir,12,kogen-bench-eu,codex,gpt-6-luna,max,pass,pass,,,,
r70-rve-rerun,elixir,r70-1-elixir,15,kogen-bench-eu,codex,gpt-6-luna,max,pass,pass,,,,
r70-rve-rerun,elixir,r70-1-elixir,6,kogen-bench-eu,codex,gpt-6-luna,max,pass,pass,,,,
r70-rve-ext,elixir,r70-2-elixir,31,kogen-bench-eu,codex,gpt-6-luna,max,fail,fail,,1388.391,9140731,
r70-rve-ext,elixir,r70-2-elixir,32,kogen-bench-eu,codex,gpt-6-luna,max,pass,pass,,1139.43,6795326,
r70-rve-ext,elixir,r70-2-elixir,33,kogen-bench-eu,codex,gpt-6-luna,max,fail,fail,,1501.801,6450482,
r70-rve-ext,go,r70-2-go,31,kogen-bench-us,codex,gpt-6-luna,max,pass,pass,,349.767,823837,
r70-rve-ext,go,r70-2-go,32,kogen-bench-us,codex,gpt-6-luna,max,fail,fail,,302.759,1116301,
r70-rve-ext,go,r70-2-go,33,kogen-bench-us,codex,gpt-6-luna,max,pass,pass,,472.376,412688,
r70-rve-ext,rust,r70-2-rust,31,kogen-bench-eu,codex,gpt-6-luna,max,pass,pass,,283.296,470132,
r70-rve-ext,rust,r70-2-rust,32,kogen-bench-eu,codex,gpt-6-luna,max,pass,pass,,430.159,723980,
r70-rve-ext,ts-bun,r70-2-ts-bun,31,kogen-bench-us,codex,gpt-6-luna,max,pass,pass,,813.213,875038,
r70-rve-ext,ts-bun,r70-2-ts-bun,32,kogen-bench-us,codex,gpt-6-luna,max,pass,pass,,539.985,789920,
r70-rve-rerun,elixir,r70-4-elixir,10,kogen-bench-eu,codex,gpt-6-luna,max,fail,fail,,,,
r70-rve-rerun,elixir,r70-4-elixir,13,kogen-bench-eu,codex,gpt-6-luna,max,fail,fail,,,,
r70-rve-rerun,elixir,r70-4-elixir,9,kogen-bench-eu,codex,gpt-6-luna,max,fail,fail,,,,
r70-rve-rerun,go,r70-4-go,10,kogen-bench-us,codex,gpt-6-luna,max,pass,pass,,,,
r70-rve-rerun,go,r70-4-go,13,kogen-bench-us,codex,gpt-6-luna,max,pass,pass,,,,
r70-rve-rerun,go,r70-4-go,9,kogen-bench-us,codex,gpt-6-luna,max,pass,pass,,,,
r70-rve-rerun,rust,r70-4-rust,10,kogen-bench-eu,codex,gpt-6-luna,max,pass,pass,,,,
r70-rve-rerun,rust,r70-4-rust,13,kogen-bench-eu,codex,gpt-6-luna,max,pass,pass,,,,
r70-rve-rerun,rust,r70-4-rust,9,kogen-bench-eu,codex,gpt-6-luna,max,pass,pass,,,,
r70-rve-rerun,ts-bun,r70-4-ts-bun,10,kogen-bench-us,codex,gpt-6-luna,max,pass,pass,,,,
r70-rve-rerun,ts-bun,r70-4-ts-bun,13,kogen-bench-us,codex,gpt-6-luna,max,pass,pass,,,,
r70-rve-rerun,ts-bun,r70-4-ts-bun,9,kogen-bench-us,codex,gpt-6-luna,max,fail,fail,,,,
r70-rve-ext,elixir,r70-5-elixir,31,kogen-bench-eu,codex,gpt-6-luna,max,pass,pass,,642.482,987305,
r70-rve-ext,elixir,r70-5-elixir,32,kogen-bench-eu,codex,gpt-6-luna,max,pass,pass,,393.454,995575,
r70-rve-ext,go,r70-5-go,31,kogen-bench-us,codex,gpt-6-luna,max,pass,pass,,530.883,353577,
r70-rve-ext,go,r70-5-go,32,kogen-bench-us,codex,gpt-6-luna,max,fail,fail,,410.441,458572,
r70-rve-ext,go,r70-5-go,33,kogen-bench-us,codex,gpt-6-luna,max,pass,pass,,260.649,421719,
r70-rve-ext,rust,r70-5-rust,31,kogen-bench-eu,codex,gpt-6-luna,max,pass,pass,,450.904,372593,
r70-rve-ext,rust,r70-5-rust,32,kogen-bench-eu,codex,gpt-6-luna,max,pass,pass,,378.545,303299,
r70-rve-ext,ts-bun,r70-5-ts-bun,31,kogen-bench-us,codex,gpt-6-luna,max,pass,pass,,462.997,458591,
r70-rve-ext,ts-bun,r70-5-ts-bun,32,kogen-bench-us,codex,gpt-6-luna,max,pass,pass,,462.215,860534,
r70-rve-ext,elixir,r70-7-elixir,31,kogen-bench-eu,codex,gpt-6-luna,max,fail,fail,,3600.733,888801,
r70-rve-ext,elixir,r70-7-elixir,32,kogen-bench-eu,codex,gpt-6-luna,max,pass,pass,,316.168,761822,
r70-rve-ext,elixir,r70-7-elixir,33,kogen-bench-eu,codex,gpt-6-luna,max,pass,pass,,467.781,411527,
r70-rve-ext,go,r70-7-go,31,kogen-bench-us,codex,gpt-6-luna,max,pass,pass,,236.823,372109,
r70-rve-ext,go,r70-7-go,32,kogen-bench-us,codex,gpt-6-luna,max,pass,pass,,223.098,263801,
r70-rve-ext,rust,r70-7-rust,31,kogen-bench-eu,codex,gpt-6-luna,max,fail,fail,,252.362,202828,
r70-rve-ext,rust,r70-7-rust,32,kogen-bench-eu,codex,gpt-6-luna,max,pass,pass,,274.484,397284,
r70-rve-ext,rust,r70-7-rust,33,kogen-bench-eu,codex,gpt-6-luna,max,pass,pass,,203.761,602196,
r70-rve-ext,ts-bun,r70-7-ts-bun,31,kogen-bench-us,codex,gpt-6-luna,max,pass,pass,,348.033,269527,
r70-rve-ext,ts-bun,r70-7-ts-bun,32,kogen-bench-us,codex,gpt-6-luna,max,pass,pass,,300.786,244243,
r60,Codex-Luna-max,rails-ac-throttle-search,1,studio,codex,gpt-6-luna,gpt-6-luna / max,pass,pass,,168.376,368418,0.01116436
r60,Codex-Luna-max,rails-ac-throttle-search,2,studio,codex,gpt-6-luna,gpt-6-luna / max,fail,fail,,367.937,691687,0.01882366
r60,Codex-Luna-max,rails-ac-throttle-search,3,studio,codex,gpt-6-luna,gpt-6-luna / max,pass,pass,,135.563,272959,0.007222780000000001
r60b,Codex-Luna-max,rails-ac-throttle-search,4,studio,codex,gpt-6-luna,gpt-6-luna / max,pass,pass,,734.24,1170880,0.02870192
r60,Codex-Luna-max,rails-aj-enqueue-after-commit,1,studio,codex,gpt-6-luna,gpt-6-luna / max,pass,pass,,175.542,241601,0.00691922
r60,Codex-Luna-max,rails-aj-enqueue-after-commit,2,studio,codex,gpt-6-luna,gpt-6-luna / max,pass,pass,,245.934,350424,0.008789680000000001
r60,Codex-Luna-max,rails-aj-enqueue-after-commit,3,studio,codex,gpt-6-luna,gpt-6-luna / max,pass,pass,,149.556,307800,0.00806696
r60b,Codex-Luna-max,rails-aj-enqueue-after-commit,4,studio,codex,gpt-6-luna,gpt-6-luna / max,pass,pass,,172.991,357073,0.00875178
r53,Codex-Luna-max,rails-aj-resumable-cleanup,1,studio,codex,gpt-6-luna,gpt-6-luna / max,pass,pass,,231.482,200177,0.00990634
r53,Codex-Luna-max,rails-aj-resumable-cleanup,2,studio,codex,gpt-6-luna,gpt-6-luna / max,pass,pass,,181.298,217537,0.01043434
r53,Codex-Luna-max,rails-aj-resumable-cleanup,3,studio,codex,gpt-6-luna,gpt-6-luna / max,pass,pass,,340.772,309798,0.012399
r53b,Codex-Luna-max,rails-aj-resumable-cleanup,4,studio,codex,gpt-6-luna,max,pass,pass,,321.617,270253,0.014341940000000001
r53b,Codex-Luna-max,rails-aj-resumable-cleanup,5,studio,codex,gpt-6-luna,max,pass,pass,,355.697,817496,0.02175896
r53b,Codex-Luna-max,rails-aj-resumable-cleanup,6,studio,codex,gpt-6-luna,max,pass,pass,,345.47,446818,0.01624516
r60,Codex-Luna-max,rails-ar-archive-book-access,1,studio,codex,gpt-6-luna,gpt-6-luna / max,pass,pass,,80.923,95582,0.0029126800000000004
r60,Codex-Luna-max,rails-ar-archive-book-access,2,studio,codex,gpt-6-luna,gpt-6-luna / max,pass,pass,,74.571,101799,0.00368054
r60,Codex-Luna-max,rails-ar-archive-book-access,3,studio,codex,gpt-6-luna,gpt-6-luna / max,pass,pass,,55.209,108729,0.0036650600000000004
r60b,Codex-Luna-max,rails-ar-archive-book-access,4,studio,codex,gpt-6-luna,gpt-6-luna / max,pass,pass,,84.002,90866,0.00303252
r53,Codex-Luna-max,rails-ar-atomic-import,1,studio,codex,gpt-6-luna,gpt-6-luna / max,pass,pass,,104.751,106938,0.004515239999999999
r53,Codex-Luna-max,rails-ar-atomic-import,2,studio,codex,gpt-6-luna,gpt-6-luna / max,pass,pass,,147.094,143240,0.00511928
r53,Codex-Luna-max,rails-ar-atomic-import,3,studio,codex,gpt-6-luna,gpt-6-luna / max,pass,pass,,210.101,181561,0.00663666
r53b,Codex-Luna-max,rails-ar-atomic-import,4,studio,codex,gpt-6-luna,max,pass,pass,,107.465,104161,0.00475466
r53b,Codex-Luna-max,rails-ar-atomic-import,5,studio,codex,gpt-6-luna,max,pass,pass,,185.015,224796,0.007676960000000001
r53b,Codex-Luna-max,rails-ar-atomic-import,6,studio,codex,gpt-6-luna,max,pass,pass,,143.458,254549,0.00796586
r60,Codex-Luna-max,rails-ar-bulk-access-grants,1,studio,codex,gpt-6-luna,gpt-6-luna / max,pass,pass,,307.389,181938,0.00989668
r60,Codex-Luna-max,rails-ar-bulk-access-grants,2,studio,codex,gpt-6-luna,gpt-6-luna / max,pass,pass,,305.466,331043,0.0154791
r60,Codex-Luna-max,rails-ar-bulk-access-grants,3,studio,codex,gpt-6-luna,gpt-6-luna / max,pass,pass,,270.856,212943,0.01098518
r60b,Codex-Luna-max,rails-ar-bulk-access-grants,4,studio,codex,gpt-6-luna,gpt-6-luna / max,fail,fail,,386.029,373743,0.01563878
r53,Codex-Luna-max,rails-ar-erase-account,1,studio,codex,gpt-6-luna,gpt-6-luna / max,pass,pass,,579.811,1333877,0.0332065
r53,Codex-Luna-max,rails-ar-erase-account,2,studio,codex,gpt-6-luna,gpt-6-luna / max,fail,fail,,758.676,920950,0.02586724
r53,Codex-Luna-max,rails-ar-erase-account,3,studio,codex,gpt-6-luna,gpt-6-luna / max,pass,pass,,598.985,1638440,0.04026168
r53b,Codex-Luna-max,rails-ar-erase-account,4,studio,codex,gpt-6-luna,max,fail,fail,,643.754,974160,0.029315360000000002
r53b,Codex-Luna-max,rails-ar-erase-account,5,studio,codex,gpt-6-luna,max,fail,fail,,472.294,619959,0.02223686
r53b,Codex-Luna-max,rails-ar-erase-account,6,studio,codex,gpt-6-luna,max,pass,pass,,626.84,560888,0.01997136
r53,Codex-Luna-max,rails-ar-tenant-isolation,1,studio,codex,gpt-6-luna,gpt-6-luna / max,pass,pass,,450.029,1164762,0.026872600000000003
r53,Codex-Luna-max,rails-ar-tenant-isolation,2,studio,codex,gpt-6-luna,gpt-6-luna / max,pass,pass,,592.396,1092024,0.03087968
r53,Codex-Luna-max,rails-ar-tenant-isolation,3,studio,codex,gpt-6-luna,gpt-6-luna / max,pass,pass,,792.949,2011716,0.043691919999999995
r53b,Codex-Luna-max,rails-ar-tenant-isolation,4,studio,codex,gpt-6-luna,max,pass,pass,,701.689,741843,0.02454374
r53b,Codex-Luna-max,rails-ar-tenant-isolation,5,studio,codex,gpt-6-luna,max,pass,pass,,656.734,1046775,0.02985766
r53b,Codex-Luna-max,rails-ar-tenant-isolation,6,studio,codex,gpt-6-luna,max,pass,pass,,520.98,1255013,0.030422260000000003
r60,Codex-Luna-max,rails-as-variant-processed-once,1,studio,codex,gpt-6-luna,gpt-6-luna / max,fail,fail,,187.977,330431,0.01124726
r60,Codex-Luna-max,rails-as-variant-processed-once,2,studio,codex,gpt-6-luna,gpt-6-luna / max,fail,fail,,530.607,828623,0.02278886
r60,Codex-Luna-max,rails-as-variant-processed-once,3,studio,codex,gpt-6-luna,gpt-6-luna / max,fail,fail,,179.568,487508,0.01339304
r60b,Codex-Luna-max,rails-as-variant-processed-once,4,studio,codex,gpt-6-luna,gpt-6-luna / max,fail,fail,,338.485,674076,0.01991168
r60,Codex-Luna-max,rails-ft-active-storage-tracking,1,studio,codex,gpt-6-luna,gpt-6-luna / max,fail,fail,,1419.813,2920139,0.0794515
r60,Codex-Luna-max,rails-ft-active-storage-tracking,2,studio,codex,gpt-6-luna,gpt-6-luna / max,fail,fail,,2230.78,1830808,0.048569919999999996
r60,Codex-Luna-max,rails-ft-active-storage-tracking,3,studio,codex,gpt-6-luna,gpt-6-luna / max,fail,fail,,1472.254,3175729,0.08246714
r60b,Codex-Luna-max,rails-ft-active-storage-tracking,4,studio,codex,gpt-6-luna,gpt-6-luna / max,fail,fail,,2849.764,3905109,0.08285066
r60,Codex-Luna-max,rails-ft-activity-feed-api,1,studio,codex,gpt-6-luna,gpt-6-luna / max,fail,fail,,414.213,1138698,0.02927956
r60,Codex-Luna-max,rails-ft-activity-feed-api,2,studio,codex,gpt-6-luna,gpt-6-luna / max,fail,fail,,352.751,954961,0.0251545
r60,Codex-Luna-max,rails-ft-activity-feed-api,3,studio,codex,gpt-6-luna,gpt-6-luna / max,fail,fail,,344.034,1108502,0.02604692
r60b,Codex-Luna-max,rails-ft-activity-feed-api,4,studio,codex,gpt-6-luna,gpt-6-luna / max,fail,fail,,349.354,767509,0.021241060000000003
r60,Codex-Luna-max,rails-ft-board-publish-unpublish-public-boundary,1,studio,codex,gpt-6-luna,gpt-6-luna / max,fail,fail,,1381.224,3231164,0.05736488000000001
r60,Codex-Luna-max,rails-ft-board-publish-unpublish-public-boundary,2,studio,codex,gpt-6-luna,gpt-6-luna / max,fail,fail,,520.753,1397912,0.035172800000000004
r60,Codex-Luna-max,rails-ft-board-publish-unpublish-public-boundary,3,studio,codex,gpt-6-luna,gpt-6-luna / max,fail,fail,,409.521,1021957,0.02591034
r60b,Codex-Luna-max,rails-ft-board-publish-unpublish-public-boundary,4,studio,codex,gpt-6-luna,gpt-6-luna / max,pass,pass,,1202.626,3088832,0.06499808
r60,Codex-Luna-max,rails-ft-cancelled-account-cleanup,1,studio,codex,gpt-6-luna,gpt-6-luna / max,fail,fail,,747.418,1174078,0.027789
r60,Codex-Luna-max,rails-ft-cancelled-account-cleanup,2,studio,codex,gpt-6-luna,gpt-6-luna / max,fail,fail,,343.219,461175,0.01517006
r60,Codex-Luna-max,rails-ft-cancelled-account-cleanup,3,studio,codex,gpt-6-luna,gpt-6-luna / max,fail,fail,,469.082,518522,0.02152116
r60b,Codex-Luna-max,rails-ft-cancelled-account-cleanup,4,studio,codex,gpt-6-luna,gpt-6-luna / max,fail,fail,,862.698,1477624,0.036042880000000006
r60,Codex-Luna-max,rails-ft-entropy-sweep,1,studio,codex,gpt-6-luna,gpt-6-luna / max,fail,fail,,267.899,344143,0.01374142
r60,Codex-Luna-max,rails-ft-entropy-sweep,2,studio,codex,gpt-6-luna,gpt-6-luna / max,pass,pass,,477.448,804987,0.021386300000000004
r60,Codex-Luna-max,rails-ft-entropy-sweep,3,studio,codex,gpt-6-luna,gpt-6-luna / max,fail,fail,,447.189,751410,0.02378628
r60b,Codex-Luna-max,rails-ft-entropy-sweep,4,studio,codex,gpt-6-luna,gpt-6-luna / max,pass,pass,,821.38,676662,0.0207774
r60,Codex-Luna-max,rails-ft-mysql-fulltext-search-foundation,1,studio,codex,gpt-6-luna,gpt-6-luna / max,fail,fail,,669.794,1456776,0.04246632
r60,Codex-Luna-max,rails-ft-mysql-fulltext-search-foundation,2,studio,codex,gpt-6-luna,gpt-6-luna / max,fail,fail,,411.775,821138,0.02516332
r60,Codex-Luna-max,rails-ft-mysql-fulltext-search-foundation,3,studio,codex,gpt-6-luna,gpt-6-luna / max,fail,fail,,379.374,635154,0.023938760000000003
r60b,Codex-Luna-max,rails-ft-mysql-fulltext-search-foundation,4,studio,codex,gpt-6-luna,gpt-6-luna / max,fail,fail,,893.753,2725561,0.060582340000000005
r60,Codex-Luna-max,rails-ft-notification-bundle-window-overlap,1,studio,codex,gpt-6-luna,gpt-6-luna / max,fail,fail,,1019.645,3971512,0.07531752
r60,Codex-Luna-max,rails-ft-notification-bundle-window-overlap,2,studio,codex,gpt-6-luna,gpt-6-luna / max,fail,fail,,1157.354,2070682,0.05283108
r60,Codex-Luna-max,rails-ft-notification-bundle-window-overlap,3,studio,codex,gpt-6-luna,gpt-6-luna / max,fail,fail,,1170.865,979109,0.03660922
r60b,Codex-Luna-max,rails-ft-notification-bundle-window-overlap,4,studio,codex,gpt-6-luna,gpt-6-luna / max,fail,fail,,1590.861,2039697,0.04752442
r60,Codex-Luna-max,rails-ft-saas-billing,1,studio,codex,gpt-6-luna,gpt-6-luna / max,fail,fail,,2764.443,4133830,0.09595028
r60,Codex-Luna-max,rails-ft-saas-billing,2,studio,codex,gpt-6-luna,gpt-6-luna / max,fail,fail,,2918.049,6039439,0.15984406
r60,Codex-Luna-max,rails-ft-saas-billing,3,studio,codex,gpt-6-luna,gpt-6-luna / max,fail,fail,,2425.017,4904003,0.1058423
r60b,Codex-Luna-max,rails-ft-saas-billing,4,studio,codex,gpt-6-luna,gpt-6-luna / max,fail,fail,,1944.024,3434437,0.07791786
r60,Codex-Luna-max,rails-hw-scoped-broadcast,1,studio,codex,gpt-6-luna,gpt-6-luna / max,pass,pass,,232.438,258142,0.011320760000000001
r60,Codex-Luna-max,rails-hw-scoped-broadcast,2,studio,codex,gpt-6-luna,gpt-6-luna / max,pass,pass,,530.507,306555,0.01136182
r60,Codex-Luna-max,rails-hw-scoped-broadcast,3,studio,codex,gpt-6-luna,gpt-6-luna / max,fail,fail,,329.351,441335,0.013297740000000002
r60b,Codex-Luna-max,rails-hw-scoped-broadcast,4,studio,codex,gpt-6-luna,gpt-6-luna / max,fail,fail,,159.872,202836,0.0083012
r60,Codex-Luna-max,rails-sec-audit-sweep,1,studio,codex,gpt-6-luna,gpt-6-luna / max,pass,pass,,209.475,267850,0.01083012
r60,Codex-Luna-max,rails-sec-audit-sweep,2,studio,codex,gpt-6-luna,gpt-6-luna / max,pass,pass,,292.983,287257,0.010027139999999999
r60,Codex-Luna-max,rails-sec-audit-sweep,3,studio,codex,gpt-6-luna,gpt-6-luna / max,pass,pass,,183.338,441831,0.01217942
r60b,Codex-Luna-max,rails-sec-audit-sweep,4,studio,codex,gpt-6-luna,gpt-6-luna / max,pass,pass,,307.619,299925,0.00982914
r60,Codex-Luna-max,rails-sup-legacy-conversions,1,studio,codex,gpt-6-luna,gpt-6-luna / max,pass,pass,,283.425,265604,0.00868136
r60,Codex-Luna-max,rails-sup-legacy-conversions,2,studio,codex,gpt-6-luna,gpt-6-luna / max,pass,pass,,211.361,395857,0.0124081
r60,Codex-Luna-max,rails-sup-legacy-conversions,3,studio,codex,gpt-6-luna,gpt-6-luna / max,pass,pass,,210.923,188998,0.007420680000000001
r60b,Codex-Luna-max,rails-sup-legacy-conversions,4,studio,codex,gpt-6-luna,gpt-6-luna / max,pass,pass,,174.486,219926,0.009603
r59,Codex-Luna-medium,rails-ac-throttle-search,1,studio,codex,gpt-6-luna,gpt-6-luna / medium,pass,pass,,62.902,160088,0.00437088
r59,Codex-Luna-medium,rails-ac-throttle-search,2,studio,codex,gpt-6-luna,gpt-6-luna / medium,pass,pass,,117.979,264998,0.006132200000000001
r59,Codex-Luna-medium,rails-ac-throttle-search,3,studio,codex,gpt-6-luna,gpt-6-luna / medium,pass,pass,,81.897,142371,0.0034776600000000005
r59,Codex-Luna-medium,rails-aj-enqueue-after-commit,1,studio,codex,gpt-6-luna,gpt-6-luna / medium,pass,pass,,60.163,121240,0.00386792
r59,Codex-Luna-medium,rails-aj-enqueue-after-commit,2,studio,codex,gpt-6-luna,gpt-6-luna / medium,fail,fail,,68.487,154356,0.0034385600000000002
r59,Codex-Luna-medium,rails-aj-enqueue-after-commit,3,studio,codex,gpt-6-luna,gpt-6-luna / medium,fail,fail,,70.565,99741,0.0024576999999999997
r59,Codex-Luna-medium,rails-aj-resumable-cleanup,1,studio,codex,gpt-6-luna,gpt-6-luna / medium,fail,fail,,60.035,107401,0.0041745
r59,Codex-Luna-medium,rails-aj-resumable-cleanup,2,studio,codex,gpt-6-luna,gpt-6-luna / medium,pass,pass,,82.823,206978,0.004562200000000001
r59,Codex-Luna-medium,rails-aj-resumable-cleanup,3,studio,codex,gpt-6-luna,gpt-6-luna / medium,fail,fail,,87.181,197953,0.00574042
r59,Codex-Luna-medium,rails-ar-atomic-import,1,studio,codex,gpt-6-luna,gpt-6-luna / medium,pass,pass,,50.722,123859,0.0030240600000000003
r59,Codex-Luna-medium,rails-ar-atomic-import,2,studio,codex,gpt-6-luna,gpt-6-luna / medium,pass,pass,,58.744,130322,0.0029004400000000002
r59,Codex-Luna-medium,rails-ar-atomic-import,3,studio,codex,gpt-6-luna,gpt-6-luna / medium,pass,pass,,50.254,95159,0.00262982
r59,Codex-Luna-medium,rails-ar-bulk-access-grants,1,studio,codex,gpt-6-luna,gpt-6-luna / medium,fail,fail,,67.459,112113,0.0034398600000000003
r59,Codex-Luna-medium,rails-ar-bulk-access-grants,2,studio,codex,gpt-6-luna,gpt-6-luna / medium,fail,fail,,89.221,132861,0.00381274
r59,Codex-Luna-medium,rails-ar-bulk-access-grants,3,studio,codex,gpt-6-luna,gpt-6-luna / medium,fail,fail,,62.276,118765,0.00310866
r59,Codex-Luna-medium,rails-ar-erase-account,1,studio,codex,gpt-6-luna,gpt-6-luna / medium,fail,fail,,58.235,171084,0.004424
r59,Codex-Luna-medium,rails-ar-erase-account,2,studio,codex,gpt-6-luna,gpt-6-luna / medium,fail,fail,,74.177,188938,0.00465572
r59,Codex-Luna-medium,rails-ar-erase-account,3,studio,codex,gpt-6-luna,gpt-6-luna / medium,fail,fail,,70.325,176820,0.00496832
r59,Codex-Luna-medium,rails-ar-tenant-isolation,1,studio,codex,gpt-6-luna,gpt-6-luna / medium,pass,pass,,131.705,260709,0.006497220000000001
r59,Codex-Luna-medium,rails-ar-tenant-isolation,2,studio,codex,gpt-6-luna,gpt-6-luna / medium,fail,fail,,95.261,177093,0.00614858
r59,Codex-Luna-medium,rails-ar-tenant-isolation,3,studio,codex,gpt-6-luna,gpt-6-luna / medium,fail,fail,,194.614,333774,0.00802956
r59,Codex-Luna-medium,rails-as-variant-processed-once,1,studio,codex,gpt-6-luna,gpt-6-luna / medium,fail,fail,,108.141,429845,0.01035314
r59,Codex-Luna-medium,rails-as-variant-processed-once,2,studio,codex,gpt-6-luna,gpt-6-luna / medium,fail,fail,,120.996,428902,0.00849724
r59,Codex-Luna-medium,rails-as-variant-processed-once,3,studio,codex,gpt-6-luna,gpt-6-luna / medium,fail,fail,,93.879,229740,0.005197200000000001
r59,Codex-Luna-medium,rails-ft-mysql-fulltext-search-foundation,1,studio,codex,gpt-6-luna,gpt-6-luna / medium,fail,fail,,112.394,292533,0.006469460000000001
r59,Codex-Luna-medium,rails-ft-mysql-fulltext-search-foundation,2,studio,codex,gpt-6-luna,gpt-6-luna / medium,fail,fail,,72.7,168445,0.00446362
r59,Codex-Luna-medium,rails-ft-mysql-fulltext-search-foundation,3,studio,codex,gpt-6-luna,gpt-6-luna / medium,fail,fail,,108.703,394313,0.00859434
r59,Codex-Luna-medium,rails-hw-scoped-broadcast,1,studio,codex,gpt-6-luna,gpt-6-luna / medium,fail,fail,,49.418,167506,0.00367132
r59,Codex-Luna-medium,rails-hw-scoped-broadcast,2,studio,codex,gpt-6-luna,gpt-6-luna / medium,fail,fail,,98.557,135748,0.0035041599999999997
r59,Codex-Luna-medium,rails-hw-scoped-broadcast,3,studio,codex,gpt-6-luna,gpt-6-luna / medium,fail,fail,,87.156,212008,0.004674
r60,Codex-Sol-high,rails-ac-throttle-search,1,studio,codex,gpt-6.1-sol,gpt-6.1-sol / high,fail,fail,,302.894,590945,0.196258
r60,Codex-Sol-high,rails-ac-throttle-search,2,studio,codex,gpt-6.1-sol,gpt-6.1-sol / high,fail,fail,,307.808,640396,0.26620320000000003
r60b,Codex-Sol-high,rails-ac-throttle-search,3,studio,codex,gpt-6.1-sol,gpt-6.1-sol / high,pass,pass,,394.827,899777,0.358674
r64b,Codex-Sol-high,rails-ac-throttle-search,4,studio,codex,gpt-6.1-sol,gpt-6.1-sol / high,pass,pass,,342.649,955877,0.3210004
r64b,Codex-Sol-high,rails-ac-throttle-search,5,studio,codex,gpt-6.1-sol,gpt-6.1-sol / high,fail,fail,,227.783,605372,0.2177472
r60,Codex-Sol-high,rails-aj-enqueue-after-commit,1,studio,codex,gpt-6.1-sol,gpt-6.1-sol / high,pass,pass,,262.757,444671,0.18660279999999999
r60,Codex-Sol-high,rails-aj-enqueue-after-commit,2,studio,codex,gpt-6.1-sol,gpt-6.1-sol / high,pass,pass,,336.115,530271,0.1910364
r60b,Codex-Sol-high,rails-aj-enqueue-after-commit,3,studio,codex,gpt-6.1-sol,gpt-6.1-sol / high,pass,pass,,257.7,454211,0.1782348
r64b,Codex-Sol-high,rails-aj-enqueue-after-commit,4,studio,codex,gpt-6.1-sol,gpt-6.1-sol / high,pass,pass,,244.892,324855,0.16874039999999998
r64b,Codex-Sol-high,rails-aj-enqueue-after-commit,5,studio,codex,gpt-6.1-sol,gpt-6.1-sol / high,pass,pass,,254.668,495060,0.1904
r53,Codex-Sol-high,rails-aj-resumable-cleanup,1,studio,codex,gpt-6.1-sol,gpt-6.1-sol / high,pass,pass,,443.123,564642,0.281356
r53,Codex-Sol-high,rails-aj-resumable-cleanup,2,studio,codex,gpt-6.1-sol,gpt-6.1-sol / high,pass,pass,,398.238,622127,0.2632348
r53,Codex-Sol-high,rails-aj-resumable-cleanup,3,studio,codex,gpt-6.1-sol,gpt-6.1-sol / high,pass,pass,,425.439,780241,0.27723559999999997
r53b,Codex-Sol-high,rails-aj-resumable-cleanup,4,studio,codex,gpt-6.1-sol,high,pass,pass,,319.258,641252,0.24130079999999998
r53b,Codex-Sol-high,rails-aj-resumable-cleanup,5,studio,codex,gpt-6.1-sol,high,pass,pass,,588.853,1038806,0.36934320000000004
r53b,Codex-Sol-high,rails-aj-resumable-cleanup,6,studio,codex,gpt-6.1-sol,high,pass,pass,,327.479,601949,0.2368596
r60,Codex-Sol-high,rails-ar-archive-book-access,1,studio,codex,gpt-6.1-sol,gpt-6.1-sol / high,pass,pass,,373.276,621760,0.238832
r60,Codex-Sol-high,rails-ar-archive-book-access,2,studio,codex,gpt-6.1-sol,gpt-6.1-sol / high,pass,pass,,308.26,608825,0.20170760000000001
r60b,Codex-Sol-high,rails-ar-archive-book-access,3,studio,codex,gpt-6.1-sol,gpt-6.1-sol / high,pass,pass,,233.977,385016,0.173784
r64b,Codex-Sol-high,rails-ar-archive-book-access,4,studio,codex,gpt-6.1-sol,gpt-6.1-sol / high,pass,pass,,174.911,330474,0.13611120000000002
r64b,Codex-Sol-high,rails-ar-archive-book-access,5,studio,codex,gpt-6.1-sol,gpt-6.1-sol / high,pass,pass,,225.109,420133,0.1677332
r53,Codex-Sol-high,rails-ar-atomic-import,1,studio,codex,gpt-6.1-sol,gpt-6.1-sol / high,pass,pass,,255.175,270441,0.109338
r53,Codex-Sol-high,rails-ar-atomic-import,2,studio,codex,gpt-6.1-sol,gpt-6.1-sol / high,pass,pass,,196.494,230258,0.1161112
r53,Codex-Sol-high,rails-ar-atomic-import,3,studio,codex,gpt-6.1-sol,gpt-6.1-sol / high,pass,pass,,208.091,301430,0.1284072
r53b,Codex-Sol-high,rails-ar-atomic-import,4,studio,codex,gpt-6.1-sol,high,pass,pass,,166.549,250618,0.1046312
r53b,Codex-Sol-high,rails-ar-atomic-import,5,studio,codex,gpt-6.1-sol,high,pass,pass,,188.766,275361,0.1675284
r53b,Codex-Sol-high,rails-ar-atomic-import,6,studio,codex,gpt-6.1-sol,high,pass,pass,,178.713,230578,0.14042
r60,Codex-Sol-high,rails-ar-bulk-access-grants,1,studio,codex,gpt-6.1-sol,gpt-6.1-sol / high,pass,pass,,507.018,509785,0.23879720000000002
r60b,Codex-Sol-high,rails-ar-bulk-access-grants,3,studio,codex,gpt-6.1-sol,gpt-6.1-sol / high,pass,pass,,444.4,653752,0.249736
r64b,Codex-Sol-high,rails-ar-bulk-access-grants,4,studio,codex,gpt-6.1-sol,gpt-6.1-sol / high,pass,pass,,387.529,401958,0.2195272
r64b,Codex-Sol-high,rails-ar-bulk-access-grants,5,studio,codex,gpt-6.1-sol,gpt-6.1-sol / high,fail,fail,,329.15,309589,0.177258
r53,Codex-Sol-high,rails-ar-erase-account,1,studio,codex,gpt-6.1-sol,gpt-6.1-sol / high,pass,pass,,1029.674,1509553,0.49145320000000003
r53,Codex-Sol-high,rails-ar-erase-account,2,studio,codex,gpt-6.1-sol,gpt-6.1-sol / high,pass,pass,,721.454,970900,0.355552
r53,Codex-Sol-high,rails-ar-erase-account,3,studio,codex,gpt-6.1-sol,gpt-6.1-sol / high,pass,pass,,509.237,1098094,0.3638312
r53b,Codex-Sol-high,rails-ar-erase-account,4,studio,codex,gpt-6.1-sol,high,pass,pass,,475.909,954805,0.33929
r53b,Codex-Sol-high,rails-ar-erase-account,5,studio,codex,gpt-6.1-sol,high,fail,fail,,331.423,440688,0.2050224
r53b,Codex-Sol-high,rails-ar-erase-account,6,studio,codex,gpt-6.1-sol,high,pass,pass,,405.653,741499,0.27520279999999997
r53,Codex-Sol-high,rails-ar-tenant-isolation,1,studio,codex,gpt-6.1-sol,gpt-6.1-sol / high,pass,pass,,367.501,371572,0.2158496
r53,Codex-Sol-high,rails-ar-tenant-isolation,2,studio,codex,gpt-6.1-sol,gpt-6.1-sol / high,pass,pass,,408.54,507559,0.2687676
r53,Codex-Sol-high,rails-ar-tenant-isolation,3,studio,codex,gpt-6.1-sol,gpt-6.1-sol / high,pass,pass,,375.369,774551,0.2775548
r53b,Codex-Sol-high,rails-ar-tenant-isolation,4,studio,codex,gpt-6.1-sol,high,pass,pass,,309.333,424319,0.213934
r53b,Codex-Sol-high,rails-ar-tenant-isolation,5,studio,codex,gpt-6.1-sol,high,pass,pass,,339.129,519355,0.239702
r53b,Codex-Sol-high,rails-ar-tenant-isolation,6,studio,codex,gpt-6.1-sol,high,pass,pass,,403.636,708458,0.2873112
r60,Codex-Sol-high,rails-as-variant-processed-once,1,studio,codex,gpt-6.1-sol,gpt-6.1-sol / high,pass,pass,,366.134,966506,0.2768872
r60,Codex-Sol-high,rails-as-variant-processed-once,2,studio,codex,gpt-6.1-sol,gpt-6.1-sol / high,pass,pass,,307.898,652871,0.2098972
r60b,Codex-Sol-high,rails-as-variant-processed-once,3,studio,codex,gpt-6.1-sol,gpt-6.1-sol / high,pass,pass,,285.734,747487,0.2323436
r64b,Codex-Sol-high,rails-as-variant-processed-once,4,studio,codex,gpt-6.1-sol,gpt-6.1-sol / high,pass,pass,,228.459,580117,0.2069492
r64b,Codex-Sol-high,rails-as-variant-processed-once,5,studio,codex,gpt-6.1-sol,gpt-6.1-sol / high,pass,pass,,197.29,572490,0.1937128
r60,Codex-Sol-high,rails-ft-active-storage-tracking,1,studio,codex,gpt-6.1-sol,gpt-6.1-sol / high,fail,fail,,1203.048,1748832,0.6071504
r60b,Codex-Sol-high,rails-ft-active-storage-tracking,3,studio,codex,gpt-6.1-sol,gpt-6.1-sol / high,pass,pass,,1421.589,2199582,0.7494392
r64b,Codex-Sol-high,rails-ft-active-storage-tracking,4,studio,codex,gpt-6.1-sol,gpt-6.1-sol / high,fail,fail,,850.911,1542242,0.5350056
r64b,Codex-Sol-high,rails-ft-active-storage-tracking,5,studio,codex,gpt-6.1-sol,gpt-6.1-sol / high,fail,fail,,917.983,2060466,0.6016904000000001
r60,Codex-Sol-high,rails-ft-activity-feed-api,1,studio,codex,gpt-6.1-sol,gpt-6.1-sol / high,fail,fail,,360.577,742204,0.26171679999999997
r60,Codex-Sol-high,rails-ft-activity-feed-api,2,studio,codex,gpt-6.1-sol,gpt-6.1-sol / high,fail,fail,,414.139,749470,0.41306
r60b,Codex-Sol-high,rails-ft-activity-feed-api,3,studio,codex,gpt-6.1-sol,gpt-6.1-sol / high,fail,fail,,305.659,716211,0.2621708
r64b,Codex-Sol-high,rails-ft-activity-feed-api,4,studio,codex,gpt-6.1-sol,gpt-6.1-sol / high,fail,fail,,318.479,570222,0.2453032
r64b,Codex-Sol-high,rails-ft-activity-feed-api,5,studio,codex,gpt-6.1-sol,gpt-6.1-sol / high,fail,fail,,316.218,686700,0.2818624
r60,Codex-Sol-high,rails-ft-board-publish-unpublish-public-boundary,1,studio,codex,gpt-6.1-sol,gpt-6.1-sol / high,pass,pass,,579.083,1387399,0.444774
r60,Codex-Sol-high,rails-ft-board-publish-unpublish-public-boundary,2,studio,codex,gpt-6.1-sol,gpt-6.1-sol / high,fail,fail,,570.426,1096214,0.37753040000000004
r60b,Codex-Sol-high,rails-ft-board-publish-unpublish-public-boundary,3,studio,codex,gpt-6.1-sol,gpt-6.1-sol / high,fail,fail,,638.701,1326882,0.4453528
r64b,Codex-Sol-high,rails-ft-board-publish-unpublish-public-boundary,4,studio,codex,gpt-6.1-sol,gpt-6.1-sol / high,fail,fail,,432.86,925575,0.32943320000000004
r64b,Codex-Sol-high,rails-ft-board-publish-unpublish-public-boundary,5,studio,codex,gpt-6.1-sol,gpt-6.1-sol / high,fail,fail,,379.506,793159,0.3330252
r60,Codex-Sol-high,rails-ft-cancelled-account-cleanup,1,studio,codex,gpt-6.1-sol,gpt-6.1-sol / high,pass,pass,,452.796,971436,0.33056
r60,Codex-Sol-high,rails-ft-cancelled-account-cleanup,2,studio,codex,gpt-6.1-sol,gpt-6.1-sol / high,pass,pass,,556.731,1143628,0.3655136
r60b,Codex-Sol-high,rails-ft-cancelled-account-cleanup,3,studio,codex,gpt-6.1-sol,gpt-6.1-sol / high,pass,pass,,417.901,1167595,0.3469372
r64b,Codex-Sol-high,rails-ft-cancelled-account-cleanup,4,studio,codex,gpt-6.1-sol,gpt-6.1-sol / high,pass,pass,,326.269,680021,0.2604804
r64b,Codex-Sol-high,rails-ft-cancelled-account-cleanup,5,studio,codex,gpt-6.1-sol,gpt-6.1-sol / high,pass,pass,,365.371,914011,0.33605559999999995
r60,Codex-Sol-high,rails-ft-entropy-sweep,1,studio,codex,gpt-6.1-sol,gpt-6.1-sol / high,fail,fail,,770.222,1228656,0.4025232
r60,Codex-Sol-high,rails-ft-entropy-sweep,2,studio,codex,gpt-6.1-sol,gpt-6.1-sol / high,pass,pass,,426.235,745873,0.2551508
r60b,Codex-Sol-high,rails-ft-entropy-sweep,3,studio,codex,gpt-6.1-sol,gpt-6.1-sol / high,pass,pass,,440.76,654717,0.2436372
r64b,Codex-Sol-high,rails-ft-entropy-sweep,4,studio,codex,gpt-6.1-sol,gpt-6.1-sol / high,pass,pass,,394.742,811667,0.2792412
r64b,Codex-Sol-high,rails-ft-entropy-sweep,5,studio,codex,gpt-6.1-sol,gpt-6.1-sol / high,pass,pass,,415.678,680925,0.24669960000000002
r60b,Codex-Sol-high,rails-ft-i18n-support,3,studio,codex,gpt-6.1-sol,gpt-6.1-sol / high,fail,fail,,3115.874,13940161,2.9074916
r64b,Codex-Sol-high,rails-ft-i18n-support,4,studio,codex,gpt-6.1-sol,gpt-6.1-sol / high,fail,fail,,2200.508,7644704,1.773088
r64b,Codex-Sol-high,rails-ft-i18n-support,5,studio,codex,gpt-6.1-sol,gpt-6.1-sol / high,fail,fail,,3388.511,11048490,3.0584424
r60,Codex-Sol-high,rails-ft-mysql-fulltext-search-foundation,1,studio,codex,gpt-6.1-sol,gpt-6.1-sol / high,pass,pass,,888.89,1630316,0.5056256
r60,Codex-Sol-high,rails-ft-mysql-fulltext-search-foundation,2,studio,codex,gpt-6.1-sol,gpt-6.1-sol / high,pass,pass,,894.796,1968777,0.735786
r60b,Codex-Sol-high,rails-ft-mysql-fulltext-search-foundation,3,studio,codex,gpt-6.1-sol,gpt-6.1-sol / high,pass,pass,,685.382,1326793,0.6001556
r64b,Codex-Sol-high,rails-ft-mysql-fulltext-search-foundation,4,studio,codex,gpt-6.1-sol,gpt-6.1-sol / high,pass,pass,,848.391,1691503,0.5554572
r64b,Codex-Sol-high,rails-ft-mysql-fulltext-search-foundation,5,studio,codex,gpt-6.1-sol,gpt-6.1-sol / high,pass,pass,,851.763,1821466,0.5830568
r60,Codex-Sol-high,rails-ft-notification-bundle-window-overlap,1,studio,codex,gpt-6.1-sol,gpt-6.1-sol / high,fail,fail,,653.083,1272000,0.4243536
r60,Codex-Sol-high,rails-ft-notification-bundle-window-overlap,2,studio,codex,gpt-6.1-sol,gpt-6.1-sol / high,fail,fail,,807.5,1316768,0.4324048
r60b,Codex-Sol-high,rails-ft-notification-bundle-window-overlap,3,studio,codex,gpt-6.1-sol,gpt-6.1-sol / high,fail,fail,,593.469,793480,0.40739840000000005
r64b,Codex-Sol-high,rails-ft-notification-bundle-window-overlap,4,studio,codex,gpt-6.1-sol,gpt-6.1-sol / high,fail,fail,,482.458,712165,0.3369924
r64b,Codex-Sol-high,rails-ft-notification-bundle-window-overlap,5,studio,codex,gpt-6.1-sol,gpt-6.1-sol / high,fail,fail,,515.011,661447,0.32078840000000003
r60,Codex-Sol-high,rails-ft-saas-billing,1,studio,codex,gpt-6.1-sol,gpt-6.1-sol / high,fail,fail,,1281.062,3694970,0.9223496000000001
r60,Codex-Sol-high,rails-ft-saas-billing,2,studio,codex,gpt-6.1-sol,gpt-6.1-sol / high,fail,fail,,1207.094,2662808,0.7910528
r60b,Codex-Sol-high,rails-ft-saas-billing,3,studio,codex,gpt-6.1-sol,gpt-6.1-sol / high,fail,fail,,1155.987,2176970,0.7810632
r64b,Codex-Sol-high,rails-ft-saas-billing,4,studio,codex,gpt-6.1-sol,gpt-6.1-sol / high,fail,fail,,1186.849,2021645,0.7314004000000001
r64b,Codex-Sol-high,rails-ft-saas-billing,5,studio,codex,gpt-6.1-sol,gpt-6.1-sol / high,fail,fail,,872.613,2045184,0.6215231999999999
r60,Codex-Sol-high,rails-hw-scoped-broadcast,1,studio,codex,gpt-6.1-sol,gpt-6.1-sol / high,fail,fail,,284.633,446541,0.197626
r60,Codex-Sol-high,rails-hw-scoped-broadcast,2,studio,codex,gpt-6.1-sol,gpt-6.1-sol / high,pass,pass,,307.387,374606,0.18226
r60b,Codex-Sol-high,rails-hw-scoped-broadcast,3,studio,codex,gpt-6.1-sol,gpt-6.1-sol / high,pass,pass,,372.253,623750,0.23940879999999998
r64b,Codex-Sol-high,rails-hw-scoped-broadcast,4,studio,codex,gpt-6.1-sol,gpt-6.1-sol / high,pass,pass,,211.239,308852,0.1604688
r64b,Codex-Sol-high,rails-hw-scoped-broadcast,5,studio,codex,gpt-6.1-sol,gpt-6.1-sol / high,pass,pass,,234.869,388238,0.158772
r60,Codex-Sol-high,rails-sec-audit-sweep,1,studio,codex,gpt-6.1-sol,gpt-6.1-sol / high,pass,pass,,325.932,642168,0.2207232
r60,Codex-Sol-high,rails-sec-audit-sweep,2,studio,codex,gpt-6.1-sol,gpt-6.1-sol / high,pass,pass,,327.598,753639,0.23427640000000002
r60b,Codex-Sol-high,rails-sec-audit-sweep,3,studio,codex,gpt-6.1-sol,gpt-6.1-sol / high,pass,pass,,477.371,1461740,0.4028496
r64b,Codex-Sol-high,rails-sec-audit-sweep,4,studio,codex,gpt-6.1-sol,gpt-6.1-sol / high,pass,pass,,368.336,1079351,0.3128492
r64b,Codex-Sol-high,rails-sec-audit-sweep,5,studio,codex,gpt-6.1-sol,gpt-6.1-sol / high,pass,pass,,310.261,610846,0.249636
r60,Codex-Sol-high,rails-sup-legacy-conversions,1,studio,codex,gpt-6.1-sol,gpt-6.1-sol / high,pass,pass,,274.885,574250,0.1872744
r60,Codex-Sol-high,rails-sup-legacy-conversions,2,studio,codex,gpt-6.1-sol,gpt-6.1-sol / high,pass,pass,,291.845,639534,0.244212
r60b,Codex-Sol-high,rails-sup-legacy-conversions,3,studio,codex,gpt-6.1-sol,gpt-6.1-sol / high,pass,pass,,213.6,373637,0.1505892
r64b,Codex-Sol-high,rails-sup-legacy-conversions,4,studio,codex,gpt-6.1-sol,gpt-6.1-sol / high,pass,pass,,255.467,660032,0.24521279999999998
r64b,Codex-Sol-high,rails-sup-legacy-conversions,5,studio,codex,gpt-6.1-sol,gpt-6.1-sol / high,pass,pass,,225.483,598291,0.1921132
r63,Codex-Sol-medium,rails-ac-throttle-search,1,studio,codex,gpt-6.1-sol,gpt-6.1-sol / medium,fail,fail,,181.46,314458,0.1504184
r63,Codex-Sol-medium,rails-ac-throttle-search,2,studio,codex,gpt-6.1-sol,gpt-6.1-sol / medium,fail,fail,,146.358,275969,0.1011204
r63b,Codex-Sol-medium,rails-ac-throttle-search,3,studio,codex,gpt-6.1-sol,medium,pass,pass,,267.187,405686,0.1302616
r63b,Codex-Sol-medium,rails-ac-throttle-search,4,studio,codex,gpt-6.1-sol,medium,pass,pass,,385.851,789367,0.206142
r63,Codex-Sol-medium,rails-aj-enqueue-after-commit,1,studio,codex,gpt-6.1-sol,gpt-6.1-sol / medium,pass,pass,,154.753,261190,0.133532
r63,Codex-Sol-medium,rails-aj-enqueue-after-commit,2,studio,codex,gpt-6.1-sol,gpt-6.1-sol / medium,pass,pass,,200.116,330002,0.13711120000000002
r63b,Codex-Sol-medium,rails-aj-enqueue-after-commit,3,studio,codex,gpt-6.1-sol,medium,pass,pass,,232.45,384369,0.14295560000000002
r63b,Codex-Sol-medium,rails-aj-enqueue-after-commit,4,studio,codex,gpt-6.1-sol,medium,pass,pass,,250.65,391089,0.1405428
r63b,Codex-Sol-medium,rails-aj-enqueue-after-commit,5,studio,codex,gpt-6.1-sol,medium,pass,pass,,224.37,386710,0.1642344
r63,Codex-Sol-medium,rails-ar-archive-book-access,1,studio,codex,gpt-6.1-sol,gpt-6.1-sol / medium,pass,pass,,156.884,250500,0.1084608
r63,Codex-Sol-medium,rails-ar-archive-book-access,2,studio,codex,gpt-6.1-sol,gpt-6.1-sol / medium,pass,pass,,122.203,201875,0.1111868
r63b,Codex-Sol-medium,rails-ar-archive-book-access,3,studio,codex,gpt-6.1-sol,medium,pass,pass,,164.693,218349,0.076954
r63b,Codex-Sol-medium,rails-ar-archive-book-access,4,studio,codex,gpt-6.1-sol,medium,pass,pass,,249.001,323346,0.1708408
r63b,Codex-Sol-medium,rails-ar-archive-book-access,5,studio,codex,gpt-6.1-sol,medium,pass,pass,,211.907,269963,0.1186492
r63,Codex-Sol-medium,rails-ar-bulk-access-grants,1,studio,codex,gpt-6.1-sol,gpt-6.1-sol / medium,fail,fail,,350.529,415914,0.18158
r63,Codex-Sol-medium,rails-ar-bulk-access-grants,2,studio,codex,gpt-6.1-sol,gpt-6.1-sol / medium,pass,pass,,305.093,386248,0.182728
r63b,Codex-Sol-medium,rails-ar-bulk-access-grants,3,studio,codex,gpt-6.1-sol,medium,pass,pass,,353.876,373246,0.145172
r63b,Codex-Sol-medium,rails-ar-bulk-access-grants,4,studio,codex,gpt-6.1-sol,medium,pass,pass,,310.171,333827,0.13536279999999998
r63b,Codex-Sol-medium,rails-ar-bulk-access-grants,5,studio,codex,gpt-6.1-sol,medium,pass,pass,,301.012,260598,0.17504720000000001
r63,Codex-Sol-medium,rails-as-variant-processed-once,1,studio,codex,gpt-6.1-sol,gpt-6.1-sol / medium,pass,pass,,228.122,691826,0.20638
r63,Codex-Sol-medium,rails-as-variant-processed-once,2,studio,codex,gpt-6.1-sol,gpt-6.1-sol / medium,pass,pass,,165.172,491724,0.1472704
r63b,Codex-Sol-medium,rails-as-variant-processed-once,3,studio,codex,gpt-6.1-sol,medium,pass,pass,,199.9,392520,0.125064
r63b,Codex-Sol-medium,rails-as-variant-processed-once,5,studio,codex,gpt-6.1-sol,medium,pass,pass,,260.931,626282,0.1784568
r63,Codex-Sol-medium,rails-ft-active-storage-tracking,1,studio,codex,gpt-6.1-sol,gpt-6.1-sol / medium,fail,fail,,853.141,1223519,0.4435388
r63,Codex-Sol-medium,rails-ft-active-storage-tracking,2,studio,codex,gpt-6.1-sol,gpt-6.1-sol / medium,pass,pass,,939.273,1874466,0.5383736
r63b,Codex-Sol-medium,rails-ft-active-storage-tracking,3,studio,codex,gpt-6.1-sol,medium,pass,pass,,809.703,1608827,0.470062
r63b,Codex-Sol-medium,rails-ft-active-storage-tracking,4,studio,codex,gpt-6.1-sol,medium,pass,pass,,765.612,1374809,0.3958164
r63b,Codex-Sol-medium,rails-ft-active-storage-tracking,5,studio,codex,gpt-6.1-sol,medium,fail,fail,,559.01,879481,0.298946
r63,Codex-Sol-medium,rails-ft-activity-feed-api,1,studio,codex,gpt-6.1-sol,gpt-6.1-sol / medium,fail,fail,,346.448,736132,0.255784
r63,Codex-Sol-medium,rails-ft-activity-feed-api,2,studio,codex,gpt-6.1-sol,gpt-6.1-sol / medium,fail,fail,,313.339,679924,0.2767872
r63b,Codex-Sol-medium,rails-ft-activity-feed-api,3,studio,codex,gpt-6.1-sol,medium,fail,fail,,302.542,593629,0.22469160000000002
r63b,Codex-Sol-medium,rails-ft-activity-feed-api,4,studio,codex,gpt-6.1-sol,medium,fail,fail,,381.28,597753,0.2348228
r63b,Codex-Sol-medium,rails-ft-activity-feed-api,5,studio,codex,gpt-6.1-sol,medium,fail,fail,,323.021,696207,0.22580920000000002
r63,Codex-Sol-medium,rails-ft-board-publish-unpublish-public-boundary,1,studio,codex,gpt-6.1-sol,gpt-6.1-sol / medium,fail,fail,,329.63,628014,0.3116488
r63,Codex-Sol-medium,rails-ft-board-publish-unpublish-public-boundary,2,studio,codex,gpt-6.1-sol,gpt-6.1-sol / medium,pass,pass,,387.291,977104,0.297544
r63b,Codex-Sol-medium,rails-ft-board-publish-unpublish-public-boundary,4,studio,codex,gpt-6.1-sol,medium,fail,fail,,325.478,463937,0.1847396
r63b,Codex-Sol-medium,rails-ft-board-publish-unpublish-public-boundary,5,studio,codex,gpt-6.1-sol,medium,fail,fail,,372.892,749254,0.2551976
r63,Codex-Sol-medium,rails-ft-cancelled-account-cleanup,1,studio,codex,gpt-6.1-sol,gpt-6.1-sol / medium,pass,pass,,263.095,589704,0.19168960000000002
r63,Codex-Sol-medium,rails-ft-cancelled-account-cleanup,2,studio,codex,gpt-6.1-sol,gpt-6.1-sol / medium,pass,pass,,336.0,1024488,0.267416
r63b,Codex-Sol-medium,rails-ft-cancelled-account-cleanup,3,studio,codex,gpt-6.1-sol,medium,pass,pass,,270.811,523226,0.17176239999999998
r63b,Codex-Sol-medium,rails-ft-cancelled-account-cleanup,4,studio,codex,gpt-6.1-sol,medium,fail,fail,,391.513,841927,0.33639
r63b,Codex-Sol-medium,rails-ft-cancelled-account-cleanup,5,studio,codex,gpt-6.1-sol,medium,pass,pass,,536.886,1118337,0.2910372
r63,Codex-Sol-medium,rails-ft-entropy-sweep,1,studio,codex,gpt-6.1-sol,gpt-6.1-sol / medium,pass,pass,,255.859,451817,0.18095879999999998
r63,Codex-Sol-medium,rails-ft-entropy-sweep,2,studio,codex,gpt-6.1-sol,gpt-6.1-sol / medium,pass,pass,,301.564,538667,0.184678
r63b,Codex-Sol-medium,rails-ft-entropy-sweep,3,studio,codex,gpt-6.1-sol,medium,pass,pass,,427.188,760710,0.22482
r63b,Codex-Sol-medium,rails-ft-entropy-sweep,4,studio,codex,gpt-6.1-sol,medium,pass,pass,,363.889,600099,0.2991676
r63b,Codex-Sol-medium,rails-ft-entropy-sweep,5,studio,codex,gpt-6.1-sol,medium,pass,pass,,319.49,659049,0.19891720000000002
r63,Codex-Sol-medium,rails-ft-i18n-support,1,studio,codex,gpt-6.1-sol,gpt-6.1-sol / medium,fail,fail,,2227.812,8688211,1.7641243999999998
r63,Codex-Sol-medium,rails-ft-i18n-support,2,studio,codex,gpt-6.1-sol,gpt-6.1-sol / medium,fail,fail,,2686.266,11965628,2.295864
r63b,Codex-Sol-medium,rails-ft-i18n-support,3,studio,codex,gpt-6.1-sol,medium,fail,fail,,2212.138,8397414,1.729644
r63b,Codex-Sol-medium,rails-ft-i18n-support,5,studio,codex,gpt-6.1-sol,medium,fail,fail,,2403.733,8037519,1.7507948
r63,Codex-Sol-medium,rails-ft-mysql-fulltext-search-foundation,1,studio,codex,gpt-6.1-sol,gpt-6.1-sol / medium,pass,pass,,433.912,737385,0.2752404
r63,Codex-Sol-medium,rails-ft-mysql-fulltext-search-foundation,2,studio,codex,gpt-6.1-sol,gpt-6.1-sol / medium,pass,pass,,443.913,1381925,0.350858
r63b,Codex-Sol-medium,rails-ft-mysql-fulltext-search-foundation,3,studio,codex,gpt-6.1-sol,medium,pass,pass,,401.848,701872,0.2417504
r63b,Codex-Sol-medium,rails-ft-mysql-fulltext-search-foundation,4,studio,codex,gpt-6.1-sol,medium,pass,pass,,421.78,623925,0.2559364
r63b,Codex-Sol-medium,rails-ft-mysql-fulltext-search-foundation,5,studio,codex,gpt-6.1-sol,medium,pass,pass,,1079.984,1733870,0.5272184
r63,Codex-Sol-medium,rails-ft-notification-bundle-window-overlap,1,studio,codex,gpt-6.1-sol,gpt-6.1-sol / medium,fail,fail,,394.782,690211,0.2499916
r63,Codex-Sol-medium,rails-ft-notification-bundle-window-overlap,2,studio,codex,gpt-6.1-sol,gpt-6.1-sol / medium,fail,fail,,373.502,518322,0.2193496
r63b,Codex-Sol-medium,rails-ft-notification-bundle-window-overlap,3,studio,codex,gpt-6.1-sol,medium,fail,fail,,376.5,379018,0.17075120000000002
r63b,Codex-Sol-medium,rails-ft-notification-bundle-window-overlap,4,studio,codex,gpt-6.1-sol,medium,fail,fail,,431.834,490102,0.2259928
r63b,Codex-Sol-medium,rails-ft-notification-bundle-window-overlap,5,studio,codex,gpt-6.1-sol,medium,fail,fail,,388.918,441765,0.1768116
r63,Codex-Sol-medium,rails-ft-saas-billing,1,studio,codex,gpt-6.1-sol,gpt-6.1-sol / medium,fail,fail,,880.66,1666131,0.5349708000000001
r63,Codex-Sol-medium,rails-ft-saas-billing,2,studio,codex,gpt-6.1-sol,gpt-6.1-sol / medium,fail,fail,,833.762,1815015,0.5831611999999999
r63b,Codex-Sol-medium,rails-ft-saas-billing,3,studio,codex,gpt-6.1-sol,medium,fail,fail,,826.338,1532524,0.4436704
r63b,Codex-Sol-medium,rails-ft-saas-billing,4,studio,codex,gpt-6.1-sol,medium,fail,fail,,689.7,1248785,0.39139240000000003
r63b,Codex-Sol-medium,rails-ft-saas-billing,5,studio,codex,gpt-6.1-sol,medium,fail,fail,,968.792,2353260,0.6460752
r63,Codex-Sol-medium,rails-hw-scoped-broadcast,1,studio,codex,gpt-6.1-sol,gpt-6.1-sol / medium,pass,pass,,168.891,317890,0.1372424
r63,Codex-Sol-medium,rails-hw-scoped-broadcast,2,studio,codex,gpt-6.1-sol,gpt-6.1-sol / medium,pass,pass,,172.144,270989,0.1405796
r63b,Codex-Sol-medium,rails-hw-scoped-broadcast,3,studio,codex,gpt-6.1-sol,medium,pass,pass,,262.813,279469,0.11065639999999999
r63b,Codex-Sol-medium,rails-hw-scoped-broadcast,4,studio,codex,gpt-6.1-sol,medium,pass,pass,,537.69,291773,0.1376084
r63b,Codex-Sol-medium,rails-hw-scoped-broadcast,5,studio,codex,gpt-6.1-sol,medium,pass,pass,,209.406,354455,0.16351960000000001
r63,Codex-Sol-medium,rails-sec-audit-sweep,1,studio,codex,gpt-6.1-sol,gpt-6.1-sol / medium,pass,pass,,262.046,642850,0.19456720000000002
r63,Codex-Sol-medium,rails-sec-audit-sweep,2,studio,codex,gpt-6.1-sol,gpt-6.1-sol / medium,pass,pass,,246.532,419440,0.207912
r63b,Codex-Sol-medium,rails-sec-audit-sweep,3,studio,codex,gpt-6.1-sol,medium,pass,pass,,260.846,422378,0.1523976
r63b,Codex-Sol-medium,rails-sec-audit-sweep,4,studio,codex,gpt-6.1-sol,medium,pass,pass,,274.922,487125,0.167554
r63b,Codex-Sol-medium,rails-sec-audit-sweep,5,studio,codex,gpt-6.1-sol,medium,pass,pass,,266.661,380330,0.1545912
r63,Codex-Sol-medium,rails-sup-legacy-conversions,1,studio,codex,gpt-6.1-sol,gpt-6.1-sol / medium,pass,pass,,219.562,446674,0.1812056
r63,Codex-Sol-medium,rails-sup-legacy-conversions,2,studio,codex,gpt-6.1-sol,gpt-6.1-sol / medium,pass,pass,,195.893,447985,0.1460628
r63b,Codex-Sol-medium,rails-sup-legacy-conversions,3,studio,codex,gpt-6.1-sol,medium,pass,pass,,261.897,367440,0.114176
r63b,Codex-Sol-medium,rails-sup-legacy-conversions,4,studio,codex,gpt-6.1-sol,medium,pass,pass,,197.999,234134,0.1449736
r63b,Codex-Sol-medium,rails-sup-legacy-conversions,5,studio,codex,gpt-6.1-sol,medium,pass,pass,,232.442,465812,0.1870096
r1,acct-smoke2-codex,syn-14-bug-sla-business-hours,1,studio,codex,gpt-6.1-sol,medium,pass,not_scored,smoke or control row; retained outside scored denominator,172.411,307326,0.105508
unmapped,first,elx-05-cache-single-flight,1,kogen-bench-us,,,,pass,pass,,,,
unmapped,first,rt-02,1,kogen-bench-us,,,,pass,pass,,,,
unmapped,first,rt-04,1,studio,,,,pass,pass,,,,
unmapped,,rt-04,2,studio,,,,pass,pass,,,,
unmapped,first,rt-06,1,studio,,,,pass,pass,,,,
unmapped,first,rt-06,2,studio,,,,pass,pass,,,,
unmapped,kgnl164,rails-ac-throttle-search,1,kogen-bench-us,kgn,gpt-6-luna,low,pass,pass,,101.425,,
unmapped,kgnl164,rails-ac-throttle-search,2,kogen-bench-us,kgn,gpt-6-luna,low,fail,fail,,20.15,,
unmapped,kgnl164,rails-aj-enqueue-after-commit,1,kogen-bench-eu,kgn,gpt-6-luna,low,fail,fail,,20.622,,
unmapped,kgnl164,rails-aj-enqueue-after-commit,2,kogen-bench-eu,kgn,gpt-6-luna,low,pass,pass,,106.077,,
unmapped,kgnl164,rails-ar-archive-book-access,1,kogen-bench-us,kgn,gpt-6-luna,low,fail,fail,,31.659,,
unmapped,kgnl164,rails-ar-archive-book-access,2,kogen-bench-us,kgn,gpt-6-luna,low,pass,pass,,37.326,,
unmapped,kgnl164,rails-sup-legacy-conversions,1,kogen-bench-eu,kgn,gpt-6-luna,low,fail,fail,,98.611,,
unmapped,kgnl164,rails-sup-legacy-conversions,2,kogen-bench-eu,kgn,gpt-6-luna,low,fail,fail,,88.761,,
r69,accept,elx-02-ingest-supervision,1,studio,kh-gpt,gpt-6-luna,low,pass,pass,,,,
r69,approach,elx-02-ingest-supervision,1,studio,kh-gpt,gpt-6-luna,low,pass,pass,,,,
r69,none,elx-02-ingest-supervision,1,studio,kh-gpt,gpt-6-luna,xhigh,pass,pass,,94.402,27388,
r69,spec,elx-02-ingest-supervision,1,studio,kh-gpt,gpt-6-luna,low,pass,pass,,,,
r69,none,elx-02-ingest-supervision,2,studio,kh-gpt,gpt-6-luna,xhigh,pass,pass,,66.283,27518,
r69,none,elx-02-ingest-supervision,3,studio,kh-gpt,gpt-6-luna,xhigh,pass,pass,,105.461,44249,
r69,none,elx-02-ingest-supervision,4,studio,kh-gpt,gpt-6-luna,xhigh,pass,pass,,107.957,34480,
r69,accept,elx-04-queue-backpressure,1,studio,kh-gpt,gpt-6-luna,low,pass,pass,,,,
r69,approach,elx-04-queue-backpressure,1,studio,kh-gpt,gpt-6-luna,low,pass,pass,,,,
r69,none,elx-04-queue-backpressure,1,studio,kh-gpt,gpt-6-luna,xhigh,pass,pass,,191.225,84542,
r69,spec,elx-04-queue-backpressure,1,studio,kh-gpt,gpt-6-luna,low,pass,pass,,,,
r69,none,elx-04-queue-backpressure,3,studio,kh-gpt,gpt-6-luna,xhigh,pass,pass,,272.629,148716,
r69,none,elx-04-queue-backpressure,4,studio,kh-gpt,gpt-6-luna,xhigh,pass,pass,,222.506,99042,
r57e,default-tools,elx-05-cache-single-flight,1,studio,kh-gpt,gpt-6-luna,xhigh,pass,pass,,264.042,288270,
r57e,shell-only,elx-05-cache-single-flight,1,studio,kh-gpt,gpt-6-luna,xhigh,pass,pass,,154.133,59612,
r57e,default-tools,elx-05-cache-single-flight,2,studio,kh-gpt,gpt-6-luna,xhigh,pass,pass,,122.242,79746,
r57e,shell-only,elx-05-cache-single-flight,2,studio,kh-gpt,gpt-6-luna,xhigh,pass,pass,,91.558,33937,
r57e,default-tools,elx-05-cache-single-flight,3,studio,kh-gpt,gpt-6-luna,xhigh,pass,pass,,177.884,96295,
r57e,shell-only,elx-05-cache-single-flight,3,studio,kh-gpt,gpt-6-luna,xhigh,pass,pass,,100.214,32506,
r57e,default-tools,elx-05-cache-single-flight,4,studio,kh-gpt,gpt-6-luna,xhigh,pass,pass,,145.629,80090,
r57e,shell-only,elx-05-cache-single-flight,4,studio,kh-gpt,gpt-6-luna,xhigh,pass,pass,,145.882,56670,
r57e,default-tools,elx-05-cache-single-flight,5,studio,kh-gpt,gpt-6-luna,xhigh,pass,pass,,168.974,80699,
r57e,shell-only,elx-05-cache-single-flight,5,studio,kh-gpt,gpt-6-luna,xhigh,pass,pass,,136.147,50783,
r57e,default-tools,elx-05-cache-single-flight,6,studio,kh-gpt,gpt-6-luna,xhigh,pass,pass,,139.614,67351,
r57e,shell-only,elx-05-cache-single-flight,6,studio,kh-gpt,gpt-6-luna,xhigh,pass,pass,,148.125,82104,
r57e,default-tools,elx-05-cache-single-flight,7,studio,kh-gpt,gpt-6-luna,xhigh,pass,pass,,190.272,125099,
r57e,shell-only,elx-05-cache-single-flight,7,studio,kh-gpt,gpt-6-luna,xhigh,pass,pass,,133.023,41369,
r57e,default-tools,elx-05-cache-single-flight,8,studio,kh-gpt,gpt-6-luna,xhigh,pass,pass,,151.179,75456,
r57e,shell-only,elx-05-cache-single-flight,8,studio,kh-gpt,gpt-6-luna,xhigh,pass,pass,,169.636,75410,
r24,Pstar-review,elx-07-cli-stats,1,studio,kh-gpt,gpt-6-luna,low,pass,pass,,365.441,288792,
r24,Pstar-review-v2,elx-07-cli-stats,1,studio,kh-gpt,gpt-6-luna,low,pass,pass,,416.003,226246,
r57e,default-tools,elx-07-cli-stats,1,studio,kh-gpt,gpt-6-luna,xhigh,fail,fail,,297.633,255120,
r57e,shell-only,elx-07-cli-stats,1,studio,kh-gpt,gpt-6-luna,xhigh,fail,fail,,171.187,117974,
r24,Pstar-review,elx-07-cli-stats,2,studio,kh-gpt,gpt-6-luna,low,pass,pass,,386.11,232739,
r24,Pstar-review-v2,elx-07-cli-stats,2,studio,kh-gpt,gpt-6-luna,low,pass,pass,,426.954,239058,
r57e,default-tools,elx-07-cli-stats,2,studio,kh-gpt,gpt-6-luna,xhigh,fail,fail,,274.577,223828,
r57e,shell-only,elx-07-cli-stats,2,studio,kh-gpt,gpt-6-luna,xhigh,fail,fail,,250.965,118281,
r24,Pstar-review,elx-07-cli-stats,3,studio,kh-gpt,gpt-6-luna,low,pass,pass,,350.024,211784,
r24,Pstar-review-v2,elx-07-cli-stats,3,studio,kh-gpt,gpt-6-luna,low,pass,pass,,400.515,243741,
r57e,default-tools,elx-07-cli-stats,3,studio,kh-gpt,gpt-6-luna,xhigh,pass,pass,,361.401,301749,
r57e,shell-only,elx-07-cli-stats,3,studio,kh-gpt,gpt-6-luna,xhigh,fail,fail,,194.734,111111,
r24,Pstar-review,elx-07-cli-stats,4,studio,kh-gpt,gpt-6-luna,low,pass,pass,,394.198,295173,
r24,Pstar-review-v2,elx-07-cli-stats,4,studio,kh-gpt,gpt-6-luna,low,fail,fail,,422.45,290401,
r57e,default-tools,elx-07-cli-stats,4,studio,kh-gpt,gpt-6-luna,xhigh,fail,fail,,235.383,176741,
r57e,shell-only,elx-07-cli-stats,4,studio,kh-gpt,gpt-6-luna,xhigh,fail,fail,,266.012,127337,
r24,Pstar-review,elx-07-cli-stats,5,studio,kh-gpt,gpt-6-luna,low,pass,pass,,363.373,309069,
r24,Pstar-review-v2,elx-07-cli-stats,5,studio,kh-gpt,gpt-6-luna,low,pass,pass,,487.554,296540,
r57e,default-tools,elx-07-cli-stats,5,studio,kh-gpt,gpt-6-luna,xhigh,fail,fail,,302.002,158115,
r57e,shell-only,elx-07-cli-stats,5,studio,kh-gpt,gpt-6-luna,xhigh,pass,pass,,208.916,67192,
r57e,default-tools,elx-07-cli-stats,6,studio,kh-gpt,gpt-6-luna,xhigh,fail,fail,,354.845,297111,
r57e,shell-only,elx-07-cli-stats,6,studio,kh-gpt,gpt-6-luna,xhigh,fail,fail,,240.475,179925,
r57e,default-tools,elx-07-cli-stats,7,studio,kh-gpt,gpt-6-luna,xhigh,fail,fail,,314.634,234212,
r57e,shell-only,elx-07-cli-stats,7,studio,kh-gpt,gpt-6-luna,xhigh,pass,pass,,214.369,178470,
r57e,default-tools,elx-07-cli-stats,8,studio,kh-gpt,gpt-6-luna,xhigh,pass,pass,,333.241,324882,
r57e,shell-only,elx-07-cli-stats,8,studio,kh-gpt,gpt-6-luna,xhigh,fail,fail,,187.198,98064,
r57e,default-tools,elx-12-retry-api-deprecation,1,studio,kh-gpt,gpt-6-luna,xhigh,pass,pass,,259.0,228784,
r57e,shell-only,elx-12-retry-api-deprecation,1,studio,kh-gpt,gpt-6-luna,xhigh,fail,fail,,241.927,221804,
r57e,default-tools,elx-12-retry-api-deprecation,2,studio,kh-gpt,gpt-6-luna,xhigh,fail,fail,,211.461,159441,
r57e,shell-only,elx-12-retry-api-deprecation,2,studio,kh-gpt,gpt-6-luna,xhigh,fail,fail,,142.627,66660,
r57e,default-tools,elx-12-retry-api-deprecation,3,studio,kh-gpt,gpt-6-luna,xhigh,fail,fail,,256.921,214593,
r57e,shell-only,elx-12-retry-api-deprecation,3,studio,kh-gpt,gpt-6-luna,xhigh,fail,fail,,164.639,74172,
r57e,default-tools,elx-12-retry-api-deprecation,4,studio,kh-gpt,gpt-6-luna,xhigh,fail,fail,,234.894,168093,
r57e,shell-only,elx-12-retry-api-deprecation,4,studio,kh-gpt,gpt-6-luna,xhigh,fail,fail,,206.297,80400,
r57e,shell-only,elx-12-retry-api-deprecation,5,studio,kh-gpt,gpt-6-luna,xhigh,fail,fail,,255.952,139967,
r57e,default-tools,elx-12-retry-api-deprecation,6,studio,kh-gpt,gpt-6-luna,xhigh,fail,fail,,205.753,125371,
r57e,shell-only,elx-12-retry-api-deprecation,6,studio,kh-gpt,gpt-6-luna,xhigh,pass,pass,,228.304,149261,
r57e,default-tools,elx-12-retry-api-deprecation,7,studio,kh-gpt,gpt-6-luna,xhigh,pass,pass,,253.525,184203,
r57e,shell-only,elx-12-retry-api-deprecation,7,studio,kh-gpt,gpt-6-luna,xhigh,fail,fail,,275.01,187645,
r57e,default-tools,elx-12-retry-api-deprecation,8,studio,kh-gpt,gpt-6-luna,xhigh,fail,fail,,297.604,188058,
r57e,shell-only,elx-12-retry-api-deprecation,8,studio,kh-gpt,gpt-6-luna,xhigh,pass,pass,,238.414,162028,
r56,B-ctx-det,rails-ac-throttle-search,1,studio,kh-gpt,gpt-6-luna,gpt-6-luna / xhigh,pass,pass,,184.785,242783,0.007631980000000001
r56,B-ctx-ls,rails-ac-throttle-search,1,studio,kh-gpt,gpt-6-luna,gpt-6-luna / xhigh,fail,fail,,303.244,596777,0.01473986
r56,B-ctx-none,rails-ac-throttle-search,1,studio,kh-gpt,gpt-6-luna,gpt-6-luna / xhigh,fail,fail,,311.612,420778,0.012081239999999998
r56,B-ctx-pack,rails-ac-throttle-search,1,studio,kh-gpt,gpt-6-luna + gpt-6-luna,gpt-6-luna / low + gpt-6-luna / xhigh,fail,fail,,339.999,335188,0.01420984
r11,B3,rails-ac-throttle-search,1,studio,kh-gpt,gpt-6-luna,low,pass,pass,,82.809,71179,
r56,P-full,rails-ac-throttle-search,1,studio,kh-gpt,gpt-6-luna + gpt-6.1-sol,gpt-6-luna / xhigh + gpt-6.1-sol / high,pass,pass,,1621.792,1698826,0.52904636
r56b,P-full,rails-ac-throttle-search,1,studio,kh-gpt,gpt-6-luna + gpt-6.1-sol,gpt-6-luna / xhigh + gpt-6.1-sol / high,fail,fail,,1673.431,1867702,0.5402891000000001
r56b,P-full,rails-ac-throttle-search,1,studio,kh-gpt,gpt-6-luna + gpt-6.1-sol,gpt-6-luna / xhigh + gpt-6.1-sol / high,fail,fail,,1489.696,1674669,0.5419390199999999
r56b,P-full,rails-ac-throttle-search,1,studio,kh-gpt,gpt-6-luna + gpt-6.1-sol,gpt-6-luna / xhigh + gpt-6.1-sol / high,pass,pass,,1524.281,1649280,0.49527714
r56b,P-full,rails-ac-throttle-search,1,studio,kh-gpt,gpt-6-luna + gpt-6.1-sol,gpt-6-luna / xhigh + gpt-6.1-sol / high,pass,pass,,1610.636,2016408,0.50894658
r56b,P-full,rails-ac-throttle-search,1,studio,kh-gpt,gpt-6-luna + gpt-6.1-sol,gpt-6-luna / xhigh + gpt-6.1-sol / high,pass,pass,,1753.891,1979969,0.47061896
r56b,P-full,rails-ac-throttle-search,1,studio,kh-gpt,gpt-6-luna + gpt-6.1-sol,gpt-6-luna / xhigh + gpt-6.1-sol / high,fail,fail,,1288.133,1124292,0.40515264
r56b,P-full,rails-ac-throttle-search,1,studio,kh-gpt,gpt-6-luna + gpt-6.1-sol,gpt-6-luna / xhigh + gpt-6.1-sol / high,fail,fail,,1293.782,1379454,0.481096
r56b,P-full,rails-ac-throttle-search,1,studio,kh-gpt,gpt-6-luna + gpt-6.1-sol,gpt-6-luna / xhigh + gpt-6.1-sol / high,pass,pass,,2024.544,1866342,0.59088952
r56b,P-full,rails-ac-throttle-search,1,studio,kh-gpt,gpt-6-luna + gpt-6.1-sol,gpt-6-luna / xhigh + gpt-6.1-sol / high,pass,pass,,1666.735,1668085,0.57271176
r56b,P-full,rails-ac-throttle-search,1,studio,kh-gpt,gpt-6-luna + gpt-6.1-sol,gpt-6-luna / xhigh + gpt-6.1-sol / high,pass,pass,,1590.019,2424689,0.52529582
r50,P-lunamax,rails-ac-throttle-search,1,studio,kh-gpt,gpt-6-luna + gpt-6.1-sol,gpt-6-luna / xhigh + gpt-6.1-sol / high,pass,pass,,1499.818,1164849,0.54021748
r56,P-nocontract,rails-ac-throttle-search,1,studio,kh-gpt,gpt-6-luna + gpt-6.1-sol,gpt-6-luna / xhigh + gpt-6.1-sol / high,pass,pass,,1479.734,3067572,0.39660836
r56b,P-nocontract,rails-ac-throttle-search,1,studio,kh-gpt,gpt-6-luna + gpt-6.1-sol,gpt-6-luna / xhigh + gpt-6.1-sol / high,pass,pass,,1726.53,2132295,0.5426926
r56b,P-nocontract,rails-ac-throttle-search,1,studio,kh-gpt,gpt-6-luna + gpt-6.1-sol,gpt-6-luna / xhigh + gpt-6.1-sol / high,pass,pass,,1168.49,1722045,0.37386606
r56b,P-nocontract,rails-ac-throttle-search,1,studio,kh-gpt,gpt-6-luna + gpt-6.1-sol,gpt-6-luna / xhigh + gpt-6.1-sol / high,pass,pass,,1049.165,1341804,0.33483758
r56b,P-nocontract,rails-ac-throttle-search,1,studio,kh-gpt,gpt-6-luna + gpt-6.1-sol,gpt-6-luna / xhigh + gpt-6.1-sol / high,fail,fail,,1020.746,765442,0.31270034
r56b,P-nocontract,rails-ac-throttle-search,1,studio,kh-gpt,gpt-6-luna + gpt-6.1-sol,gpt-6-luna / xhigh + gpt-6.1-sol / high,pass,pass,,905.001,1087533,0.35665086
r56b,P-nocontract,rails-ac-throttle-search,1,studio,kh-gpt,gpt-6-luna + gpt-6.1-sol,gpt-6-luna / xhigh + gpt-6.1-sol / high,fail,fail,,969.458,1752566,0.29833378000000005
r56b,P-nocontract,rails-ac-throttle-search,1,studio,kh-gpt,gpt-6-luna + gpt-6.1-sol,gpt-6-luna / xhigh + gpt-6.1-sol / high,pass,pass,,1525.899,2057406,0.44210514000000006
r56b,P-nocontract,rails-ac-throttle-search,1,studio,kh-gpt,gpt-6-luna + gpt-6.1-sol,gpt-6-luna / xhigh + gpt-6.1-sol / high,fail,fail,,1521.489,1608248,0.4095815
r56b,P-nocontract,rails-ac-throttle-search,1,studio,kh-gpt,gpt-6-luna + gpt-6.1-sol,gpt-6-luna / xhigh + gpt-6.1-sol / high,pass,pass,,978.882,1153257,0.39206152
r56,P-noctx,rails-ac-throttle-search,1,studio,kh-gpt,gpt-6-luna,xhigh,pass,pass,,1291.14,4044860,
r56b,P-noctx2,rails-ac-throttle-search,1,studio,kh-gpt,gpt-6-luna + gpt-6.1-sol,gpt-6-luna / xhigh + gpt-6.1-sol / high,fail,fail,,1361.502,1109745,0.32238029999999995
r56b,P-noctx2,rails-ac-throttle-search,1,studio,kh-gpt,gpt-6-luna + gpt-6.1-sol,gpt-6-luna / xhigh + gpt-6.1-sol / high,pass,pass,,2454.287,2007341,0.43605461999999995
r56b,P-noctx2,rails-ac-throttle-search,1,studio,kh-gpt,gpt-6-luna + gpt-6.1-sol,gpt-6-luna / xhigh + gpt-6.1-sol / high,pass,pass,,1638.861,2941490,0.31101181999999994
r56b,P-noctx2,rails-ac-throttle-search,1,studio,kh-gpt,gpt-6-luna + gpt-6.1-sol,gpt-6-luna / xhigh + gpt-6.1-sol / high,pass,pass,,2291.436,2505724,0.32151666
r56b,P-noctx2,rails-ac-throttle-search,1,studio,kh-gpt,gpt-6-luna + gpt-6.1-sol,gpt-6-luna / xhigh + gpt-6.1-sol / high,pass,pass,,1571.746,1222584,0.31088861999999995
r56b,P-noctx2,rails-ac-throttle-search,1,studio,kh-gpt,gpt-6-luna + gpt-6.1-sol,gpt-6-luna / xhigh + gpt-6.1-sol / high,pass,pass,,1181.52,1932623,0.30455560000000004
r56b,P-noctx2,rails-ac-throttle-search,1,studio,kh-gpt,gpt-6-luna + gpt-6.1-sol,gpt-6-luna / xhigh + gpt-6.1-sol / high,pass,pass,,1299.128,1956350,0.38561647999999993
r56b,P-noctx2,rails-ac-throttle-search,1,studio,kh-gpt,gpt-6-luna + gpt-6.1-sol,gpt-6-luna / xhigh + gpt-6.1-sol / high,pass,pass,,1222.954,1719696,0.33101731999999995
r56b,P-noctx2,rails-ac-throttle-search,1,studio,kh-gpt,gpt-6-luna + gpt-6.1-sol,gpt-6-luna / xhigh + gpt-6.1-sol / high,fail,fail,,1519.281,2616176,0.37042946000000004
r56b,P-noctx2,rails-ac-throttle-search,1,studio,kh-gpt,gpt-6-luna + gpt-6.1-sol,gpt-6-luna / xhigh + gpt-6.1-sol / high,pass,pass,,1550.116,2709037,0.3306182
r56b,P-noctx2,rails-ac-throttle-search,1,studio,kh-gpt,gpt-6-luna + gpt-6.1-sol,gpt-6-luna / xhigh + gpt-6.1-sol / high,pass,pass,,2368.019,2701227,0.4426944400000001
r56b,P-noctx2,rails-ac-throttle-search,1,studio,kh-gpt,gpt-6-luna + gpt-6.1-sol,gpt-6-luna / xhigh + gpt-6.1-sol / high,pass,pass,,1522.766,2340729,0.34098274
r56c,P-noplan2,rails-ac-throttle-search,1,studio,kh-gpt,gpt-6-luna + gpt-6.1-sol,gpt-6-luna / xhigh + gpt-6.1-sol / high,pass,pass,,1488.74,1446274,0.3526489
r56,P-noreview,rails-ac-throttle-search,1,studio,kh-gpt,gpt-6-luna + gpt-6.1-sol,gpt-6-luna / xhigh + gpt-6.1-sol / high,pass,pass,,1276.842,1042549,0.41556109999999996
r56b,P-noreview,rails-ac-throttle-search,1,studio,kh-gpt,gpt-6-luna + gpt-6.1-sol,gpt-6-luna / xhigh + gpt-6.1-sol / high,pass,pass,,1227.294,1302358,0.40049676000000006
r56b,P-noreview,rails-ac-throttle-search,1,studio,kh-gpt,gpt-6-luna + gpt-6.1-sol,gpt-6-luna / xhigh + gpt-6.1-sol / high,fail,fail,,1438.178,1634351,0.51427216
r56b,P-noreview,rails-ac-throttle-search,1,studio,kh-gpt,gpt-6-luna + gpt-6.1-sol,gpt-6-luna / xhigh + gpt-6.1-sol / high,pass,pass,,1447.39,1454413,0.42486602
r56b,P-noreview,rails-ac-throttle-search,1,studio,kh-gpt,gpt-6-luna + gpt-6.1-sol,gpt-6-luna / xhigh + gpt-6.1-sol / high,pass,pass,,1479.071,1377777,0.35615848
r56b,P-noreview,rails-ac-throttle-search,1,studio,kh-gpt,gpt-6-luna + gpt-6.1-sol,gpt-6-luna / xhigh + gpt-6.1-sol / high,fail,fail,,1441.212,2030128,0.5659524400000001
r56b,P-noreview,rails-ac-throttle-search,1,studio,kh-gpt,gpt-6-luna + gpt-6.1-sol,gpt-6-luna / xhigh + gpt-6.1-sol / high,pass,pass,,1062.177,1403942,0.36117532
r56b,P-noreview,rails-ac-throttle-search,1,studio,kh-gpt,gpt-6-luna + gpt-6.1-sol,gpt-6-luna / xhigh + gpt-6.1-sol / high,pass,pass,,1463.382,1400743,0.38212842
r56b,P-noreview,rails-ac-throttle-search,1,studio,kh-gpt,gpt-6-luna + gpt-6.1-sol,gpt-6-luna / xhigh + gpt-6.1-sol / high,pass,pass,,1475.931,2280144,0.44679188
r56b,P-noreview,rails-ac-throttle-search,1,studio,kh-gpt,gpt-6-luna + gpt-6.1-sol,gpt-6-luna / xhigh + gpt-6.1-sol / high,fail,fail,,1503.744,1643469,0.4283506
r56b,P-noreview,rails-ac-throttle-search,1,studio,kh-gpt,gpt-6-luna + gpt-6.1-sol,gpt-6-luna / xhigh + gpt-6.1-sol / high,pass,pass,,1393.304,1566067,0.41943934
r50,P-sollow,rails-ac-throttle-search,1,studio,kh-gpt,gpt-6.1-sol + gpt-6.1-sol,gpt-6.1-sol / high + gpt-6.1-sol / low,pass,pass,,1546.651,912971,0.5792876
r50,P-solmed,rails-ac-throttle-search,1,studio,kh-gpt,gpt-6.1-sol + gpt-6.1-sol,gpt-6.1-sol / high + gpt-6.1-sol / medium,pass,pass,,2064.779,1873600,1.1279824
r21,Pstar-review,rails-ac-throttle-search,1,studio,kh-gpt,gpt-6-luna,low,pass,pass,,961.503,1650168,
r40,agentic-contract-exec-sol,rails-ac-throttle-search,1,studio,kh-gpt,gpt-6-luna,low,pass,pass,,1170.116,125296,
r35,agentic30-execreview-sol,rails-ac-throttle-search,1,studio,kh-gpt,gpt-6-luna,low,pass,pass,,1310.363,110346,
r69,approach,rails-ac-throttle-search,1,studio,kh-gpt,gpt-6-luna,low,pass,pass,,,,
r11,bare,rails-ac-throttle-search,1,studio,kh-gpt,gpt-6-luna,low,pass,pass,,43.662,39971,
r31,bo3-packplan-review-sol,rails-ac-throttle-search,1,studio,kh-gpt,gpt-6-luna,low,fail,fail,,1415.252,547992,
r48,cascade-contract,rails-ac-throttle-search,1,studio,kh-gpt,gpt-6-luna,low,pass,pass,,589.997,98009,
r48b,cascade-contract-v2,rails-ac-throttle-search,1,studio,kh-gpt,gpt-6-luna + gpt-6.1-sol,gpt-6-luna / low + gpt-6.1-sol / high,pass,pass,,878.192,445841,0.24840116
r36,cheapswarm-bo5-lunahigh,rails-ac-throttle-search,1,studio,kh-gpt,gpt-6-luna,low,pass,pass,,1805.082,174489,
r37c,contract-review-sol,rails-ac-throttle-search,1,studio,kh-gpt,gpt-6-luna,low,grader_error,unresolved,,1013.406,707033,
r37,debate-packplan-review,rails-ac-throttle-search,1,studio,kh-gpt,gpt-6-luna,low,pass,pass,,1201.494,285847,
r57b,default-tools,rails-ac-throttle-search,1,studio,kh-gpt,gpt-6-luna,low,fail,fail,,338.375,493534,0.013731000000000002
r64c,kh-plan-shell-lunahigh,rails-ac-throttle-search,1,studio,kh-gpt,gpt-6-luna + gpt-6.1-sol,gpt-6-luna / high + gpt-6.1-sol / high,grader_error,unresolved,,282.513,191447,0.049435480000000004
r64,kh-plan-shell,rails-ac-throttle-search,1,studio,kh-gpt,gpt-6-luna + gpt-6.1-sol,gpt-6-luna / xhigh + gpt-6.1-sol / high,pass,pass,,904.523,1355669,0.08493728
r64c,kh-plan-shell-solmedplan,rails-ac-throttle-search,1,studio,kh-gpt,gpt-6-luna + gpt-6.1-sol,gpt-6-luna / xhigh + gpt-6.1-sol / medium,grader_error,unresolved,,1033.611,1116795,0.064595
r69,none,rails-ac-throttle-search,1,studio,kh-gpt,gpt-6-luna,xhigh,pass,pass,,182.971,185195,
r35,packplan-execreview-sol,rails-ac-throttle-search,1,studio,kh-gpt,gpt-6-luna,low,fail,fail,,1516.911,70724,
r30,packplan-review-lmax,rails-ac-throttle-search,1,studio,kh-gpt,gpt-6-luna,low,pass,pass,,1009.144,263311,
r30,packplan-review-sol,rails-ac-throttle-search,1,studio,kh-gpt,gpt-6-luna,low,fail,fail,,790.094,382979,
r51,pl-approach-luna-low,rails-ac-throttle-search,1,studio,kh-gpt,gpt-6-luna + gpt-6.1-sol,gpt-6-luna / low + gpt-6.1-sol / high,fail,fail,,373.927,128436,0.06042918
r51,pl-approach-luna-max,rails-ac-throttle-search,1,studio,kh-gpt,gpt-6-luna + gpt-6-luna + gpt-6.1-sol,gpt-6-luna / low + gpt-6-luna / xhigh + gpt-6.1-sol / high,pass,pass,,918.17,1345414,0.08364774
r51,pl-approach-sol-low,rails-ac-throttle-search,1,studio,kh-gpt,gpt-6-luna + gpt-6.1-sol + gpt-6.1-sol,gpt-6-luna / low + gpt-6.1-sol / high + gpt-6.1-sol / low,pass,pass,,416.135,241707,0.15923288
r51,pl-criteria-luna-low,rails-ac-throttle-search,1,studio,kh-gpt,gpt-6-luna + gpt-6.1-sol,gpt-6-luna / low + gpt-6.1-sol / high,fail,fail,,227.571,155134,0.024657520000000002
r51,pl-criteria-luna-max,rails-ac-throttle-search,1,studio,kh-gpt,gpt-6-luna + gpt-6-luna + gpt-6.1-sol,gpt-6-luna / low + gpt-6-luna / xhigh + gpt-6.1-sol / high,pass,pass,,1099.948,1282593,0.04716958
r51,pl-criteria-sol-low,rails-ac-throttle-search,1,studio,kh-gpt,gpt-6-luna + gpt-6.1-sol + gpt-6.1-sol,gpt-6-luna / low + gpt-6.1-sol / high + gpt-6.1-sol / low,grader_error,unresolved,,293.199,215026,0.13515618
r51,pl-none-luna-low,rails-ac-throttle-search,1,studio,kh-gpt,gpt-6-luna,gpt-6-luna / low,pass,pass,,42.38,42623,0.0017524600000000002
r51,pl-none-luna-max,rails-ac-throttle-search,1,studio,kh-gpt,gpt-6-luna,gpt-6-luna / xhigh,pass,pass,,556.222,1451640,0.031292719999999996
r51,pl-none-sol-low,rails-ac-throttle-search,1,studio,kh-gpt,gpt-6.1-sol,gpt-6.1-sol / low,pass,pass,,131.689,95625,0.06532520000000001
r51,pl-steps-luna-low,rails-ac-throttle-search,1,studio,kh-gpt,gpt-6-luna + gpt-6.1-sol,gpt-6-luna / low + gpt-6.1-sol / high,pass,pass,,432.9,135156,0.06095224
r51,pl-steps-luna-max,rails-ac-throttle-search,1,studio,kh-gpt,gpt-6-luna + gpt-6-luna + gpt-6.1-sol,gpt-6-luna / low + gpt-6-luna / xhigh + gpt-6.1-sol / high,pass,pass,,629.906,642162,0.06573242
r51,pl-steps-sol-low,rails-ac-throttle-search,1,studio,kh-gpt,gpt-6-luna + gpt-6.1-sol + gpt-6.1-sol,gpt-6-luna / low + gpt-6.1-sol / high + gpt-6.1-sol / low,pass,pass,,483.218,171172,0.15872162
r11,plan-lunamax-nocontext,rails-ac-throttle-search,1,studio,kh-gpt,gpt-6-luna,low,pass,pass,,304.457,42326,
r14,plan-sol-guard,rails-ac-throttle-search,1,studio,kh-gpt,gpt-6-luna,low,pass,pass,,364.936,71042,
r14,plan-sol-nc-guard,rails-ac-throttle-search,1,studio,kh-gpt,gpt-6-luna,low,pass,pass,,314.236,190402,
r11,plan-sol-nocontext,rails-ac-throttle-search,1,studio,kh-gpt,gpt-6-luna,low,grader_error,unresolved,,302.654,193489,
r11,plan-sol,rails-ac-throttle-search,1,studio,kh-gpt,gpt-6-luna,low,grader_error,unresolved,,444.519,278050,
r46,route-cascade,rails-ac-throttle-search,1,studio,kh-gpt,gpt-6-luna,low,pass,pass,,1201.765,206235,
r47,route-jev,rails-ac-throttle-search,1,studio,kh-gpt,gpt-6-luna,low,pass,pass,,1253.835,269349,
r28,route-lmax,rails-ac-throttle-search,1,studio,kh-gpt,gpt-6-luna,low,pass,pass,,1120.831,250991,
r26,route,rails-ac-throttle-search,1,studio,kh-gpt,gpt-6-luna,low,pass,pass,,395.718,177377,
r45,route-v3,rails-ac-throttle-search,1,studio,kh-gpt,gpt-6-luna,low,pass,pass,,751.807,172911,
r57b,shell-only,rails-ac-throttle-search,1,studio,kh-gpt,gpt-6-luna,low,pass,pass,,136.127,155978,0.0062485200000000005
r56c,P-noplan2,rails-ac-throttle-search,10,studio,kh-gpt,gpt-6-luna + gpt-6.1-sol,gpt-6-luna / xhigh + gpt-6.1-sol / high,pass,pass,,1412.397,1121287,0.36412872
r57d,default-tools,rails-ac-throttle-search,10,studio,kh-gpt,gpt-6-luna,low,pass,pass,,382.472,523133,0.015579380000000002
r57d,shell-only,rails-ac-throttle-search,10,studio,kh-gpt,gpt-6-luna,low,fail,fail,,471.885,787935,0.01957494
r56c,P-noplan2,rails-ac-throttle-search,11,studio,kh-gpt,gpt-6-luna + gpt-6.1-sol,gpt-6-luna / xhigh + gpt-6.1-sol / high,pass,pass,,1623.857,1282573,0.45016069999999997
r57d,default-tools,rails-ac-throttle-search,11,studio,kh-gpt,gpt-6-luna,low,pass,pass,,814.728,1060054,0.025564680000000003
r57d,shell-only,rails-ac-throttle-search,11,studio,kh-gpt,gpt-6-luna,low,pass,pass,,103.987,89380,0.0035816800000000003
r56c,P-noplan2,rails-ac-throttle-search,12,studio,kh-gpt,gpt-6-luna + gpt-6.1-sol,gpt-6-luna / xhigh + gpt-6.1-sol / high,pass,pass,,2226.392,1231094,0.49723136
r57d,default-tools,rails-ac-throttle-search,12,studio,kh-gpt,gpt-6-luna,low,pass,pass,,630.423,632115,0.01841478
r57d,shell-only,rails-ac-throttle-search,12,studio,kh-gpt,gpt-6-luna,low,pass,pass,,107.476,63337,0.0037113
r57d,default-tools,rails-ac-throttle-search,13,studio,kh-gpt,gpt-6-luna,low,pass,pass,,246.99,352215,0.00842422
r57d,shell-only,rails-ac-throttle-search,13,studio,kh-gpt,gpt-6-luna,low,pass,pass,,200.361,107866,0.004619400000000001
r57d,default-tools,rails-ac-throttle-search,14,studio,kh-gpt,gpt-6-luna,low,fail,fail,,371.454,743214,0.016414840000000003
r57d,shell-only,rails-ac-throttle-search,14,studio,kh-gpt,gpt-6-luna,low,pass,pass,,148.615,124849,0.0052848999999999995
r57d,default-tools,rails-ac-throttle-search,15,studio,kh-gpt,gpt-6-luna,low,pass,pass,,585.291,843831,0.01979558
r57d,shell-only,rails-ac-throttle-search,15,studio,kh-gpt,gpt-6-luna,low,pass,pass,,137.101,79505,0.0043409
r57d,default-tools,rails-ac-throttle-search,16,studio,kh-gpt,gpt-6-luna,low,pass,pass,,647.457,737323,0.020216460000000002
r57d,shell-only,rails-ac-throttle-search,16,studio,kh-gpt,gpt-6-luna,low,fail,fail,,366.946,302141,0.010796260000000002
r56,B-ctx-det,rails-ac-throttle-search,2,studio,kh-gpt,gpt-6-luna,gpt-6-luna / xhigh,pass,pass,,181.345,226231,0.0088335
r56,B-ctx-ls,rails-ac-throttle-search,2,studio,kh-gpt,gpt-6-luna,gpt-6-luna / xhigh,pass,pass,,516.099,982951,0.022616059999999993
r56,B-ctx-none,rails-ac-throttle-search,2,studio,kh-gpt,gpt-6-luna,gpt-6-luna / xhigh,pass,pass,,126.607,150512,0.005572640000000001
r56,B-ctx-pack,rails-ac-throttle-search,2,studio,kh-gpt,gpt-6-luna + gpt-6-luna,gpt-6-luna / low + gpt-6-luna / xhigh,pass,pass,,280.847,232586,0.0114806
r11,B3,rails-ac-throttle-search,2,studio,kh-gpt,gpt-6-luna,low,pass,pass,,100.367,113571,
r56,P-full,rails-ac-throttle-search,2,studio,kh-gpt,gpt-6-luna + gpt-6.1-sol,gpt-6-luna / xhigh + gpt-6.1-sol / high,pass,pass,,2261.197,2104548,0.60465814
r50,P-lunamax,rails-ac-throttle-search,2,studio,kh-gpt,gpt-6-luna + gpt-6.1-sol,gpt-6-luna / xhigh + gpt-6.1-sol / high,pass,pass,,2114.246,2216796,0.6160603
r56,P-nocontract,rails-ac-throttle-search,2,studio,kh-gpt,gpt-6-luna + gpt-6.1-sol,gpt-6-luna / xhigh + gpt-6.1-sol / high,pass,pass,,1864.022,2972811,0.538319
r56c,P-noplan2,rails-ac-throttle-search,2,studio,kh-gpt,gpt-6-luna + gpt-6.1-sol,gpt-6-luna / xhigh + gpt-6.1-sol / high,pass,pass,,1449.004,1075861,0.4375507
r56,P-noreview,rails-ac-throttle-search,2,studio,kh-gpt,gpt-6-luna + gpt-6.1-sol,gpt-6-luna / xhigh + gpt-6.1-sol / high,pass,pass,,1211.549,1264903,0.46059304
r50,P-sollow,rails-ac-throttle-search,2,studio,kh-gpt,gpt-6.1-sol + gpt-6.1-sol,gpt-6.1-sol / high + gpt-6.1-sol / low,pass,pass,,1618.273,1057862,0.6880984000000001
r50,P-solmed,rails-ac-throttle-search,2,studio,kh-gpt,gpt-6.1-sol + gpt-6.1-sol,gpt-6.1-sol / high + gpt-6.1-sol / medium,pass,pass,,2107.282,1503569,0.9276788
r21,Pstar-review,rails-ac-throttle-search,2,studio,kh-gpt,gpt-6-luna,low,fail,fail,,685.249,328020,
r40,agentic-contract-exec-sol,rails-ac-throttle-search,2,studio,kh-gpt,gpt-6-luna,low,pass,pass,,1017.642,102336,
r35,agentic30-execreview-sol,rails-ac-throttle-search,2,studio,kh-gpt,gpt-6-luna,low,fail,fail,,2299.11,876038,
r11,bare,rails-ac-throttle-search,2,studio,kh-gpt,gpt-6-luna,low,fail,fail,,107.897,187580,
r31,bo3-packplan-review-sol,rails-ac-throttle-search,2,studio,kh-gpt,gpt-6-luna,low,pass,pass,,731.953,416578,
r48,cascade-contract,rails-ac-throttle-search,2,studio,kh-gpt,gpt-6-luna,low,pass,pass,,634.514,96660,
r48b,cascade-contract-v2,rails-ac-throttle-search,2,studio,kh-gpt,gpt-6-luna + gpt-6.1-sol,gpt-6-luna / low + gpt-6.1-sol / high,pass,pass,,1087.524,545103,0.37407396
r36,cheapswarm-bo5-lunahigh,rails-ac-throttle-search,2,studio,kh-gpt,gpt-6-luna,low,grader_error,unresolved,,1839.316,451196,
r37c,contract-review-sol,rails-ac-throttle-search,2,studio,kh-gpt,gpt-6-luna,low,pass,pass,,671.746,151746,
r37,debate-packplan-review,rails-ac-throttle-search,2,studio,kh-gpt,gpt-6-luna,low,fail,fail,,1125.617,325925,
r57b,default-tools,rails-ac-throttle-search,2,studio,kh-gpt,gpt-6-luna,low,pass,pass,,507.541,704178,0.025106199999999995
r64c,kh-plan-shell-lunahigh,rails-ac-throttle-search,2,studio,kh-gpt,gpt-6-luna + gpt-6.1-sol,gpt-6-luna / high + gpt-6.1-sol / high,pass,pass,,281.203,139365,0.05391666
r64,kh-plan-shell,rails-ac-throttle-search,2,studio,kh-gpt,gpt-6-luna + gpt-6.1-sol,gpt-6-luna / xhigh + gpt-6.1-sol / high,pass,pass,,647.116,754093,0.06913398
r64c,kh-plan-shell-solmedplan,rails-ac-throttle-search,2,studio,kh-gpt,gpt-6-luna + gpt-6.1-sol,gpt-6-luna / xhigh + gpt-6.1-sol / medium,grader_error,unresolved,,397.813,438467,0.04628565999999999
r49,mc-review,rails-ac-throttle-search,2,studio,kh-gpt,gpt-6-luna,gpt-6-luna / max,pass,pass,,695.884,580980,0.023361840000000002
r69,none,rails-ac-throttle-search,2,studio,kh-gpt,gpt-6-luna,xhigh,pass,pass,,146.629,124366,
r35,packplan-execreview-sol,rails-ac-throttle-search,2,studio,kh-gpt,gpt-6-luna,low,pass,pass,,690.455,314990,
r30,packplan-review-lmax,rails-ac-throttle-search,2,studio,kh-gpt,gpt-6-luna,low,pass,pass,,843.719,52320,
r30,packplan-review-sol,rails-ac-throttle-search,2,studio,kh-gpt,gpt-6-luna,low,pass,pass,,405.259,88339,
r51,pl-approach-luna-low,rails-ac-throttle-search,2,studio,kh-gpt,gpt-6-luna + gpt-6.1-sol,gpt-6-luna / low + gpt-6.1-sol / high,pass,pass,,458.361,226882,0.05766828
r51,pl-approach-luna-max,rails-ac-throttle-search,2,studio,kh-gpt,gpt-6-luna + gpt-6-luna + gpt-6.1-sol,gpt-6-luna / low + gpt-6-luna / xhigh + gpt-6.1-sol / high,fail,fail,,799.672,804990,0.06994792
r51,pl-approach-sol-low,rails-ac-throttle-search,2,studio,kh-gpt,gpt-6-luna + gpt-6.1-sol + gpt-6.1-sol,gpt-6-luna / low + gpt-6.1-sol / high + gpt-6.1-sol / low,grader_error,unresolved,,743.091,253495,0.19586224
r51,pl-criteria-luna-low,rails-ac-throttle-search,2,studio,kh-gpt,gpt-6-luna + gpt-6.1-sol,gpt-6-luna / low + gpt-6.1-sol / high,pass,pass,,252.511,152853,0.02298096
r51,pl-criteria-luna-max,rails-ac-throttle-search,2,studio,kh-gpt,gpt-6-luna + gpt-6-luna + gpt-6.1-sol,gpt-6-luna / low + gpt-6-luna / xhigh + gpt-6.1-sol / high,pass,pass,,982.993,780413,0.04107794000000001
r51,pl-criteria-sol-low,rails-ac-throttle-search,2,studio,kh-gpt,gpt-6-luna + gpt-6.1-sol + gpt-6.1-sol,gpt-6-luna / low + gpt-6.1-sol / high + gpt-6.1-sol / low,pass,pass,,312.772,132727,0.09917782000000001
r51,pl-none-luna-low,rails-ac-throttle-search,2,studio,kh-gpt,gpt-6-luna,gpt-6-luna / low,pass,pass,,94.938,68484,0.00258608
r51,pl-none-luna-max,rails-ac-throttle-search,2,studio,kh-gpt,gpt-6-luna,gpt-6-luna / xhigh,pass,pass,,126.052,122487,0.00498118
r51,pl-none-sol-low,rails-ac-throttle-search,2,studio,kh-gpt,gpt-6.1-sol,gpt-6.1-sol / low,pass,pass,,160.785,126024,0.0930448
r51,pl-steps-luna-low,rails-ac-throttle-search,2,studio,kh-gpt,gpt-6-luna + gpt-6.1-sol,gpt-6-luna / low + gpt-6.1-sol / high,pass,pass,,628.037,212766,0.05654692
r51,pl-steps-luna-max,rails-ac-throttle-search,2,studio,kh-gpt,gpt-6-luna + gpt-6-luna + gpt-6.1-sol,gpt-6-luna / low + gpt-6-luna / xhigh + gpt-6.1-sol / high,pass,pass,,960.089,1197503,0.0788605
r51,pl-steps-sol-low,rails-ac-throttle-search,2,studio,kh-gpt,gpt-6-luna + gpt-6.1-sol + gpt-6.1-sol,gpt-6-luna / low + gpt-6.1-sol / high + gpt-6.1-sol / low,pass,pass,,695.56,241613,0.17855824
r11,plan-lunamax-nocontext,rails-ac-throttle-search,2,studio,kh-gpt,gpt-6-luna,low,pass,pass,,345.089,58322,
r14,plan-sol-guard,rails-ac-throttle-search,2,studio,kh-gpt,gpt-6-luna,low,pass,pass,,363.343,254391,
r14,plan-sol-nc-guard,rails-ac-throttle-search,2,studio,kh-gpt,gpt-6-luna,low,pass,pass,,304.353,236595,
r11,plan-sol-nocontext,rails-ac-throttle-search,2,studio,kh-gpt,gpt-6-luna,low,grader_error,unresolved,,291.259,170017,
r11,plan-sol,rails-ac-throttle-search,2,studio,kh-gpt,gpt-6-luna,low,grader_error,unresolved,,430.059,216596,
r46,route-cascade,rails-ac-throttle-search,2,studio,kh-gpt,gpt-6-luna,low,pass,pass,,1280.22,143241,
r47,route-jev,rails-ac-throttle-search,2,studio,kh-gpt,gpt-6-luna,low,pass,pass,,1083.602,249292,
r28,route-lmax,rails-ac-throttle-search,2,studio,kh-gpt,gpt-6-luna,low,fail,fail,,938.79,338040,
r26,route,rails-ac-throttle-search,2,studio,kh-gpt,gpt-6-luna,low,fail,fail,,547.159,435491,
r45,route-v3,rails-ac-throttle-search,2,studio,kh-gpt,gpt-6-luna,low,grader_error,unresolved,,1147.558,364325,
r57b,shell-only,rails-ac-throttle-search,2,studio,kh-gpt,gpt-6-luna,low,pass,pass,,292.259,281789,0.01100978
r11,B3,rails-ac-throttle-search,3,studio,kh-gpt,gpt-6-luna,low,pass,pass,,166.196,629213,
r50,P-lunamax,rails-ac-throttle-search,3,studio,kh-gpt,gpt-6-luna + gpt-6.1-sol,gpt-6-luna / xhigh + gpt-6.1-sol / high,fail,fail,,1681.253,1755685,0.5664594199999999
r56c,P-noplan2,rails-ac-throttle-search,3,studio,kh-gpt,gpt-6-luna + gpt-6.1-sol,gpt-6-luna / xhigh + gpt-6.1-sol / high,pass,pass,,1869.024,1302216,0.5147593
r50,P-sollow,rails-ac-throttle-search,3,studio,kh-gpt,gpt-6.1-sol + gpt-6.1-sol,gpt-6.1-sol / high + gpt-6.1-sol / low,pass,pass,,1460.577,1202253,0.7571716000000001
r50,P-solmed,rails-ac-throttle-search,3,studio,kh-gpt,gpt-6.1-sol + gpt-6.1-sol,gpt-6.1-sol / high + gpt-6.1-sol / medium,fail,fail,,1517.206,1247995,0.7061276
r21,Pstar-review,rails-ac-throttle-search,3,studio,kh-gpt,gpt-6-luna,low,pass,pass,,581.752,309994,
r40,agentic-contract-exec-sol,rails-ac-throttle-search,3,studio,kh-gpt,gpt-6-luna,low,pass,pass,,1950.283,531014,
r35,agentic30-execreview-sol,rails-ac-throttle-search,3,studio,kh-gpt,gpt-6-luna,low,pass,pass,,964.922,200300,
r32b,agentic30-repro-review-sol,rails-ac-throttle-search,3,studio,kh-gpt,gpt-6-luna,low,pass,pass,,567.856,182972,
r11,bare,rails-ac-throttle-search,3,studio,kh-gpt,gpt-6-luna,low,pass,pass,,196.763,183787,
r31,bo3-packplan-review-sol,rails-ac-throttle-search,3,studio,kh-gpt,gpt-6-luna,low,fail,fail,,964.218,846685,
r48,cascade-contract,rails-ac-throttle-search,3,studio,kh-gpt,gpt-6-luna,low,pass,pass,,1057.075,53128,
r48b,cascade-contract-v2,rails-ac-throttle-search,3,studio,kh-gpt,gpt-6-luna + gpt-6.1-sol,gpt-6-luna / low + gpt-6.1-sol / high,pass,pass,,825.404,421135,0.30841876
r36,cheapswarm-bo5-lunahigh,rails-ac-throttle-search,3,studio,kh-gpt,gpt-6-luna,low,pass,pass,,613.82,411787,
r37c,contract-review-sol,rails-ac-throttle-search,3,studio,kh-gpt,gpt-6-luna,low,pass,pass,,632.161,68730,
r37,debate-packplan-review,rails-ac-throttle-search,3,studio,kh-gpt,gpt-6-luna,low,grader_error,unresolved,,851.544,107809,
r57b,default-tools,rails-ac-throttle-search,3,studio,kh-gpt,gpt-6-luna,low,fail,fail,,232.524,228708,0.008043199999999999
r64c,kh-plan-shell-lunahigh,rails-ac-throttle-search,3,studio,kh-gpt,gpt-6-luna + gpt-6.1-sol,gpt-6-luna / high + gpt-6.1-sol / high,pass,pass,,304.829,176196,0.04056982
r64,kh-plan-shell,rails-ac-throttle-search,3,studio,kh-gpt,gpt-6-luna + gpt-6.1-sol,gpt-6-luna / xhigh + gpt-6.1-sol / high,pass,pass,,1075.661,830178,0.06507664
r64c,kh-plan-shell-solmedplan,rails-ac-throttle-search,3,studio,kh-gpt,gpt-6-luna + gpt-6.1-sol,gpt-6-luna / xhigh + gpt-6.1-sol / medium,grader_error,unresolved,,765.223,913775,0.05760466
r49,mc-contract,rails-ac-throttle-search,3,studio,kh-gpt,gpt-6-luna + gpt-6.1-sol,gpt-6-luna / max + gpt-6.1-sol / high,pass,pass,,871.246,714359,0.29151047999999996
r49,mc-review,rails-ac-throttle-search,3,studio,kh-gpt,gpt-6-luna + gpt-6.1-sol,gpt-6-luna / max + gpt-6.1-sol / high,pass,pass,,1182.182,1003380,0.18830822
r69,none,rails-ac-throttle-search,3,studio,kh-gpt,gpt-6-luna,xhigh,pass,pass,,150.467,103608,
r35,packplan-execreview-sol,rails-ac-throttle-search,3,studio,kh-gpt,gpt-6-luna,low,pass,pass,,636.798,79265,
r30,packplan-review-lmax,rails-ac-throttle-search,3,studio,kh-gpt,gpt-6-luna,low,pass,pass,,1138.723,119339,
r30,packplan-review-sol,rails-ac-throttle-search,3,studio,kh-gpt,gpt-6-luna,low,pass,pass,,1195.574,1600202,
r11,plan-lunamax-nocontext,rails-ac-throttle-search,3,studio,kh-gpt,gpt-6-luna,low,pass,pass,,524.891,45169,
r14,plan-sol-guard,rails-ac-throttle-search,3,studio,kh-gpt,gpt-6-luna,low,pass,pass,,386.232,68430,
r14,plan-sol-nc-guard,rails-ac-throttle-search,3,studio,kh-gpt,gpt-6-luna,low,pass,pass,,384.955,236931,
r11,plan-sol-nocontext,rails-ac-throttle-search,3,studio,kh-gpt,gpt-6-luna,low,grader_error,unresolved,,274.848,105467,
r11,plan-sol,rails-ac-throttle-search,3,studio,kh-gpt,gpt-6-luna,low,fail,fail,,368.432,115888,
r46,route-cascade,rails-ac-throttle-search,3,studio,kh-gpt,gpt-6-luna,low,fail,fail,,326.619,52511,
r47,route-jev,rails-ac-throttle-search,3,studio,kh-gpt,gpt-6-luna,low,grader_error,unresolved,,1110.708,180427,
r28,route-lmax,rails-ac-throttle-search,3,studio,kh-gpt,gpt-6-luna,low,fail,fail,,936.155,639457,
r26,route,rails-ac-throttle-search,3,studio,kh-gpt,gpt-6-luna,low,pass,pass,,520.704,447381,
r45,route-v3,rails-ac-throttle-search,3,studio,kh-gpt,gpt-6-luna,low,pass,pass,,1340.44,346530,
r57b,shell-only,rails-ac-throttle-search,3,studio,kh-gpt,gpt-6-luna,low,pass,pass,,207.942,245467,0.007494780000000001
r11,B3,rails-ac-throttle-search,4,studio,kh-gpt,gpt-6-luna,low,pass,pass,,68.371,72421,
r56c,P-noplan2,rails-ac-throttle-search,4,studio,kh-gpt,gpt-6-luna + gpt-6.1-sol,gpt-6-luna / xhigh + gpt-6.1-sol / high,fail,fail,,1946.455,1673137,0.52353196
r69,accept,rails-ac-throttle-search,4,studio,kh-gpt,gpt-6-luna,xhigh,pass,pass,,432.99,538469,
r32,agentic-repro-review-sol,rails-ac-throttle-search,4,studio,kh-gpt,gpt-6-luna,low,pass,pass,,600.435,193112,
r35,agentic30-execreview-sol,rails-ac-throttle-search,4,studio,kh-gpt,gpt-6-luna,low,pass,pass,,865.011,173220,
r32b,agentic30-repro-review-sol,rails-ac-throttle-search,4,studio,kh-gpt,gpt-6-luna,low,fail,fail,,892.857,315592,
r69,approach,rails-ac-throttle-search,4,studio,kh-gpt,gpt-6-luna,xhigh,pass,pass,,410.667,563134,
r11,bare,rails-ac-throttle-search,4,studio,kh-gpt,gpt-6-luna,low,pass,pass,,49.271,61008,
r31,bo3-packplan-review-sol,rails-ac-throttle-search,4,studio,kh-gpt,gpt-6-luna,low,fail,fail,,916.035,694710,
r37c,contract-review-sol,rails-ac-throttle-search,4,studio,kh-gpt,gpt-6-luna,low,pass,pass,,533.392,110672,
r37,debate-packplan-review,rails-ac-throttle-search,4,studio,kh-gpt,gpt-6-luna,low,pass,pass,,1079.598,198372,
r57b,default-tools,rails-ac-throttle-search,4,studio,kh-gpt,gpt-6-luna,low,fail,fail,,304.212,374860,0.01400992
r64b,kh-plan-shell,rails-ac-throttle-search,4,studio,kh-gpt,gpt-6-luna + gpt-6.1-sol,gpt-6-luna / xhigh + gpt-6.1-sol / high,grader_error,unresolved,,650.022,1069888,0.07104382000000001
r64e,kh-plan-shell-solmedplan,rails-ac-throttle-search,4,studio,kh-gpt,gpt-6-luna,xhigh,fail,fail,,833.309,1406933,
r69,none,rails-ac-throttle-search,4,studio,kh-gpt,gpt-6-luna,xhigh,pass,pass,,125.001,100633,
r35,packplan-execreview-sol,rails-ac-throttle-search,4,studio,kh-gpt,gpt-6-luna,low,grader_error,unresolved,environment label requires evidence review; no exclusion asserted,786.114,189175,
r30,packplan-review-lmax,rails-ac-throttle-search,4,studio,kh-gpt,gpt-6-luna,low,pass,pass,,1240.837,638855,
r30,packplan-review-sol,rails-ac-throttle-search,4,studio,kh-gpt,gpt-6-luna,low,grader_error,unresolved,,608.253,318690,
r11,plan-lunamax-nocontext,rails-ac-throttle-search,4,studio,kh-gpt,gpt-6-luna,low,pass,pass,,627.788,69672,
r14,plan-sol-guard,rails-ac-throttle-search,4,studio,kh-gpt,gpt-6-luna,low,pass,pass,,442.1,178056,
r14,plan-sol-nc-guard,rails-ac-throttle-search,4,studio,kh-gpt,gpt-6-luna,low,pass,pass,,309.79,199473,
r11,plan-sol-nocontext,rails-ac-throttle-search,4,studio,kh-gpt,gpt-6-luna,low,grader_error,unresolved,,294.299,132453,
r11,plan-sol,rails-ac-throttle-search,4,studio,kh-gpt,gpt-6-luna,low,fail,fail,,411.298,130806,
r28,route-lmax,rails-ac-throttle-search,4,studio,kh-gpt,gpt-6-luna,low,fail,fail,,714.026,302065,
r26,route,rails-ac-throttle-search,4,studio,kh-gpt,gpt-6-luna,low,pass,pass,,315.129,165296,
r57b,shell-only,rails-ac-throttle-search,4,studio,kh-gpt,gpt-6-luna,low,pass,pass,,412.666,524976,0.015215920000000003
r69,spec,rails-ac-throttle-search,4,studio,kh-gpt,gpt-6-luna,xhigh,pass,pass,,363.335,370465,
r11,B3,rails-ac-throttle-search,5,studio,kh-gpt,gpt-6-luna,low,pass,pass,,106.81,147561,
r56c,P-noplan2,rails-ac-throttle-search,5,studio,kh-gpt,gpt-6-luna + gpt-6.1-sol,gpt-6-luna / xhigh + gpt-6.1-sol / high,pass,pass,,1335.488,1488531,0.42584178
r21,Pstar-review,rails-ac-throttle-search,5,studio,kh-gpt,gpt-6-luna,low,pass,pass,,639.349,380353,
r32,agentic-repro-review-sol,rails-ac-throttle-search,5,studio,kh-gpt,gpt-6-luna,low,fail,fail,,509.424,153208,
r32b,agentic30-repro-review-sol,rails-ac-throttle-search,5,studio,kh-gpt,gpt-6-luna,low,pass,pass,,631.594,123712,
r11,bare,rails-ac-throttle-search,5,studio,kh-gpt,gpt-6-luna,low,pass,pass,,68.808,113848,
r31,bo3-packplan-review-sol,rails-ac-throttle-search,5,studio,kh-gpt,gpt-6-luna,low,pass,pass,,728.161,462257,
r37,contract-review-sol,rails-ac-throttle-search,5,studio,kh-gpt,gpt-6-luna,low,pass,pass,,884.092,191628,
r37c,contract-review-sol,rails-ac-throttle-search,5,studio,kh-gpt,gpt-6-luna,low,fail,fail,,713.076,142823,
r37,debate-packplan-review,rails-ac-throttle-search,5,studio,kh-gpt,gpt-6-luna,low,fail,fail,,794.117,296538,
r57b,default-tools,rails-ac-throttle-search,5,studio,kh-gpt,gpt-6-luna,low,pass,pass,,411.611,441091,0.013654860000000001
r64b,kh-plan-shell,rails-ac-throttle-search,5,studio,kh-gpt,gpt-6-luna + gpt-6.1-sol,gpt-6-luna / xhigh + gpt-6.1-sol / high,grader_error,unresolved,,561.406,719905,0.06789084000000001
r64e,kh-plan-shell-solmedplan,rails-ac-throttle-search,5,studio,kh-gpt,gpt-6-luna,xhigh,grader_error,unresolved,,734.086,1418780,
r35,packplan-execreview-sol,rails-ac-throttle-search,5,studio,kh-gpt,gpt-6-luna,low,fail,fail,,731.421,74256,
r30,packplan-review-lmax,rails-ac-throttle-search,5,studio,kh-gpt,gpt-6-luna,low,pass,pass,,992.225,231982,
r30,packplan-review-sol,rails-ac-throttle-search,5,studio,kh-gpt,gpt-6-luna,low,pass,pass,,463.943,155558,
r11,plan-lunamax-nocontext,rails-ac-throttle-search,5,studio,kh-gpt,gpt-6-luna,low,fail,fail,,404.471,253554,
r14,plan-sol-guard,rails-ac-throttle-search,5,studio,kh-gpt,gpt-6-luna,low,pass,pass,,532.704,124035,
r14,plan-sol-nc-guard,rails-ac-throttle-search,5,studio,kh-gpt,gpt-6-luna,low,pass,pass,,352.733,316173,
r11,plan-sol-nocontext,rails-ac-throttle-search,5,studio,kh-gpt,gpt-6-luna,low,grader_error,unresolved,,320.932,397200,
r11,plan-sol,rails-ac-throttle-search,5,studio,kh-gpt,gpt-6-luna,low,pass,pass,,434.405,119003,
r28,route-lmax,rails-ac-throttle-search,5,studio,kh-gpt,gpt-6-luna,low,pass,pass,,1044.312,69736,
r26,route,rails-ac-throttle-search,5,studio,kh-gpt,gpt-6-luna,low,pass,pass,,806.741,797179,
r57b,shell-only,rails-ac-throttle-search,5,studio,kh-gpt,gpt-6-luna,low,pass,pass,,152.11,169744,0.005973119999999999
r56c,P-noplan2,rails-ac-throttle-search,6,studio,kh-gpt,gpt-6-luna + gpt-6.1-sol,gpt-6-luna / xhigh + gpt-6.1-sol / high,pass,pass,,1615.954,1251125,0.31907282
r57b,default-tools,rails-ac-throttle-search,6,studio,kh-gpt,gpt-6-luna,low,fail,fail,,216.379,311185,0.00973314
r57b,shell-only,rails-ac-throttle-search,6,studio,kh-gpt,gpt-6-luna,low,pass,pass,,273.106,509723,0.015169420000000001
r56c,P-noplan2,rails-ac-throttle-search,7,studio,kh-gpt,gpt-6-luna + gpt-6.1-sol,gpt-6-luna / xhigh + gpt-6.1-sol / high,pass,pass,,1839.795,1932249,0.50057862
r57b,default-tools,rails-ac-throttle-search,7,studio,kh-gpt,gpt-6-luna,low,pass,pass,,113.573,183084,0.00605112
r57b,shell-only,rails-ac-throttle-search,7,studio,kh-gpt,gpt-6-luna,low,pass,pass,,182.322,434947,0.010994460000000001
r56c,P-noplan2,rails-ac-throttle-search,8,studio,kh-gpt,gpt-6-luna + gpt-6.1-sol,gpt-6-luna / xhigh + gpt-6.1-sol / high,pass,pass,,1214.175,879829,0.31651532
r57b,default-tools,rails-ac-throttle-search,8,studio,kh-gpt,gpt-6-luna,low,pass,pass,,449.864,680319,0.022409659999999994
r57b,shell-only,rails-ac-throttle-search,8,studio,kh-gpt,gpt-6-luna,low,pass,pass,,153.805,203793,0.00728394
r56c,P-noplan2,rails-ac-throttle-search,9,studio,kh-gpt,gpt-6-luna + gpt-6.1-sol,gpt-6-luna / xhigh + gpt-6.1-sol / high,pass,pass,,1591.776,1343258,0.43613282
r57d,default-tools,rails-ac-throttle-search,9,studio,kh-gpt,gpt-6-luna,low,fail,fail,,289.384,476507,0.012640460000000003
r57d,shell-only,rails-ac-throttle-search,9,studio,kh-gpt,gpt-6-luna,low,pass,pass,,417.583,610222,0.01691452
r56,B-ctx-det,rails-aj-enqueue-after-commit,1,studio,kh-gpt,gpt-6-luna,gpt-6-luna / xhigh,pass,pass,,202.401,167474,0.00702436
r56,B-ctx-ls,rails-aj-enqueue-after-commit,1,studio,kh-gpt,gpt-6-luna,gpt-6-luna / xhigh,pass,pass,,151.676,168349,0.00599754
r56,B-ctx-none,rails-aj-enqueue-after-commit,1,studio,kh-gpt,gpt-6-luna,gpt-6-luna / xhigh,pass,pass,,141.696,120873,0.00589922
r56,B-ctx-pack,rails-aj-enqueue-after-commit,1,studio,kh-gpt,gpt-6-luna + gpt-6-luna,gpt-6-luna / low + gpt-6-luna / xhigh,pass,pass,,432.279,271774,0.01281276
r56,P-full,rails-aj-enqueue-after-commit,1,studio,kh-gpt,gpt-6-luna + gpt-6.1-sol,gpt-6-luna / xhigh + gpt-6.1-sol / high,pass,pass,,1770.137,1411420,0.5023563600000001
r56b,P-full,rails-aj-enqueue-after-commit,1,studio,kh-gpt,gpt-6-luna + gpt-6.1-sol,gpt-6-luna / xhigh + gpt-6.1-sol / high,pass,pass,,1420.618,1315662,0.48497824
r56b,P-full,rails-aj-enqueue-after-commit,1,studio,kh-gpt,gpt-6-luna + gpt-6.1-sol,gpt-6-luna / xhigh + gpt-6.1-sol / high,pass,pass,,1614.645,1126221,0.5133918
r56b,P-full,rails-aj-enqueue-after-commit,1,studio,kh-gpt,gpt-6-luna + gpt-6.1-sol,gpt-6-luna / xhigh + gpt-6.1-sol / high,pass,pass,,2460.283,2746228,0.60474708
r56b,P-full,rails-aj-enqueue-after-commit,1,studio,kh-gpt,gpt-6-luna + gpt-6.1-sol,gpt-6-luna / xhigh + gpt-6.1-sol / high,pass,pass,,1463.174,1338453,0.47443222
r56b,P-full,rails-aj-enqueue-after-commit,1,studio,kh-gpt,gpt-6-luna + gpt-6.1-sol,gpt-6-luna / xhigh + gpt-6.1-sol / high,pass,pass,,1386.14,1333660,0.53446416
r56b,P-full,rails-aj-enqueue-after-commit,1,studio,kh-gpt,gpt-6-luna + gpt-6.1-sol,gpt-6-luna / xhigh + gpt-6.1-sol / high,pass,pass,,1521.471,1744266,0.43102050000000003
r56b,P-full,rails-aj-enqueue-after-commit,1,studio,kh-gpt,gpt-6-luna + gpt-6.1-sol,gpt-6-luna / xhigh + gpt-6.1-sol / high,pass,pass,,2008.169,1869217,0.5613885999999999
r56b,P-full,rails-aj-enqueue-after-commit,1,studio,kh-gpt,gpt-6-luna + gpt-6.1-sol,gpt-6-luna / xhigh + gpt-6.1-sol / high,pass,pass,,2294.604,3499285,0.6850957400000001
r56b,P-full,rails-aj-enqueue-after-commit,1,studio,kh-gpt,gpt-6-luna + gpt-6.1-sol,gpt-6-luna / xhigh + gpt-6.1-sol / high,pass,pass,,2460.737,2330632,0.5602137
r56d,P-full,rails-aj-enqueue-after-commit,1,studio,kh-gpt,gpt-6-luna + gpt-6.1-sol,gpt-6-luna / xhigh + gpt-6.1-sol / high,pass,pass,,1792.316,2812589,0.47346108
r50,P-lunamax,rails-aj-enqueue-after-commit,1,studio,kh-gpt,gpt-6-luna + gpt-6.1-sol,gpt-6-luna / xhigh + gpt-6.1-sol / high,pass,pass,,1402.314,1034458,0.44114452
r56,P-nocontract,rails-aj-enqueue-after-commit,1,studio,kh-gpt,gpt-6-luna + gpt-6.1-sol,gpt-6-luna / xhigh + gpt-6.1-sol / high,pass,pass,,1105.475,1220995,0.32660476
r56b,P-nocontract,rails-aj-enqueue-after-commit,1,studio,kh-gpt,gpt-6-luna + gpt-6.1-sol,gpt-6-luna / xhigh + gpt-6.1-sol / high,pass,pass,,1017.431,1201714,0.29578006
r56b,P-nocontract,rails-aj-enqueue-after-commit,1,studio,kh-gpt,gpt-6-luna + gpt-6.1-sol,gpt-6-luna / xhigh + gpt-6.1-sol / high,pass,pass,,1090.436,1344890,0.30514389999999997
r56b,P-nocontract,rails-aj-enqueue-after-commit,1,studio,kh-gpt,gpt-6-luna + gpt-6.1-sol,gpt-6-luna / xhigh + gpt-6.1-sol / high,pass,pass,,1120.31,1657517,0.31362012
r56b,P-nocontract,rails-aj-enqueue-after-commit,1,studio,kh-gpt,gpt-6-luna + gpt-6.1-sol,gpt-6-luna / xhigh + gpt-6.1-sol / high,pass,pass,,966.603,1095731,0.2954695
r56b,P-nocontract,rails-aj-enqueue-after-commit,1,studio,kh-gpt,gpt-6-luna + gpt-6.1-sol,gpt-6-luna / xhigh + gpt-6.1-sol / high,pass,pass,,975.07,983185,0.29267272
r56b,P-nocontract,rails-aj-enqueue-after-commit,1,studio,kh-gpt,gpt-6-luna + gpt-6.1-sol,gpt-6-luna / xhigh + gpt-6.1-sol / high,pass,pass,,920.603,1122726,0.30311724
r56b,P-nocontract,rails-aj-enqueue-after-commit,1,studio,kh-gpt,gpt-6-luna + gpt-6.1-sol,gpt-6-luna / xhigh + gpt-6.1-sol / high,pass,pass,,938.989,1351306,0.34942969999999995
r56b,P-nocontract,rails-aj-enqueue-after-commit,1,studio,kh-gpt,gpt-6-luna + gpt-6.1-sol,gpt-6-luna / xhigh + gpt-6.1-sol / high,pass,pass,,900.861,840606,0.31448666000000003
r56b,P-nocontract,rails-aj-enqueue-after-commit,1,studio,kh-gpt,gpt-6-luna + gpt-6.1-sol,gpt-6-luna / xhigh + gpt-6.1-sol / high,pass,pass,,927.697,876418,0.28796438
r56b,P-nocontract,rails-aj-enqueue-after-commit,1,studio,kh-gpt,gpt-6-luna + gpt-6.1-sol,gpt-6-luna / xhigh + gpt-6.1-sol / high,pass,pass,,1081.713,974527,0.29424496
r56,P-noctx,rails-aj-enqueue-after-commit,1,studio,kh-gpt,gpt-6-luna,xhigh,pass,pass,,461.573,654844,
r56b,P-noctx2,rails-aj-enqueue-after-commit,1,studio,kh-gpt,gpt-6-luna + gpt-6.1-sol,gpt-6-luna / xhigh + gpt-6.1-sol / high,pass,pass,,1351.865,1780750,0.34016835999999995
r56b,P-noctx2,rails-aj-enqueue-after-commit,1,studio,kh-gpt,gpt-6-luna + gpt-6.1-sol,gpt-6-luna / xhigh + gpt-6.1-sol / high,pass,pass,,2480.635,4314707,0.51520912
r56b,P-noctx2,rails-aj-enqueue-after-commit,1,studio,kh-gpt,gpt-6-luna + gpt-6.1-sol,gpt-6-luna / xhigh + gpt-6.1-sol / high,pass,pass,,2130.748,3607022,0.48098214000000006
r56b,P-noctx2,rails-aj-enqueue-after-commit,1,studio,kh-gpt,gpt-6-luna + gpt-6.1-sol,gpt-6-luna / xhigh + gpt-6.1-sol / high,pass,pass,,2310.646,3520596,0.37415230000000005
r56b,P-noctx2,rails-aj-enqueue-after-commit,1,studio,kh-gpt,gpt-6-luna + gpt-6.1-sol,gpt-6-luna / xhigh + gpt-6.1-sol / high,pass,pass,,1780.662,3140516,0.34672634
r56b,P-noctx2,rails-aj-enqueue-after-commit,1,studio,kh-gpt,gpt-6-luna + gpt-6.1-sol,gpt-6-luna / xhigh + gpt-6.1-sol / high,pass,pass,,1309.933,1863954,0.32800552
r56b,P-noctx2,rails-aj-enqueue-after-commit,1,studio,kh-gpt,gpt-6-luna + gpt-6.1-sol,gpt-6-luna / xhigh + gpt-6.1-sol / high,pass,pass,,1937.905,3903031,0.39240970000000003
r56b,P-noctx2,rails-aj-enqueue-after-commit,1,studio,kh-gpt,gpt-6-luna + gpt-6.1-sol,gpt-6-luna / xhigh + gpt-6.1-sol / high,pass,pass,,1617.854,3390254,0.3805632
r56b,P-noctx2,rails-aj-enqueue-after-commit,1,studio,kh-gpt,gpt-6-luna + gpt-6.1-sol,gpt-6-luna / xhigh + gpt-6.1-sol / high,pass,pass,,1470.084,3064044,0.40220384
r56b,P-noctx2,rails-aj-enqueue-after-commit,1,studio,kh-gpt,gpt-6-luna + gpt-6.1-sol,gpt-6-luna / xhigh + gpt-6.1-sol / high,pass,pass,,1510.034,1822980,0.37227126000000005
r56b,P-noctx2,rails-aj-enqueue-after-commit,1,studio,kh-gpt,gpt-6-luna + gpt-6.1-sol,gpt-6-luna / xhigh + gpt-6.1-sol / high,pass,pass,,2252.786,2300067,0.46631438
r56b,P-noctx2,rails-aj-enqueue-after-commit,1,studio,kh-gpt,gpt-6-luna + gpt-6.1-sol,gpt-6-luna / xhigh + gpt-6.1-sol / high,pass,pass,,1489.425,1966493,0.43177926000000005
r56c,P-noplan2,rails-aj-enqueue-after-commit,1,studio,kh-gpt,gpt-6-luna + gpt-6.1-sol,gpt-6-luna / xhigh + gpt-6.1-sol / high,pass,pass,,2109.7,1302821,0.50632358
r56,P-noreview,rails-aj-enqueue-after-commit,1,studio,kh-gpt,gpt-6-luna + gpt-6.1-sol,gpt-6-luna / xhigh + gpt-6.1-sol / high,pass,pass,,1770.23,2607601,0.5282254
r56b,P-noreview,rails-aj-enqueue-after-commit,1,studio,kh-gpt,gpt-6-luna + gpt-6.1-sol,gpt-6-luna / xhigh + gpt-6.1-sol / high,pass,pass,,1394.199,1110179,0.3984829
r56b,P-noreview,rails-aj-enqueue-after-commit,1,studio,kh-gpt,gpt-6-luna + gpt-6.1-sol,gpt-6-luna / xhigh + gpt-6.1-sol / high,fail,fail,,1507.83,2091931,0.5478427
r56b,P-noreview,rails-aj-enqueue-after-commit,1,studio,kh-gpt,gpt-6-luna + gpt-6.1-sol,gpt-6-luna / xhigh + gpt-6.1-sol / high,pass,pass,,1278.869,1326777,0.39668596
r56b,P-noreview,rails-aj-enqueue-after-commit,1,studio,kh-gpt,gpt-6-luna + gpt-6.1-sol,gpt-6-luna / xhigh + gpt-6.1-sol / high,pass,pass,,1641.681,1304474,0.39518676
r56b,P-noreview,rails-aj-enqueue-after-commit,1,studio,kh-gpt,gpt-6-luna + gpt-6.1-sol,gpt-6-luna / xhigh + gpt-6.1-sol / high,pass,pass,,1583.66,1894616,0.41469286000000005
r56b,P-noreview,rails-aj-enqueue-after-commit,1,studio,kh-gpt,gpt-6-luna + gpt-6.1-sol,gpt-6-luna / xhigh + gpt-6.1-sol / high,pass,pass,,1469.799,1992124,0.42260386
r56b,P-noreview,rails-aj-enqueue-after-commit,1,studio,kh-gpt,gpt-6-luna + gpt-6.1-sol,gpt-6-luna / xhigh + gpt-6.1-sol / high,pass,pass,,1383.429,1057060,0.40831843999999995
r56b,P-noreview,rails-aj-enqueue-after-commit,1,studio,kh-gpt,gpt-6-luna + gpt-6.1-sol,gpt-6-luna / xhigh + gpt-6.1-sol / high,pass,pass,,1840.101,1795857,0.4338144
r56b,P-noreview,rails-aj-enqueue-after-commit,1,studio,kh-gpt,gpt-6-luna + gpt-6.1-sol,gpt-6-luna / xhigh + gpt-6.1-sol / high,pass,pass,,1501.666,1252060,0.3773559
r56b,P-noreview,rails-aj-enqueue-after-commit,1,studio,kh-gpt,gpt-6-luna + gpt-6.1-sol,gpt-6-luna / xhigh + gpt-6.1-sol / high,pass,pass,,1804.123,2343323,0.49039028
r50,P-sollow,rails-aj-enqueue-after-commit,1,studio,kh-gpt,gpt-6.1-sol + gpt-6.1-sol,gpt-6.1-sol / high + gpt-6.1-sol / low,pass,pass,,2183.802,1496442,0.8480471999999999
r50,P-solmed,rails-aj-enqueue-after-commit,1,studio,kh-gpt,gpt-6.1-sol + gpt-6.1-sol,gpt-6.1-sol / high + gpt-6.1-sol / medium,pass,pass,,1613.388,1102575,0.7365820000000001
r17,Pstar,rails-aj-enqueue-after-commit,1,studio,kh-gpt,gpt-6-luna,low,pass,pass,,197.255,96222,
r21,Pstar-review,rails-aj-enqueue-after-commit,1,studio,kh-gpt,gpt-6-luna,low,pass,pass,,325.219,292576,
r69,accept,rails-aj-enqueue-after-commit,1,studio,kh-gpt,gpt-6-luna,low,pass,pass,,,,
r27,advisor,rails-aj-enqueue-after-commit,1,studio,kh-gpt,gpt-6-luna,low,fail,fail,,185.964,71141,
r6,b-p21p11p18,rails-aj-enqueue-after-commit,1,studio,kh-gpt,gpt-6-luna,low,pass,pass,,108.137,175094,
r19,bare,rails-aj-enqueue-after-commit,1,studio,kh-gpt,gpt-6-luna,low,fail,fail,,54.213,62755,
r27,bare,rails-aj-enqueue-after-commit,1,studio,kh-gpt,gpt-6-luna,low,pass,pass,,80.06,48320,
r3,bare,rails-aj-enqueue-after-commit,1,studio,kh-gpt,gpt-6-luna,low,pass,pass,,57.976,65170,
r4,bare,rails-aj-enqueue-after-commit,1,studio,kh-gpt,gpt-6-luna,low,fail,fail,,74.031,41392,
r6,bare,rails-aj-enqueue-after-commit,1,studio,kh-gpt,gpt-6-luna,low,pass,pass,,52.436,67107,
r7,bare,rails-aj-enqueue-after-commit,1,studio,kh-gpt,gpt-6-luna,low,pass,pass,,53.483,48694,
r4,bare2,rails-aj-enqueue-after-commit,1,studio,kh-gpt,gpt-6-luna,low,fail,fail,,38.884,31427,
r5,c-p11p12p18,rails-aj-enqueue-after-commit,1,studio,kh-gpt,gpt-6-luna,low,pass,pass,,200.009,429956,
r5,c-p11p18p22,rails-aj-enqueue-after-commit,1,studio,kh-gpt,gpt-6-luna,low,pass,pass,,142.272,223579,
r5,c-p12p17p21,rails-aj-enqueue-after-commit,1,studio,kh-gpt,gpt-6-luna,low,pass,pass,,77.562,76649,
r5,c-w2p17p11p18,rails-aj-enqueue-after-commit,1,studio,kh-gpt,gpt-6-luna,low,fail,fail,,189.482,268026,
r48,cascade-contract,rails-aj-enqueue-after-commit,1,studio,kh-gpt,gpt-6-luna,high,pass,pass,,1465.911,284395,
r36,cheapswarm-bo5-lunahigh,rails-aj-enqueue-after-commit,1,studio,kh-gpt,gpt-6-luna,low,pass,pass,,1630.261,241690,
r37c,contract-review-sol,rails-aj-enqueue-after-commit,1,studio,kh-gpt,gpt-6-luna,low,pass,pass,,865.38,262319,
r57b,default-tools,rails-aj-enqueue-after-commit,1,studio,kh-gpt,gpt-6-luna,low,pass,pass,,107.622,115560,0.00468752
r64c,kh-plan-shell-lunahigh,rails-aj-enqueue-after-commit,1,studio,kh-gpt,gpt-6-luna + gpt-6.1-sol,gpt-6-luna / high + gpt-6.1-sol / high,pass,pass,,257.04,296118,0.04593778
r64,kh-plan-shell,rails-aj-enqueue-after-commit,1,studio,kh-gpt,gpt-6-luna + gpt-6.1-sol,gpt-6-luna / xhigh + gpt-6.1-sol / high,pass,pass,,759.899,1837819,0.07226427999999999
r64c,kh-plan-shell-solmedplan,rails-aj-enqueue-after-commit,1,studio,kh-gpt,gpt-6-luna + gpt-6.1-sol,gpt-6-luna / xhigh + gpt-6.1-sol / medium,pass,pass,,512.354,824623,0.05095938
r49,mc-review,rails-aj-enqueue-after-commit,1,studio,kh-gpt,gpt-6-luna,gpt-6-luna / max,pass,pass,,917.481,968078,0.03152796
r69,none,rails-aj-enqueue-after-commit,1,studio,kh-gpt,gpt-6-luna,xhigh,pass,pass,,146.68,278760,
r4,p21,rails-aj-enqueue-after-commit,1,studio,kh-gpt,gpt-6-luna,low,pass,pass,,80.014,68476,
r6,p21,rails-aj-enqueue-after-commit,1,studio,kh-gpt,gpt-6-luna,low,pass,pass,,71.513,82697,
r4,p21p22,rails-aj-enqueue-after-commit,1,studio,kh-gpt,gpt-6-luna,low,fail,fail,,65.456,77196,
r4,p21p22p23,rails-aj-enqueue-after-commit,1,studio,kh-gpt,gpt-6-luna,low,pass,pass,,73.519,80203,
r4,p22,rails-aj-enqueue-after-commit,1,studio,kh-gpt,gpt-6-luna,low,fail,fail,,77.49,37768,
r30,packplan-review-lmax,rails-aj-enqueue-after-commit,1,studio,kh-gpt,gpt-6-luna,low,pass,pass,,1067.897,118487,
r30,packplan-review-sol,rails-aj-enqueue-after-commit,1,studio,kh-gpt,gpt-6-luna,low,pass,pass,,329.601,162776,
r51,pl-approach-luna-low,rails-aj-enqueue-after-commit,1,studio,kh-gpt,gpt-6-luna + gpt-6.1-sol,gpt-6-luna / low + gpt-6.1-sol / high,pass,pass,,372.788,228998,0.05062074
r51,pl-approach-luna-max,rails-aj-enqueue-after-commit,1,studio,kh-gpt,gpt-6-luna + gpt-6-luna + gpt-6.1-sol,gpt-6-luna / low + gpt-6-luna / xhigh + gpt-6.1-sol / high,pass,pass,,632.737,929145,0.05601526
r51,pl-approach-sol-low,rails-aj-enqueue-after-commit,1,studio,kh-gpt,gpt-6-luna + gpt-6.1-sol + gpt-6.1-sol,gpt-6-luna / low + gpt-6.1-sol / high + gpt-6.1-sol / low,pass,pass,,395.131,234101,0.13108789999999998
r51,pl-criteria-luna-low,rails-aj-enqueue-after-commit,1,studio,kh-gpt,gpt-6-luna + gpt-6.1-sol,gpt-6-luna / low + gpt-6.1-sol / high,fail,fail,,202.323,94800,0.019780159999999998
r51,pl-criteria-luna-max,rails-aj-enqueue-after-commit,1,studio,kh-gpt,gpt-6-luna + gpt-6-luna + gpt-6.1-sol,gpt-6-luna / low + gpt-6-luna / xhigh + gpt-6.1-sol / high,pass,pass,,384.633,420751,0.02847292
r51,pl-criteria-sol-low,rails-aj-enqueue-after-commit,1,studio,kh-gpt,gpt-6-luna + gpt-6.1-sol + gpt-6.1-sol,gpt-6-luna / low + gpt-6.1-sol / high + gpt-6.1-sol / low,pass,pass,,313.038,176227,0.10729308000000001
r51,pl-none-luna-low,rails-aj-enqueue-after-commit,1,studio,kh-gpt,gpt-6-luna,gpt-6-luna / low,fail,fail,,43.207,44379,0.00194678
r51,pl-none-luna-max,rails-aj-enqueue-after-commit,1,studio,kh-gpt,gpt-6-luna,gpt-6-luna / xhigh,pass,pass,,167.881,225323,0.007456620000000001
r51,pl-none-sol-low,rails-aj-enqueue-after-commit,1,studio,kh-gpt,gpt-6.1-sol,gpt-6.1-sol / low,pass,pass,,96.945,48909,0.0442884
r51,pl-steps-luna-low,rails-aj-enqueue-after-commit,1,studio,kh-gpt,gpt-6-luna + gpt-6.1-sol,gpt-6-luna / low + gpt-6.1-sol / high,pass,pass,,252.71,122347,0.0456653
r51,pl-steps-luna-max,rails-aj-enqueue-after-commit,1,studio,kh-gpt,gpt-6-luna + gpt-6-luna + gpt-6.1-sol,gpt-6-luna / low + gpt-6-luna / xhigh + gpt-6.1-sol / high,pass,pass,,584.818,1006031,0.060843180000000004
r51,pl-steps-sol-low,rails-aj-enqueue-after-commit,1,studio,kh-gpt,gpt-6-luna + gpt-6.1-sol + gpt-6.1-sol,gpt-6-luna / low + gpt-6.1-sol / high + gpt-6.1-sol / low,pass,pass,,382.069,192181,0.15611222
r7,plan-grok,rails-aj-enqueue-after-commit,1,studio,kh-gpt,gpt-6-luna,low,pass,pass,,127.013,143528,
r7,plan-lunamax,rails-aj-enqueue-after-commit,1,studio,kh-gpt,gpt-6-luna,low,pass,pass,,546.4,468674,
r7,plan-sol-nocontext,rails-aj-enqueue-after-commit,1,studio,kh-gpt,gpt-6-luna,low,pass,pass,,203.961,71530,
r7,plan-sol,rails-aj-enqueue-after-commit,1,studio,kh-gpt,gpt-6-luna,low,pass,pass,,424.628,292131,
r7,plan-sol,rails-aj-enqueue-after-commit,1,studio,kh-gpt,gpt-6-luna,low,pass,not_scored,smoke or control row; retained outside scored denominator,387.185,249798,
r29,review-only,rails-aj-enqueue-after-commit,1,studio,kh-gpt,gpt-6-luna,low,pass,pass,,222.102,66022,
r19,review,rails-aj-enqueue-after-commit,1,studio,kh-gpt,gpt-6-luna,low,pass,pass,,236.52,91584,
r29,route-asrun,rails-aj-enqueue-after-commit,1,studio,kh-gpt,gpt-6-luna,low,pass,pass,,327.712,74852,
r29,route-fixnoplan,rails-aj-enqueue-after-commit,1,studio,kh-gpt,gpt-6-luna,low,pass,pass,,538.477,93537,
r47,route-jev,rails-aj-enqueue-after-commit,1,studio,kh-gpt,gpt-6-luna,low,pass,pass,,94.053,66662,
r28,route-lmax,rails-aj-enqueue-after-commit,1,studio,kh-gpt,gpt-6-luna,low,pass,pass,,449.435,80725,
r26,route,rails-aj-enqueue-after-commit,1,studio,kh-gpt,gpt-6-luna,low,pass,pass,,493.268,41759,
r45,route-v3,rails-aj-enqueue-after-commit,1,studio,kh-gpt,gpt-6-luna,low,fail,fail,,157.922,42486,
r57b,shell-only,rails-aj-enqueue-after-commit,1,studio,kh-gpt,gpt-6-luna,low,pass,pass,,74.976,99298,0.0037246799999999997
r3,w1w2w7,rails-aj-enqueue-after-commit,1,studio,kh-gpt,gpt-6-luna,low,pass,pass,,175.813,112373,
r3,w1w7,rails-aj-enqueue-after-commit,1,studio,kh-gpt,gpt-6-luna,low,fail,fail,,184.18,173863,
r3,w2w7,rails-aj-enqueue-after-commit,1,studio,kh-gpt,gpt-6-luna,low,fail,fail,,120.264,108764,
r3,w7,rails-aj-enqueue-after-commit,1,studio,kh-gpt,gpt-6-luna,low,pass,pass,,73.067,112772,
r56c,P-noplan2,rails-aj-enqueue-after-commit,10,studio,kh-gpt,gpt-6-luna + gpt-6.1-sol,gpt-6-luna / xhigh + gpt-6.1-sol / high,pass,pass,,1633.75,1561366,0.43159294
r57d,default-tools,rails-aj-enqueue-after-commit,10,studio,kh-gpt,gpt-6-luna,low,pass,pass,,138.616,174594,0.0064906
r57d,shell-only,rails-aj-enqueue-after-commit,10,studio,kh-gpt,gpt-6-luna,low,pass,pass,,164.703,149964,0.006671600000000001
r56c,P-noplan2,rails-aj-enqueue-after-commit,11,studio,kh-gpt,gpt-6-luna + gpt-6.1-sol,gpt-6-luna / xhigh + gpt-6.1-sol / high,pass,pass,,930.116,612024,0.3434046
r57d,default-tools,rails-aj-enqueue-after-commit,11,studio,kh-gpt,gpt-6-luna,low,pass,pass,,166.255,248893,0.0077392200000000015
r57d,shell-only,rails-aj-enqueue-after-commit,11,studio,kh-gpt,gpt-6-luna,low,pass,pass,,128.562,129394,0.0051926
r56c,P-noplan2,rails-aj-enqueue-after-commit,12,studio,kh-gpt,gpt-6-luna + gpt-6.1-sol,gpt-6-luna / xhigh + gpt-6.1-sol / high,pass,pass,,2212.389,1169023,0.6900757399999999
r57d,default-tools,rails-aj-enqueue-after-commit,12,studio,kh-gpt,gpt-6-luna,low,pass,pass,,271.091,176196,0.007273439999999999
r57d,shell-only,rails-aj-enqueue-after-commit,12,studio,kh-gpt,gpt-6-luna,low,pass,pass,,98.948,74308,0.00386096
r57d,default-tools,rails-aj-enqueue-after-commit,13,studio,kh-gpt,gpt-6-luna,low,pass,pass,,149.621,185405,0.006577699999999999
r57d,shell-only,rails-aj-enqueue-after-commit,13,studio,kh-gpt,gpt-6-luna,low,pass,pass,,144.151,115302,0.00506148
r57d,default-tools,rails-aj-enqueue-after-commit,14,studio,kh-gpt,gpt-6-luna,low,pass,pass,,119.005,128912,0.0046228
r57d,shell-only,rails-aj-enqueue-after-commit,14,studio,kh-gpt,gpt-6-luna,low,pass,pass,,96.471,200684,0.0065192
r57d,default-tools,rails-aj-enqueue-after-commit,15,studio,kh-gpt,gpt-6-luna,low,pass,pass,,171.299,184049,0.006511619999999999
r57d,shell-only,rails-aj-enqueue-after-commit,15,studio,kh-gpt,gpt-6-luna,low,pass,pass,,99.523,82920,0.004805439999999999
r57d,default-tools,rails-aj-enqueue-after-commit,16,studio,kh-gpt,gpt-6-luna,low,pass,pass,,150.681,138407,0.00559166
r57d,shell-only,rails-aj-enqueue-after-commit,16,studio,kh-gpt,gpt-6-luna,low,pass,pass,,185.245,79701,0.0042537
r56,B-ctx-det,rails-aj-enqueue-after-commit,2,studio,kh-gpt,gpt-6-luna,gpt-6-luna / xhigh,pass,pass,,171.833,273525,0.007237619999999999
r56,B-ctx-ls,rails-aj-enqueue-after-commit,2,studio,kh-gpt,gpt-6-luna,gpt-6-luna / xhigh,pass,pass,,137.658,153841,0.0048108199999999995
r56,B-ctx-none,rails-aj-enqueue-after-commit,2,studio,kh-gpt,gpt-6-luna,gpt-6-luna / xhigh,pass,pass,,194.824,179630,0.00753804
r56,B-ctx-pack,rails-aj-enqueue-after-commit,2,studio,kh-gpt,gpt-6-luna + gpt-6-luna,gpt-6-luna / low + gpt-6-luna / xhigh,pass,pass,,430.867,157516,0.00927144
r56,P-full,rails-aj-enqueue-after-commit,2,studio,kh-gpt,gpt-6-luna + gpt-6.1-sol,gpt-6-luna / xhigh + gpt-6.1-sol / high,pass,pass,,2448.102,2020220,0.6712595
r50,P-lunamax,rails-aj-enqueue-after-commit,2,studio,kh-gpt,gpt-6-luna + gpt-6.1-sol,gpt-6-luna / xhigh + gpt-6.1-sol / high,pass,pass,,2351.228,1617491,0.66249006
r56,P-nocontract,rails-aj-enqueue-after-commit,2,studio,kh-gpt,gpt-6-luna + gpt-6.1-sol,gpt-6-luna / xhigh + gpt-6.1-sol / high,pass,pass,,1051.42,1280491,0.2728041
r56c,P-noplan2,rails-aj-enqueue-after-commit,2,studio,kh-gpt,gpt-6-luna + gpt-6.1-sol,gpt-6-luna / xhigh + gpt-6.1-sol / high,pass,pass,,817.76,655652,0.28528014000000007
r56,P-noreview,rails-aj-enqueue-after-commit,2,studio,kh-gpt,gpt-6-luna + gpt-6.1-sol,gpt-6-luna / xhigh + gpt-6.1-sol / high,pass,pass,,1284.756,971075,0.40561844
r50,P-sollow,rails-aj-enqueue-after-commit,2,studio,kh-gpt,gpt-6.1-sol + gpt-6.1-sol,gpt-6.1-sol / high + gpt-6.1-sol / low,pass,pass,,1538.431,990445,0.6905507999999999
r50,P-solmed,rails-aj-enqueue-after-commit,2,studio,kh-gpt,gpt-6.1-sol + gpt-6.1-sol,gpt-6.1-sol / high + gpt-6.1-sol / medium,pass,pass,,2357.649,1486496,0.9500544
r17,Pstar,rails-aj-enqueue-after-commit,2,studio,kh-gpt,gpt-6-luna,low,pass,pass,,176.296,96080,
r21,Pstar-review,rails-aj-enqueue-after-commit,2,studio,kh-gpt,gpt-6-luna,low,pass,pass,,228.895,61430,
r27,advisor,rails-aj-enqueue-after-commit,2,studio,kh-gpt,gpt-6-luna,low,pass,pass,,92.174,39479,
r6,b-p21p11p18,rails-aj-enqueue-after-commit,2,studio,kh-gpt,gpt-6-luna,low,pass,pass,,153.823,355932,
r19,bare,rails-aj-enqueue-after-commit,2,studio,kh-gpt,gpt-6-luna,low,pass,pass,,52.776,42922,
r27,bare,rails-aj-enqueue-after-commit,2,studio,kh-gpt,gpt-6-luna,low,fail,fail,,61.565,56711,
r3,bare,rails-aj-enqueue-after-commit,2,studio,kh-gpt,gpt-6-luna,low,pass,pass,,78.225,65045,
r4,bare,rails-aj-enqueue-after-commit,2,studio,kh-gpt,gpt-6-luna,low,fail,fail,,67.981,55330,
r6,bare,rails-aj-enqueue-after-commit,2,studio,kh-gpt,gpt-6-luna,low,fail,fail,,63.46,54464,
r7,bare,rails-aj-enqueue-after-commit,2,studio,kh-gpt,gpt-6-luna,low,pass,pass,,65.549,64220,
r4,bare2,rails-aj-enqueue-after-commit,2,studio,kh-gpt,gpt-6-luna,low,fail,fail,,59.003,69660,
r5,c-p11p12p18,rails-aj-enqueue-after-commit,2,studio,kh-gpt,gpt-6-luna,low,pass,pass,,156.86,79748,
r5,c-p11p18p22,rails-aj-enqueue-after-commit,2,studio,kh-gpt,gpt-6-luna,low,fail,fail,,87.081,133120,
r5,c-p12p17p21,rails-aj-enqueue-after-commit,2,studio,kh-gpt,gpt-6-luna,low,pass,pass,,65.508,114411,
r5,c-w2p17p11p18,rails-aj-enqueue-after-commit,2,studio,kh-gpt,gpt-6-luna,low,fail,fail,,129.242,176650,
r48,cascade-contract,rails-aj-enqueue-after-commit,2,studio,kh-gpt,gpt-6-luna,low,fail,fail,,574.322,53119,
r37c,contract-review-sol,rails-aj-enqueue-after-commit,2,studio,kh-gpt,gpt-6-luna,low,pass,pass,,480.452,58791,
r57b,default-tools,rails-aj-enqueue-after-commit,2,studio,kh-gpt,gpt-6-luna,low,pass,pass,,198.838,173673,0.006874099999999999
r64c,kh-plan-shell-lunahigh,rails-aj-enqueue-after-commit,2,studio,kh-gpt,gpt-6-luna + gpt-6.1-sol,gpt-6-luna / high + gpt-6.1-sol / high,pass,pass,,235.411,130778,0.04326952
r64,kh-plan-shell,rails-aj-enqueue-after-commit,2,studio,kh-gpt,gpt-6-luna + gpt-6.1-sol,gpt-6-luna / xhigh + gpt-6.1-sol / high,pass,pass,,617.284,1207414,0.06412992
r64c,kh-plan-shell-solmedplan,rails-aj-enqueue-after-commit,2,studio,kh-gpt,gpt-6-luna + gpt-6.1-sol,gpt-6-luna / xhigh + gpt-6.1-sol / medium,pass,pass,,451.512,790707,0.049845719999999996
r49,mc-review,rails-aj-enqueue-after-commit,2,studio,kh-gpt,gpt-6-luna,gpt-6-luna / max,pass,pass,,598.112,687142,0.02640884
r69,none,rails-aj-enqueue-after-commit,2,studio,kh-gpt,gpt-6-luna,xhigh,pass,pass,,126.513,99750,
r4,p21,rails-aj-enqueue-after-commit,2,studio,kh-gpt,gpt-6-luna,low,pass,pass,,76.042,244313,
r6,p21,rails-aj-enqueue-after-commit,2,studio,kh-gpt,gpt-6-luna,low,pass,pass,,73.01,86183,
r4,p21p22,rails-aj-enqueue-after-commit,2,studio,kh-gpt,gpt-6-luna,low,fail,fail,,65.984,79626,
r4,p21p22p23,rails-aj-enqueue-after-commit,2,studio,kh-gpt,gpt-6-luna,low,fail,fail,,78.062,112856,
r4,p22,rails-aj-enqueue-after-commit,2,studio,kh-gpt,gpt-6-luna,low,fail,fail,,48.431,35740,
r30,packplan-review-lmax,rails-aj-enqueue-after-commit,2,studio,kh-gpt,gpt-6-luna,low,pass,pass,,777.365,321185,
r30,packplan-review-sol,rails-aj-enqueue-after-commit,2,studio,kh-gpt,gpt-6-luna,low,pass,pass,,458.885,184380,
r51,pl-approach-luna-low,rails-aj-enqueue-after-commit,2,studio,kh-gpt,gpt-6-luna + gpt-6.1-sol,gpt-6-luna / low + gpt-6.1-sol / high,pass,pass,,339.024,78134,0.04961828
r51,pl-approach-luna-max,rails-aj-enqueue-after-commit,2,studio,kh-gpt,gpt-6-luna + gpt-6-luna + gpt-6.1-sol,gpt-6-luna / low + gpt-6-luna / xhigh + gpt-6.1-sol / high,pass,pass,,940.148,1088795,0.062048980000000004
r51,pl-approach-sol-low,rails-aj-enqueue-after-commit,2,studio,kh-gpt,gpt-6-luna + gpt-6.1-sol + gpt-6.1-sol,gpt-6-luna / low + gpt-6.1-sol / high + gpt-6.1-sol / low,pass,pass,,429.932,192985,0.12959482000000003
r51,pl-criteria-luna-low,rails-aj-enqueue-after-commit,2,studio,kh-gpt,gpt-6-luna + gpt-6.1-sol,gpt-6-luna / low + gpt-6.1-sol / high,pass,pass,,153.594,80065,0.01920792
r51,pl-criteria-luna-max,rails-aj-enqueue-after-commit,2,studio,kh-gpt,gpt-6-luna + gpt-6-luna + gpt-6.1-sol,gpt-6-luna / low + gpt-6-luna / xhigh + gpt-6.1-sol / high,pass,pass,,242.456,238334,0.02383222
r51,pl-criteria-sol-low,rails-aj-enqueue-after-commit,2,studio,kh-gpt,gpt-6-luna + gpt-6.1-sol + gpt-6.1-sol,gpt-6-luna / low + gpt-6.1-sol / high + gpt-6.1-sol / low,pass,pass,,272.998,132039,0.08236885999999999
r51,pl-none-luna-low,rails-aj-enqueue-after-commit,2,studio,kh-gpt,gpt-6-luna,gpt-6-luna / low,fail,fail,,51.266,62239,0.00318694
r51,pl-none-luna-max,rails-aj-enqueue-after-commit,2,studio,kh-gpt,gpt-6-luna,gpt-6-luna / xhigh,pass,pass,,156.677,211633,0.007525779999999999
r51,pl-none-sol-low,rails-aj-enqueue-after-commit,2,studio,kh-gpt,gpt-6.1-sol,gpt-6.1-sol / low,pass,pass,,154.632,64279,0.0697772
r51,pl-steps-luna-low,rails-aj-enqueue-after-commit,2,studio,kh-gpt,gpt-6-luna + gpt-6.1-sol,gpt-6-luna / low + gpt-6.1-sol / high,pass,pass,,588.066,294294,0.05092358
r51,pl-steps-luna-max,rails-aj-enqueue-after-commit,2,studio,kh-gpt,gpt-6-luna + gpt-6-luna + gpt-6.1-sol,gpt-6-luna / low + gpt-6-luna / xhigh + gpt-6.1-sol / high,pass,pass,,575.552,332625,0.0567621
r51,pl-steps-sol-low,rails-aj-enqueue-after-commit,2,studio,kh-gpt,gpt-6-luna + gpt-6.1-sol + gpt-6.1-sol,gpt-6-luna / low + gpt-6.1-sol / high + gpt-6.1-sol / low,pass,pass,,393.023,183263,0.12720102
r7,plan-grok,rails-aj-enqueue-after-commit,2,studio,kh-gpt,gpt-6-luna,low,pass,pass,,79.3,87329,
r7,plan-lunamax,rails-aj-enqueue-after-commit,2,studio,kh-gpt,gpt-6-luna,low,pass,pass,,526.26,52096,
r7,plan-sol-nocontext,rails-aj-enqueue-after-commit,2,studio,kh-gpt,gpt-6-luna,low,pass,pass,,184.879,70637,
r7,plan-sol,rails-aj-enqueue-after-commit,2,studio,kh-gpt,gpt-6-luna,low,pass,pass,,338.773,45848,
r29,review-only,rails-aj-enqueue-after-commit,2,studio,kh-gpt,gpt-6-luna,low,fail,fail,,99.504,44173,
r19,review,rails-aj-enqueue-after-commit,2,studio,kh-gpt,gpt-6-luna,low,pass,pass,,387.701,118084,
r29,route-asrun,rails-aj-enqueue-after-commit,2,studio,kh-gpt,gpt-6-luna,low,pass,pass,,387.019,102210,
r46,route-cascade,rails-aj-enqueue-after-commit,2,studio,kh-gpt,gpt-6-luna,low,pass,pass,,230.823,65383,
r29,route-fixnoplan,rails-aj-enqueue-after-commit,2,studio,kh-gpt,gpt-6-luna,low,pass,pass,,220.207,80662,
r47,route-jev,rails-aj-enqueue-after-commit,2,studio,kh-gpt,gpt-6-luna,low,pass,pass,,225.784,121997,
r28,route-lmax,rails-aj-enqueue-after-commit,2,studio,kh-gpt,gpt-6-luna,low,pass,pass,,628.544,38775,
r26,route,rails-aj-enqueue-after-commit,2,studio,kh-gpt,gpt-6-luna,low,pass,pass,,369.068,170310,
r45,route-v3,rails-aj-enqueue-after-commit,2,studio,kh-gpt,gpt-6-luna,low,pass,pass,,101.342,66017,
r57b,shell-only,rails-aj-enqueue-after-commit,2,studio,kh-gpt,gpt-6-luna,low,pass,pass,,157.733,100429,0.00616346
r3,w1w2w7,rails-aj-enqueue-after-commit,2,studio,kh-gpt,gpt-6-luna,low,pass,pass,,159.607,138571,
r3,w1w7,rails-aj-enqueue-after-commit,2,studio,kh-gpt,gpt-6-luna,low,pass,pass,,1046.421,118496,
r3,w2w7,rails-aj-enqueue-after-commit,2,studio,kh-gpt,gpt-6-luna,low,pass,pass,,117.258,161044,
r3,w7,rails-aj-enqueue-after-commit,2,studio,kh-gpt,gpt-6-luna,low,pass,pass,,109.787,182016,
r50,P-lunamax,rails-aj-enqueue-after-commit,3,studio,kh-gpt,gpt-6-luna + gpt-6.1-sol,gpt-6-luna / xhigh + gpt-6.1-sol / high,pass,pass,,2473.146,2935644,0.6501818800000001
r56c,P-noplan2,rails-aj-enqueue-after-commit,3,studio,kh-gpt,gpt-6-luna + gpt-6.1-sol,gpt-6-luna / xhigh + gpt-6.1-sol / high,pass,pass,,982.782,578635,0.21551894000000002
r50,P-sollow,rails-aj-enqueue-after-commit,3,studio,kh-gpt,gpt-6.1-sol + gpt-6.1-sol,gpt-6.1-sol / high + gpt-6.1-sol / low,pass,pass,,2416.532,1406325,0.8794916
r50,P-solmed,rails-aj-enqueue-after-commit,3,studio,kh-gpt,gpt-6.1-sol + gpt-6.1-sol,gpt-6.1-sol / high + gpt-6.1-sol / medium,pass,pass,,1298.111,1064540,0.5933264
r17,Pstar,rails-aj-enqueue-after-commit,3,studio,kh-gpt,gpt-6-luna,low,pass,pass,,242.075,185011,
r21,Pstar-review,rails-aj-enqueue-after-commit,3,studio,kh-gpt,gpt-6-luna,low,pass,pass,,228.358,177724,
r27,advisor,rails-aj-enqueue-after-commit,3,studio,kh-gpt,gpt-6-luna,low,fail,fail,,70.196,51588,
r6,b-p21p11p18,rails-aj-enqueue-after-commit,3,studio,kh-gpt,gpt-6-luna,low,pass,pass,,113.653,362339,
r19,bare,rails-aj-enqueue-after-commit,3,studio,kh-gpt,gpt-6-luna,low,pass,pass,,72.989,42732,
r27,bare,rails-aj-enqueue-after-commit,3,studio,kh-gpt,gpt-6-luna,low,pass,pass,,109.631,56193,
r3,bare,rails-aj-enqueue-after-commit,3,studio,kh-gpt,gpt-6-luna,low,pass,pass,,84.038,92519,
r4,bare,rails-aj-enqueue-after-commit,3,studio,kh-gpt,gpt-6-luna,low,fail,fail,,58.152,53059,
r6,bare,rails-aj-enqueue-after-commit,3,studio,kh-gpt,gpt-6-luna,low,fail,fail,,66.46,59672,
r7,bare,rails-aj-enqueue-after-commit,3,studio,kh-gpt,gpt-6-luna,low,fail,fail,,49.97,71141,
r4,bare2,rails-aj-enqueue-after-commit,3,studio,kh-gpt,gpt-6-luna,low,fail,fail,,12.295,21667,
r5,c-p11p12p18,rails-aj-enqueue-after-commit,3,studio,kh-gpt,gpt-6-luna,low,fail,fail,,161.865,128083,
r5,c-p11p18p22,rails-aj-enqueue-after-commit,3,studio,kh-gpt,gpt-6-luna,low,pass,pass,,122.683,157591,
r5,c-p12p17p21,rails-aj-enqueue-after-commit,3,studio,kh-gpt,gpt-6-luna,low,pass,pass,,91.127,132715,
r5,c-w2p17p11p18,rails-aj-enqueue-after-commit,3,studio,kh-gpt,gpt-6-luna,low,fail,fail,,68.011,75811,
r48,cascade-contract,rails-aj-enqueue-after-commit,3,studio,kh-gpt,gpt-6-luna,low,fail,fail,,977.784,53315,
r36,cheapswarm-bo5-lunahigh,rails-aj-enqueue-after-commit,3,studio,kh-gpt,gpt-6-luna,low,pass,pass,,594.047,302251,
r37c,contract-review-sol,rails-aj-enqueue-after-commit,3,studio,kh-gpt,gpt-6-luna,low,fail,fail,,799.11,290741,
r57b,default-tools,rails-aj-enqueue-after-commit,3,studio,kh-gpt,gpt-6-luna,low,pass,pass,,194.905,155528,0.007058
r64c,kh-plan-shell-lunahigh,rails-aj-enqueue-after-commit,3,studio,kh-gpt,gpt-6-luna + gpt-6.1-sol,gpt-6-luna / high + gpt-6.1-sol / high,pass,pass,,243.909,295441,0.04465176
r64,kh-plan-shell,rails-aj-enqueue-after-commit,3,studio,kh-gpt,gpt-6-luna + gpt-6.1-sol,gpt-6-luna / xhigh + gpt-6.1-sol / high,pass,pass,,720.018,710313,0.05220416
r64c,kh-plan-shell-solmedplan,rails-aj-enqueue-after-commit,3,studio,kh-gpt,gpt-6-luna + gpt-6.1-sol,gpt-6-luna / xhigh + gpt-6.1-sol / medium,pass,pass,,315.731,356814,0.0410174
r49,mc-contract,rails-aj-enqueue-after-commit,3,studio,kh-gpt,gpt-6-luna + gpt-6.1-sol,gpt-6-luna / max + gpt-6.1-sol / high,pass,pass,,1039.386,1339548,0.22172841999999998
r49,mc-review,rails-aj-enqueue-after-commit,3,studio,kh-gpt,gpt-6-luna,gpt-6-luna / max,pass,pass,,853.268,781489,0.026949459999999998
r69,none,rails-aj-enqueue-after-commit,3,studio,kh-gpt,gpt-6-luna,xhigh,pass,pass,,139.209,97126,
r4,p21,rails-aj-enqueue-after-commit,3,studio,kh-gpt,gpt-6-luna,low,pass,pass,,61.074,93471,
r6,p21,rails-aj-enqueue-after-commit,3,studio,kh-gpt,gpt-6-luna,low,fail,fail,,64.458,70081,
r4,p21p22,rails-aj-enqueue-after-commit,3,studio,kh-gpt,gpt-6-luna,low,pass,pass,,96.662,153942,
r4,p21p22p23,rails-aj-enqueue-after-commit,3,studio,kh-gpt,gpt-6-luna,low,fail,fail,,67.003,55914,
r4,p22,rails-aj-enqueue-after-commit,3,studio,kh-gpt,gpt-6-luna,low,fail,fail,,62.569,70758,
r30,packplan-review-lmax,rails-aj-enqueue-after-commit,3,studio,kh-gpt,gpt-6-luna,low,pass,pass,,549.307,108909,
r30,packplan-review-sol,rails-aj-enqueue-after-commit,3,studio,kh-gpt,gpt-6-luna,low,pass,pass,,400.136,47483,
r7,plan-grok,rails-aj-enqueue-after-commit,3,studio,kh-gpt,gpt-6-luna,low,pass,pass,,47.725,53131,
r7,plan-lunamax,rails-aj-enqueue-after-commit,3,studio,kh-gpt,gpt-6-luna,low,pass,pass,,592.451,163034,
r7,plan-sol-nocontext,rails-aj-enqueue-after-commit,3,studio,kh-gpt,gpt-6-luna,low,pass,pass,,194.654,46364,
r7,plan-sol,rails-aj-enqueue-after-commit,3,studio,kh-gpt,gpt-6-luna,low,pass,pass,,351.623,242916,
r29,review-only,rails-aj-enqueue-after-commit,3,studio,kh-gpt,gpt-6-luna,low,pass,pass,,259.088,80432,
r19,review,rails-aj-enqueue-after-commit,3,studio,kh-gpt,gpt-6-luna,low,pass,pass,,100.722,56227,
r29,route-asrun,rails-aj-enqueue-after-commit,3,studio,kh-gpt,gpt-6-luna,low,pass,pass,,521.822,211135,
r46,route-cascade,rails-aj-enqueue-after-commit,3,studio,kh-gpt,gpt-6-luna,low,pass,pass,,239.469,27084,
r29,route-fixnoplan,rails-aj-enqueue-after-commit,3,studio,kh-gpt,gpt-6-luna,low,pass,pass,,215.533,56718,
r47,route-jev,rails-aj-enqueue-after-commit,3,studio,kh-gpt,gpt-6-luna,low,pass,pass,,93.074,63190,
r28,route-lmax,rails-aj-enqueue-after-commit,3,studio,kh-gpt,gpt-6-luna,low,pass,pass,,778.104,41743,
r26,route,rails-aj-enqueue-after-commit,3,studio,kh-gpt,gpt-6-luna,low,pass,pass,,325.297,48154,
r45,route-v3,rails-aj-enqueue-after-commit,3,studio,kh-gpt,gpt-6-luna,low,pass,pass,,142.22,80883,
r57b,shell-only,rails-aj-enqueue-after-commit,3,studio,kh-gpt,gpt-6-luna,low,pass,pass,,182.513,104354,0.005701400000000001
r3,w1w2w7,rails-aj-enqueue-after-commit,3,studio,kh-gpt,gpt-6-luna,low,fail,fail,,197.866,272922,
r3,w1w7,rails-aj-enqueue-after-commit,3,studio,kh-gpt,gpt-6-luna,low,pass,pass,,117.028,94504,
r3,w2w7,rails-aj-enqueue-after-commit,3,studio,kh-gpt,gpt-6-luna,low,pass,pass,,92.663,172838,
r3,w7,rails-aj-enqueue-after-commit,3,studio,kh-gpt,gpt-6-luna,low,pass,pass,,179.619,180842,
r56c,P-noplan2,rails-aj-enqueue-after-commit,4,studio,kh-gpt,gpt-6-luna + gpt-6.1-sol,gpt-6-luna / xhigh + gpt-6.1-sol / high,pass,pass,,1243.593,950839,0.30975030000000003
r21,Pstar-review,rails-aj-enqueue-after-commit,4,studio,kh-gpt,gpt-6-luna,low,pass,pass,,214.977,69318,
r69,accept,rails-aj-enqueue-after-commit,4,studio,kh-gpt,gpt-6-luna,xhigh,pass,pass,,413.097,783852,
r27,advisor,rails-aj-enqueue-after-commit,4,studio,kh-gpt,gpt-6-luna,low,fail,fail,,73.064,48683,
r69,approach,rails-aj-enqueue-after-commit,4,studio,kh-gpt,gpt-6-luna,xhigh,pass,pass,,337.81,272522,
r6,b-p21p11p18,rails-aj-enqueue-after-commit,4,studio,kh-gpt,gpt-6-luna,low,pass,pass,,99.105,151565,
r19,bare,rails-aj-enqueue-after-commit,4,studio,kh-gpt,gpt-6-luna,low,fail,fail,,55.343,58737,
r27,bare,rails-aj-enqueue-after-commit,4,studio,kh-gpt,gpt-6-luna,low,pass,pass,,87.19,52334,
r6,bare,rails-aj-enqueue-after-commit,4,studio,kh-gpt,gpt-6-luna,low,fail,fail,,62.994,64681,
r7,bare,rails-aj-enqueue-after-commit,4,studio,kh-gpt,gpt-6-luna,low,fail,fail,,50.487,49792,
r37c,contract-review-sol,rails-aj-enqueue-after-commit,4,studio,kh-gpt,gpt-6-luna,low,pass,pass,,597.055,73484,
r57b,default-tools,rails-aj-enqueue-after-commit,4,studio,kh-gpt,gpt-6-luna,low,pass,pass,,199.301,277513,0.00812314
r64b,kh-plan-shell,rails-aj-enqueue-after-commit,4,studio,kh-gpt,gpt-6-luna + gpt-6.1-sol,gpt-6-luna / xhigh + gpt-6.1-sol / high,pass,pass,,399.974,635546,0.0460834
r64e,kh-plan-shell-solmedplan,rails-aj-enqueue-after-commit,4,studio,kh-gpt,gpt-6-luna,xhigh,pass,pass,,407.55,600622,
r69,none,rails-aj-enqueue-after-commit,4,studio,kh-gpt,gpt-6-luna,xhigh,pass,pass,,142.606,220532,
r6,p21,rails-aj-enqueue-after-commit,4,studio,kh-gpt,gpt-6-luna,low,fail,fail,,56.42,39400,
r30,packplan-review-lmax,rails-aj-enqueue-after-commit,4,studio,kh-gpt,gpt-6-luna,low,pass,pass,,1117.883,816192,
r30,packplan-review-sol,rails-aj-enqueue-after-commit,4,studio,kh-gpt,gpt-6-luna,low,pass,pass,,568.838,392782,
r7,plan-grok,rails-aj-enqueue-after-commit,4,studio,kh-gpt,gpt-6-luna,low,pass,pass,,63.777,46639,
r7,plan-lunamax,rails-aj-enqueue-after-commit,4,studio,kh-gpt,gpt-6-luna,low,pass,pass,,524.15,91548,
r7,plan-sol-nocontext,rails-aj-enqueue-after-commit,4,studio,kh-gpt,gpt-6-luna,low,pass,pass,,180.722,79308,
r7,plan-sol,rails-aj-enqueue-after-commit,4,studio,kh-gpt,gpt-6-luna,low,pass,pass,,457.701,305716,
r29,review-only,rails-aj-enqueue-after-commit,4,studio,kh-gpt,gpt-6-luna,low,fail,fail,,202.403,103114,
r19,review,rails-aj-enqueue-after-commit,4,studio,kh-gpt,gpt-6-luna,low,pass,pass,,120.898,56524,
r29,route-fixnoplan,rails-aj-enqueue-after-commit,4,studio,kh-gpt,gpt-6-luna,low,pass,pass,,497.139,131023,
r28,route-lmax,rails-aj-enqueue-after-commit,4,studio,kh-gpt,gpt-6-luna,low,pass,pass,,476.045,84673,
r26,route,rails-aj-enqueue-after-commit,4,studio,kh-gpt,gpt-6-luna,low,pass,pass,,526.956,158066,
r57b,shell-only,rails-aj-enqueue-after-commit,4,studio,kh-gpt,gpt-6-luna,low,pass,pass,,105.499,139817,0.004796419999999999
r69,spec,rails-aj-enqueue-after-commit,4,studio,kh-gpt,gpt-6-luna,xhigh,pass,pass,,830.168,1691349,
r56c,P-noplan2,rails-aj-enqueue-after-commit,5,studio,kh-gpt,gpt-6-luna + gpt-6.1-sol,gpt-6-luna / xhigh + gpt-6.1-sol / high,pass,pass,,944.86,768223,0.23618584
r21,Pstar-review,rails-aj-enqueue-after-commit,5,studio,kh-gpt,gpt-6-luna,low,pass,pass,,248.807,127010,
r27,advisor,rails-aj-enqueue-after-commit,5,studio,kh-gpt,gpt-6-luna,low,fail,fail,,55.949,50699,
r6,b-p21p11p18,rails-aj-enqueue-after-commit,5,studio,kh-gpt,gpt-6-luna,low,pass,pass,,84.574,151733,
r19,bare,rails-aj-enqueue-after-commit,5,studio,kh-gpt,gpt-6-luna,low,fail,fail,,49.451,49691,
r27,bare,rails-aj-enqueue-after-commit,5,studio,kh-gpt,gpt-6-luna,low,pass,pass,,55.441,66198,
r6,bare,rails-aj-enqueue-after-commit,5,studio,kh-gpt,gpt-6-luna,low,fail,fail,,79.128,46255,
r7,bare,rails-aj-enqueue-after-commit,5,studio,kh-gpt,gpt-6-luna,low,pass,pass,,63.057,76948,
r37c,contract-review-sol,rails-aj-enqueue-after-commit,5,studio,kh-gpt,gpt-6-luna,low,pass,pass,,589.936,90382,
r57b,default-tools,rails-aj-enqueue-after-commit,5,studio,kh-gpt,gpt-6-luna,low,pass,pass,,102.484,196625,0.005676980000000001
r64b,kh-plan-shell,rails-aj-enqueue-after-commit,5,studio,kh-gpt,gpt-6-luna + gpt-6.1-sol,gpt-6-luna / xhigh + gpt-6.1-sol / high,pass,pass,,470.845,544563,0.05478774
r64e,kh-plan-shell-solmedplan,rails-aj-enqueue-after-commit,5,studio,kh-gpt,gpt-6-luna,xhigh,pass,pass,,532.818,1001397,
r6,p21,rails-aj-enqueue-after-commit,5,studio,kh-gpt,gpt-6-luna,low,fail,fail,,71.525,75978,
r30,packplan-review-lmax,rails-aj-enqueue-after-commit,5,studio,kh-gpt,gpt-6-luna,low,pass,pass,,607.076,59092,
r30,packplan-review-sol,rails-aj-enqueue-after-commit,5,studio,kh-gpt,gpt-6-luna,low,pass,pass,,403.845,111666,
r7,plan-grok,rails-aj-enqueue-after-commit,5,studio,kh-gpt,gpt-6-luna,low,pass,pass,,80.326,107081,
r7,plan-lunamax,rails-aj-enqueue-after-commit,5,studio,kh-gpt,gpt-6-luna,low,pass,pass,,381.028,149203,
r7,plan-sol-nocontext,rails-aj-enqueue-after-commit,5,studio,kh-gpt,gpt-6-luna,low,pass,pass,,210.672,56400,
r7,plan-sol,rails-aj-enqueue-after-commit,5,studio,kh-gpt,gpt-6-luna,low,pass,pass,,303.136,45550,
r29,review-only,rails-aj-enqueue-after-commit,5,studio,kh-gpt,gpt-6-luna,low,pass,pass,,104.432,56039,
r19,review,rails-aj-enqueue-after-commit,5,studio,kh-gpt,gpt-6-luna,low,pass,pass,,144.847,45562,
r29,route-asrun,rails-aj-enqueue-after-commit,5,studio,kh-gpt,gpt-6-luna,low,pass,pass,,491.021,184162,
r28,route-lmax,rails-aj-enqueue-after-commit,5,studio,kh-gpt,gpt-6-luna,low,pass,pass,,495.022,96024,
r57b,shell-only,rails-aj-enqueue-after-commit,5,studio,kh-gpt,gpt-6-luna,low,pass,pass,,146.2,159618,0.00543068
r56c,P-noplan2,rails-aj-enqueue-after-commit,6,studio,kh-gpt,gpt-6-luna + gpt-6.1-sol,gpt-6-luna / xhigh + gpt-6.1-sol / high,pass,pass,,1022.62,1090478,0.3305624
r57b,default-tools,rails-aj-enqueue-after-commit,6,studio,kh-gpt,gpt-6-luna,low,pass,pass,,120.536,141960,0.0054308
r57b,shell-only,rails-aj-enqueue-after-commit,6,studio,kh-gpt,gpt-6-luna,low,pass,pass,,183.255,152470,0.005573560000000001
r56c,P-noplan2,rails-aj-enqueue-after-commit,7,studio,kh-gpt,gpt-6-luna + gpt-6.1-sol,gpt-6-luna / xhigh + gpt-6.1-sol / high,pass,pass,,796.552,528594,0.26766014
r57b,default-tools,rails-aj-enqueue-after-commit,7,studio,kh-gpt,gpt-6-luna,low,pass,pass,,199.489,311819,0.00829966
r57b,shell-only,rails-aj-enqueue-after-commit,7,studio,kh-gpt,gpt-6-luna,low,pass,pass,,105.023,95918,0.0039922
r56c,P-noplan2,rails-aj-enqueue-after-commit,8,studio,kh-gpt,gpt-6-luna + gpt-6.1-sol,gpt-6-luna / xhigh + gpt-6.1-sol / high,pass,pass,,1141.247,1013004,0.24892177999999998
r57b,default-tools,rails-aj-enqueue-after-commit,8,studio,kh-gpt,gpt-6-luna,low,pass,pass,,361.44,234446,0.008631160000000002
r57b,shell-only,rails-aj-enqueue-after-commit,8,studio,kh-gpt,gpt-6-luna,low,pass,pass,,101.962,147557,0.0047503400000000005
r56c,P-noplan2,rails-aj-enqueue-after-commit,9,studio,kh-gpt,gpt-6-luna + gpt-6.1-sol,gpt-6-luna / xhigh + gpt-6.1-sol / high,pass,pass,,1050.021,1103787,0.31489714
r57d,default-tools,rails-aj-enqueue-after-commit,9,studio,kh-gpt,gpt-6-luna,low,pass,pass,,92.027,130256,0.00434952
r57d,shell-only,rails-aj-enqueue-after-commit,9,studio,kh-gpt,gpt-6-luna,low,pass,pass,,259.137,178612,0.00725984
r53,P-lunamax,rails-aj-resumable-cleanup,1,studio,kh-gpt,gpt-6-luna + gpt-6.1-sol,gpt-6-luna / xhigh + gpt-6.1-sol / high,pass,pass,,2240.187,3725690,0.5992300799999999
r64d,kh-plan-shell,rails-aj-resumable-cleanup,1,studio,kh-gpt,gpt-6-luna,xhigh,pass,pass,,727.471,491949,
r53,P-lunamax,rails-aj-resumable-cleanup,2,studio,kh-gpt,gpt-6-luna + gpt-6.1-sol,gpt-6-luna / xhigh + gpt-6.1-sol / high,pass,pass,,1993.933,3470101,0.6507884
r64d,kh-plan-shell,rails-aj-resumable-cleanup,2,studio,kh-gpt,gpt-6-luna,xhigh,pass,pass,,526.953,801169,
r53,P-lunamax,rails-aj-resumable-cleanup,3,studio,kh-gpt,gpt-6-luna + gpt-6.1-sol,gpt-6-luna / xhigh + gpt-6.1-sol / high,pass,pass,,1992.64,3667352,0.5291484
r64d,kh-plan-shell,rails-aj-resumable-cleanup,3,studio,kh-gpt,gpt-6-luna,xhigh,pass,pass,,673.67,1446269,
r53b,P-lunamax,rails-aj-resumable-cleanup,4,studio,kh-gpt,gpt-6-luna,xhigh,pass,pass,,1997.72,1993103,
r64d,kh-plan-shell,rails-aj-resumable-cleanup,4,studio,kh-gpt,gpt-6-luna,xhigh,fail,fail,,541.199,1148340,
r64d,kh-plan-shell,rails-aj-resumable-cleanup,5,studio,kh-gpt,gpt-6-luna,xhigh,pass,pass,,403.542,422463,
r53b,P-lunamax,rails-aj-resumable-cleanup,6,studio,kh-gpt,gpt-6-luna,xhigh,pass,pass,,1705.963,1892763,
r50,P-lunamax,rails-ar-archive-book-access,1,studio,kh-gpt,gpt-6-luna + gpt-6.1-sol,gpt-6-luna / xhigh + gpt-6.1-sol / high,pass,pass,,1383.832,1704216,0.5262778
r50,P-sollow,rails-ar-archive-book-access,1,studio,kh-gpt,gpt-6.1-sol + gpt-6.1-sol,gpt-6.1-sol / high + gpt-6.1-sol / low,pass,pass,,1380.358,1048312,0.6282784
r50,P-solmed,rails-ar-archive-book-access,1,studio,kh-gpt,gpt-6.1-sol + gpt-6.1-sol,gpt-6.1-sol / high + gpt-6.1-sol / medium,pass,pass,,1473.288,971194,0.6658328
r17,Pstar,rails-ar-archive-book-access,1,studio,kh-gpt,gpt-6-luna,low,pass,pass,,283.375,83853,
r69,approach,rails-ar-archive-book-access,1,studio,kh-gpt,gpt-6-luna,low,pass,pass,,,,
r1,bare,rails-ar-archive-book-access,1,studio,kh-gpt,gpt-6-luna,low,pass,pass,,71.532,79391,
r1,bare,rails-ar-archive-book-access,1,studio,kh-gpt,gpt-6-luna,low,pass,pass,,42.388,43603,
r2,bare,rails-ar-archive-book-access,1,studio,kh-gpt,gpt-6-luna,low,fail,fail,,28.859,23606,
r48,cascade-contract,rails-ar-archive-book-access,1,studio,kh-gpt,gpt-6-luna,low,pass,pass,,336.78,36996,
r2,k-turns200+p05,rails-ar-archive-book-access,1,studio,kh-gpt,gpt-6-luna,low,fail,fail,,53.978,38961,
r64c,kh-plan-shell-lunahigh,rails-ar-archive-book-access,1,studio,kh-gpt,gpt-6-luna + gpt-6.1-sol,gpt-6-luna / high + gpt-6.1-sol / high,pass,pass,,300.75,465857,0.050067280000000006
r64,kh-plan-shell,rails-ar-archive-book-access,1,studio,kh-gpt,gpt-6-luna + gpt-6.1-sol,gpt-6-luna / xhigh + gpt-6.1-sol / high,pass,pass,,721.562,798059,0.05889507999999999
r64c,kh-plan-shell-solmedplan,rails-ar-archive-book-access,1,studio,kh-gpt,gpt-6-luna + gpt-6.1-sol,gpt-6-luna / xhigh + gpt-6.1-sol / medium,pass,pass,,302.254,453864,0.04212486
r2,m-p01+p11,rails-ar-archive-book-access,1,studio,kh-gpt,gpt-6-luna,low,pass,pass,,59.591,43333,
r2,m-p02+p03+p15,rails-ar-archive-book-access,1,studio,kh-gpt,gpt-6-luna,low,pass,pass,,70.09,68893,
r2,m-p05+p06+p17,rails-ar-archive-book-access,1,studio,kh-gpt,gpt-6-luna,low,pass,pass,,72.546,72137,
r2,m-p05+p06,rails-ar-archive-book-access,1,studio,kh-gpt,gpt-6-luna,low,pass,pass,,48.421,38519,
r2,m-p16+p06,rails-ar-archive-book-access,1,studio,kh-gpt,gpt-6-luna,low,pass,pass,,101.635,110678,
r49,mc-contract,rails-ar-archive-book-access,1,studio,kh-gpt,gpt-6-luna + gpt-6.1-sol,gpt-6-luna / max + gpt-6.1-sol / high,pass,pass,,326.881,220014,0.10674094
r69,none,rails-ar-archive-book-access,1,studio,kh-gpt,gpt-6-luna,xhigh,pass,pass,,262.017,208542,
r2,p03,rails-ar-archive-book-access,1,studio,kh-gpt,gpt-6-luna,low,pass,pass,,80.568,63824,
r2,p09,rails-ar-archive-book-access,1,studio,kh-gpt,gpt-6-luna,low,pass,pass,,42.432,45665,
r2,p12,rails-ar-archive-book-access,1,studio,kh-gpt,gpt-6-luna,low,pass,pass,,80.568,37451,
r2,p15,rails-ar-archive-book-access,1,studio,kh-gpt,gpt-6-luna,low,fail,fail,,14.8,19523,
r2,p18,rails-ar-archive-book-access,1,studio,kh-gpt,gpt-6-luna,low,fail,fail,,23.348,39943,
r30,packplan-review-lmax,rails-ar-archive-book-access,1,studio,kh-gpt,gpt-6-luna,low,pass,pass,,445.447,74576,
r30,packplan-review-sol,rails-ar-archive-book-access,1,studio,kh-gpt,gpt-6-luna,low,pass,pass,,384.602,52472,
r46,route-cascade,rails-ar-archive-book-access,1,studio,kh-gpt,gpt-6-luna,low,pass,pass,,187.814,27957,
r47,route-jev,rails-ar-archive-book-access,1,studio,kh-gpt,gpt-6-luna,low,pass,pass,,77.011,56350,
r28,route-lmax,rails-ar-archive-book-access,1,studio,kh-gpt,gpt-6-luna,low,pass,pass,,432.979,40250,
r45,route-v3,rails-ar-archive-book-access,1,studio,kh-gpt,gpt-6-luna,low,pass,pass,,714.173,169860,
r2,w1+p04+p06,rails-ar-archive-book-access,1,studio,kh-gpt,gpt-6-luna,low,pass,pass,,109.54,53140,
r2,w1+p05,rails-ar-archive-book-access,1,studio,kh-gpt,gpt-6-luna,low,pass,pass,,117.347,66579,
r2,w1+p13,rails-ar-archive-book-access,1,studio,kh-gpt,gpt-6-luna,low,pass,pass,,99.328,40915,
r1,w1,rails-ar-archive-book-access,1,studio,kh-gpt,gpt-6-luna,low,pass,pass,,97.388,28766,
r1,w1w2,rails-ar-archive-book-access,1,studio,kh-gpt,gpt-6-luna,low,pass,pass,,103.598,40876,
r1,w1w2w7,rails-ar-archive-book-access,1,studio,kh-gpt,gpt-6-luna,low,pass,pass,,127.407,66414,
r1,w1w7,rails-ar-archive-book-access,1,studio,kh-gpt,gpt-6-luna,low,pass,pass,,191.738,129035,
r1,w2w7,rails-ar-archive-book-access,1,studio,kh-gpt,gpt-6-luna,low,pass,pass,,98.67,65019,
r1,w5,rails-ar-archive-book-access,1,studio,kh-gpt,gpt-6-luna,low,pass,pass,,65.019,82094,
r1,w7,rails-ar-archive-book-access,1,studio,kh-gpt,gpt-6-luna,low,pass,pass,,82.107,58541,
r50,P-lunamax,rails-ar-archive-book-access,2,studio,kh-gpt,gpt-6-luna + gpt-6.1-sol,gpt-6-luna / xhigh + gpt-6.1-sol / high,pass,pass,,1372.996,1387385,0.4959192
r50,P-sollow,rails-ar-archive-book-access,2,studio,kh-gpt,gpt-6.1-sol + gpt-6.1-sol,gpt-6.1-sol / high + gpt-6.1-sol / low,pass,pass,,1361.388,997659,0.5404108000000001
r50,P-solmed,rails-ar-archive-book-access,2,studio,kh-gpt,gpt-6.1-sol + gpt-6.1-sol,gpt-6.1-sol / high + gpt-6.1-sol / medium,pass,pass,,1329.868,1175801,0.6341908
r17,Pstar,rails-ar-archive-book-access,2,studio,kh-gpt,gpt-6-luna,low,pass,pass,,189.378,61485,
r1,bare,rails-ar-archive-book-access,2,studio,kh-gpt,gpt-6-luna,low,pass,pass,,29.395,45841,
r2,bare,rails-ar-archive-book-access,2,studio,kh-gpt,gpt-6-luna,low,pass,pass,,56.58,42511,
r48,cascade-contract,rails-ar-archive-book-access,2,studio,kh-gpt,gpt-6-luna,low,pass,pass,,448.71,51419,
r2,k-turns200+p05,rails-ar-archive-book-access,2,studio,kh-gpt,gpt-6-luna,low,pass,pass,,41.934,46530,
r64c,kh-plan-shell-lunahigh,rails-ar-archive-book-access,2,studio,kh-gpt,gpt-6-luna + gpt-6.1-sol,gpt-6-luna / high + gpt-6.1-sol / high,pass,pass,,255.614,373357,0.04580174000000001
r64,kh-plan-shell,rails-ar-archive-book-access,2,studio,kh-gpt,gpt-6-luna + gpt-6.1-sol,gpt-6-luna / xhigh + gpt-6.1-sol / high,pass,pass,,409.612,740728,0.05769502
r64c,kh-plan-shell-solmedplan,rails-ar-archive-book-access,2,studio,kh-gpt,gpt-6-luna + gpt-6.1-sol,gpt-6-luna / xhigh + gpt-6.1-sol / medium,pass,pass,,490.945,617047,0.0463915
r2,m-p01+p11,rails-ar-archive-book-access,2,studio,kh-gpt,gpt-6-luna,low,pass,pass,,76.02,64181,
r2,m-p02+p03+p15,rails-ar-archive-book-access,2,studio,kh-gpt,gpt-6-luna,low,pass,pass,,68.581,74155,
r2,m-p05+p06+p17,rails-ar-archive-book-access,2,studio,kh-gpt,gpt-6-luna,low,fail,fail,,41.928,49444,
r2,m-p05+p06,rails-ar-archive-book-access,2,studio,kh-gpt,gpt-6-luna,low,pass,pass,,66.507,46272,
r2,m-p16+p06,rails-ar-archive-book-access,2,studio,kh-gpt,gpt-6-luna,low,pass,pass,,69.056,47848,
r69,none,rails-ar-archive-book-access,2,studio,kh-gpt,gpt-6-luna,xhigh,pass,pass,,172.753,57452,
r2,p03,rails-ar-archive-book-access,2,studio,kh-gpt,gpt-6-luna,low,pass,pass,,48.934,73873,
r2,p09,rails-ar-archive-book-access,2,studio,kh-gpt,gpt-6-luna,low,fail,fail,,20.867,22418,
r2,p12,rails-ar-archive-book-access,2,studio,kh-gpt,gpt-6-luna,low,pass,pass,,64.026,38949,
r2,p15,rails-ar-archive-book-access,2,studio,kh-gpt,gpt-6-luna,low,pass,pass,,43.916,43657,
r2,p18,rails-ar-archive-book-access,2,studio,kh-gpt,gpt-6-luna,low,pass,pass,,42.934,37797,
r30,packplan-review-sol,rails-ar-archive-book-access,2,studio,kh-gpt,gpt-6-luna,low,pass,pass,,375.779,107327,
r46,route-cascade,rails-ar-archive-book-access,2,studio,kh-gpt,gpt-6-luna,low,pass,pass,,529.624,39637,
r47,route-jev,rails-ar-archive-book-access,2,studio,kh-gpt,gpt-6-luna,low,pass,pass,,86.792,71251,
r28,route-lmax,rails-ar-archive-book-access,2,studio,kh-gpt,gpt-6-luna,low,pass,pass,,644.838,87256,
r26,route,rails-ar-archive-book-access,2,studio,kh-gpt,gpt-6-luna,low,pass,pass,,507.968,177928,
r45,route-v3,rails-ar-archive-book-access,2,studio,kh-gpt,gpt-6-luna,low,pass,pass,,714.863,101171,
r2,w1+p04+p06,rails-ar-archive-book-access,2,studio,kh-gpt,gpt-6-luna,low,pass,pass,,96.315,31916,
r2,w1+p05,rails-ar-archive-book-access,2,studio,kh-gpt,gpt-6-luna,low,pass,pass,,105.475,42839,
r2,w1+p13,rails-ar-archive-book-access,2,studio,kh-gpt,gpt-6-luna,low,pass,pass,,83.816,31334,
r1,w1w2w7,rails-ar-archive-book-access,2,studio,kh-gpt,gpt-6-luna,low,pass,pass,,185.506,171680,
r1,w1w7,rails-ar-archive-book-access,2,studio,kh-gpt,gpt-6-luna,low,pass,pass,,113.2,46971,
r1,w2w7,rails-ar-archive-book-access,2,studio,kh-gpt,gpt-6-luna,low,pass,pass,,91.202,66462,
r1,w7,rails-ar-archive-book-access,2,studio,kh-gpt,gpt-6-luna,low,pass,pass,,91.204,53596,
r50,P-lunamax,rails-ar-archive-book-access,3,studio,kh-gpt,gpt-6-luna + gpt-6.1-sol,gpt-6-luna / xhigh + gpt-6.1-sol / high,pass,pass,,1461.948,1694359,0.5323445
r50,P-sollow,rails-ar-archive-book-access,3,studio,kh-gpt,gpt-6.1-sol + gpt-6.1-sol,gpt-6.1-sol / high + gpt-6.1-sol / low,pass,pass,,1119.688,1130168,0.6092656
r50,P-solmed,rails-ar-archive-book-access,3,studio,kh-gpt,gpt-6.1-sol + gpt-6.1-sol,gpt-6.1-sol / high + gpt-6.1-sol / medium,pass,pass,,1277.751,1210066,0.6517672000000001
r17,Pstar,rails-ar-archive-book-access,3,studio,kh-gpt,gpt-6-luna,low,pass,pass,,212.209,140909,
r1,bare,rails-ar-archive-book-access,3,studio,kh-gpt,gpt-6-luna,low,fail,fail,,26.407,21113,
r2,bare,rails-ar-archive-book-access,3,studio,kh-gpt,gpt-6-luna,low,pass,pass,,50.439,23413,
r48,cascade-contract,rails-ar-archive-book-access,3,studio,kh-gpt,gpt-6-luna,low,pass,pass,,591.163,61007,
r2,k-turns200+p05,rails-ar-archive-book-access,3,studio,kh-gpt,gpt-6-luna,low,fail,fail,,48.941,35728,
r64c,kh-plan-shell-lunahigh,rails-ar-archive-book-access,3,studio,kh-gpt,gpt-6-luna + gpt-6.1-sol,gpt-6-luna / high + gpt-6.1-sol / high,pass,pass,,222.815,266222,0.04682046
r64,kh-plan-shell,rails-ar-archive-book-access,3,studio,kh-gpt,gpt-6-luna + gpt-6.1-sol,gpt-6-luna / xhigh + gpt-6.1-sol / high,pass,pass,,555.658,741717,0.05935988
r64c,kh-plan-shell-solmedplan,rails-ar-archive-book-access,3,studio,kh-gpt,gpt-6-luna + gpt-6.1-sol,gpt-6-luna / xhigh + gpt-6.1-sol / medium,pass,pass,,404.536,408451,0.042808399999999996
r2,m-p01+p11,rails-ar-archive-book-access,3,studio,kh-gpt,gpt-6-luna,low,pass,pass,,70.544,82260,
r2,m-p02+p03+p15,rails-ar-archive-book-access,3,studio,kh-gpt,gpt-6-luna,low,pass,pass,,73.036,96411,
r2,m-p05+p06+p17,rails-ar-archive-book-access,3,studio,kh-gpt,gpt-6-luna,low,pass,pass,,108.67,152701,
r2,m-p05+p06,rails-ar-archive-book-access,3,studio,kh-gpt,gpt-6-luna,low,pass,pass,,62.003,84239,
r2,m-p16+p06,rails-ar-archive-book-access,3,studio,kh-gpt,gpt-6-luna,low,fail,fail,,52.952,45329,
r49,mc-contract,rails-ar-archive-book-access,3,studio,kh-gpt,gpt-6-luna + gpt-6.1-sol,gpt-6-luna / max + gpt-6.1-sol / high,pass,pass,,963.065,649949,0.22659056
r49,mc-review,rails-ar-archive-book-access,3,studio,kh-gpt,gpt-6-luna + gpt-6.1-sol,gpt-6-luna / max + gpt-6.1-sol / high,pass,pass,,926.333,569726,0.10752472
r69,none,rails-ar-archive-book-access,3,studio,kh-gpt,gpt-6-luna,xhigh,pass,pass,,209.884,171282,
r2,p03,rails-ar-archive-book-access,3,studio,kh-gpt,gpt-6-luna,low,pass,pass,,55.01,47879,
r30,packplan-review-lmax,rails-ar-archive-book-access,3,studio,kh-gpt,gpt-6-luna,low,pass,pass,,754.23,165726,
r30,packplan-review-sol,rails-ar-archive-book-access,3,studio,kh-gpt,gpt-6-luna,low,pass,pass,,455.699,154186,
r46,route-cascade,rails-ar-archive-book-access,3,studio,kh-gpt,gpt-6-luna,low,pass,pass,,346.732,28160,
r47,route-jev,rails-ar-archive-book-access,3,studio,kh-gpt,gpt-6-luna,low,pass,pass,,201.249,69471,
r26,route,rails-ar-archive-book-access,3,studio,kh-gpt,gpt-6-luna,low,pass,pass,,503.956,137987,
r45,route-v3,rails-ar-archive-book-access,3,studio,kh-gpt,gpt-6-luna,low,pass,pass,,798.039,99500,
r2,w1+p05,rails-ar-archive-book-access,3,studio,kh-gpt,gpt-6-luna,low,fail,fail,,55.478,16488,
r1,w1w2w7,rails-ar-archive-book-access,3,studio,kh-gpt,gpt-6-luna,low,pass,pass,,120.311,75265,
r1,w1w7,rails-ar-archive-book-access,3,studio,kh-gpt,gpt-6-luna,low,pass,pass,,106.086,42380,
r1,w2w7,rails-ar-archive-book-access,3,studio,kh-gpt,gpt-6-luna,low,fail,fail,,76.718,132613,
r1,w7,rails-ar-archive-book-access,3,studio,kh-gpt,gpt-6-luna,low,pass,pass,,72.598,42531,
r69,accept,rails-ar-archive-book-access,4,studio,kh-gpt,gpt-6-luna,xhigh,pass,pass,,228.456,359687,
r69,approach,rails-ar-archive-book-access,4,studio,kh-gpt,gpt-6-luna,xhigh,pass,pass,,338.86,367363,
r64b,kh-plan-shell,rails-ar-archive-book-access,4,studio,kh-gpt,gpt-6-luna + gpt-6.1-sol,gpt-6-luna / xhigh + gpt-6.1-sol / high,pass,pass,,705.852,1599056,0.07220082
r64e,kh-plan-shell-solmedplan,rails-ar-archive-book-access,4,studio,kh-gpt,gpt-6-luna,xhigh,pass,pass,,464.871,346973,
r69,none,rails-ar-archive-book-access,4,studio,kh-gpt,gpt-6-luna,xhigh,pass,pass,,195.282,143558,
r30,packplan-review-lmax,rails-ar-archive-book-access,4,studio,kh-gpt,gpt-6-luna,low,pass,pass,,449.148,40500,
r30,packplan-review-sol,rails-ar-archive-book-access,4,studio,kh-gpt,gpt-6-luna,low,pass,pass,,374.041,73503,
r28,route-lmax,rails-ar-archive-book-access,4,studio,kh-gpt,gpt-6-luna,low,pass,pass,,540.439,155328,
r26,route,rails-ar-archive-book-access,4,studio,kh-gpt,gpt-6-luna,low,pass,pass,,379.773,83844,
r69,spec,rails-ar-archive-book-access,4,studio,kh-gpt,gpt-6-luna,xhigh,pass,pass,,516.098,680739,
r64b,kh-plan-shell,rails-ar-archive-book-access,5,studio,kh-gpt,gpt-6-luna + gpt-6.1-sol,gpt-6-luna / xhigh + gpt-6.1-sol / high,pass,pass,,389.84,466337,0.05599741999999999
r64e,kh-plan-shell-solmedplan,rails-ar-archive-book-access,5,studio,kh-gpt,gpt-6-luna,xhigh,pass,pass,,416.356,478776,
r30,packplan-review-lmax,rails-ar-archive-book-access,5,studio,kh-gpt,gpt-6-luna,low,pass,pass,,756.56,201417,
r30,packplan-review-sol,rails-ar-archive-book-access,5,studio,kh-gpt,gpt-6-luna,low,pass,pass,,295.312,44531,
r53,P-lunamax,rails-ar-atomic-import,1,studio,kh-gpt,gpt-6-luna + gpt-6.1-sol,gpt-6-luna / xhigh + gpt-6.1-sol / high,pass,pass,,1378.024,1333501,0.5623601799999999
r64d,kh-plan-shell,rails-ar-atomic-import,1,studio,kh-gpt,gpt-6-luna,xhigh,pass,pass,,414.028,384680,
r53,P-lunamax,rails-ar-atomic-import,2,studio,kh-gpt,gpt-6-luna + gpt-6.1-sol,gpt-6-luna / xhigh + gpt-6.1-sol / high,pass,pass,,2075.176,2444070,0.58105882
r64d,kh-plan-shell,rails-ar-atomic-import,2,studio,kh-gpt,gpt-6-luna,xhigh,pass,pass,,511.956,449146,
r53,P-lunamax,rails-ar-atomic-import,3,studio,kh-gpt,gpt-6-luna + gpt-6.1-sol,gpt-6-luna / xhigh + gpt-6.1-sol / high,pass,pass,,1195.2,1330244,0.5149432
r64d,kh-plan-shell,rails-ar-atomic-import,3,studio,kh-gpt,gpt-6-luna,xhigh,pass,pass,,364.583,275806,
r64d,kh-plan-shell,rails-ar-atomic-import,4,studio,kh-gpt,gpt-6-luna,xhigh,pass,pass,,376.943,359386,
r53b,P-lunamax,rails-ar-atomic-import,5,studio,kh-gpt,gpt-6-luna,xhigh,pass,pass,,1414.568,879965,
r64d,kh-plan-shell,rails-ar-atomic-import,5,studio,kh-gpt,gpt-6-luna,xhigh,pass,pass,,624.036,551961,
r53b,P-lunamax,rails-ar-atomic-import,6,studio,kh-gpt,gpt-6-luna,xhigh,pass,pass,,1567.506,741203,
r56,B-ctx-ls,rails-ar-bulk-access-grants,1,studio,kh-gpt,gpt-6-luna,gpt-6-luna / xhigh,pass,pass,,523.263,679346,0.019730200000000003
r56,B-ctx-none,rails-ar-bulk-access-grants,1,studio,kh-gpt,gpt-6-luna,gpt-6-luna / xhigh,pass,pass,,402.362,387881,0.015421300000000002
r56,B-ctx-pack,rails-ar-bulk-access-grants,1,studio,kh-gpt,gpt-6-luna + gpt-6-luna,gpt-6-luna / low + gpt-6-luna / xhigh,pass,pass,,504.398,547701,0.020845380000000004
r56,P-full,rails-ar-bulk-access-grants,1,studio,kh-gpt,gpt-6-luna + gpt-6.1-sol,gpt-6-luna / xhigh + gpt-6.1-sol / high,pass,pass,,1528.092,1789043,0.66747412
r56b,P-full,rails-ar-bulk-access-grants,1,studio,kh-gpt,gpt-6-luna + gpt-6.1-sol,gpt-6-luna / xhigh + gpt-6.1-sol / high,pass,pass,,1499.872,1935326,0.5178666
r56b,P-full,rails-ar-bulk-access-grants,1,studio,kh-gpt,gpt-6-luna + gpt-6.1-sol,gpt-6-luna / xhigh + gpt-6.1-sol / high,pass,pass,,1528.777,2177521,0.545575
r56b,P-full,rails-ar-bulk-access-grants,1,studio,kh-gpt,gpt-6-luna + gpt-6.1-sol,gpt-6-luna / xhigh + gpt-6.1-sol / high,pass,pass,,2216.963,2696892,0.7862325600000001
r56b,P-full,rails-ar-bulk-access-grants,1,studio,kh-gpt,gpt-6-luna + gpt-6.1-sol,gpt-6-luna / xhigh + gpt-6.1-sol / high,pass,pass,,2415.413,2957166,0.6858458600000001
r56b,P-full,rails-ar-bulk-access-grants,1,studio,kh-gpt,gpt-6-luna + gpt-6.1-sol,gpt-6-luna / xhigh + gpt-6.1-sol / high,pass,pass,,2351.129,3037234,0.4971088
r56b,P-full,rails-ar-bulk-access-grants,1,studio,kh-gpt,gpt-6-luna + gpt-6.1-sol,gpt-6-luna / xhigh + gpt-6.1-sol / high,pass,pass,,1807.558,2727335,0.5119119999999999
r56b,P-full,rails-ar-bulk-access-grants,1,studio,kh-gpt,gpt-6-luna + gpt-6.1-sol,gpt-6-luna / xhigh + gpt-6.1-sol / high,pass,pass,,2669.326,2657294,0.68855044
r56b,P-full,rails-ar-bulk-access-grants,1,studio,kh-gpt,gpt-6-luna + gpt-6.1-sol,gpt-6-luna / xhigh + gpt-6.1-sol / high,pass,pass,,1448.216,1836183,0.50493292
r56b,P-full,rails-ar-bulk-access-grants,1,studio,kh-gpt,gpt-6-luna + gpt-6.1-sol,gpt-6-luna / xhigh + gpt-6.1-sol / high,pass,pass,,1999.166,2007790,0.55402934
r56b,P-full,rails-ar-bulk-access-grants,1,studio,kh-gpt,gpt-6-luna + gpt-6.1-sol,gpt-6-luna / xhigh + gpt-6.1-sol / high,pass,pass,,1642.076,2685806,0.54193324
r50,P-lunamax,rails-ar-bulk-access-grants,1,studio,kh-gpt,gpt-6-luna + gpt-6.1-sol,gpt-6-luna / xhigh + gpt-6.1-sol / high,pass,pass,,1880.589,1784141,0.55834876
r56,P-nocontract,rails-ar-bulk-access-grants,1,studio,kh-gpt,gpt-6-luna + gpt-6.1-sol,gpt-6-luna / xhigh + gpt-6.1-sol / high,fail,fail,,1978.634,2477298,0.53176184
r56b,P-nocontract,rails-ar-bulk-access-grants,1,studio,kh-gpt,gpt-6-luna + gpt-6.1-sol,gpt-6-luna / xhigh + gpt-6.1-sol / high,pass,pass,,1833.641,3184367,0.5337986
r56b,P-nocontract,rails-ar-bulk-access-grants,1,studio,kh-gpt,gpt-6-luna + gpt-6.1-sol,gpt-6-luna / xhigh + gpt-6.1-sol / high,pass,pass,,1655.061,2331095,0.5084547199999999
r56b,P-nocontract,rails-ar-bulk-access-grants,1,studio,kh-gpt,gpt-6-luna + gpt-6.1-sol,gpt-6-luna / xhigh + gpt-6.1-sol / high,pass,pass,,1292.376,2939483,0.42983013999999997
r56b,P-nocontract,rails-ar-bulk-access-grants,1,studio,kh-gpt,gpt-6-luna + gpt-6.1-sol,gpt-6-luna / xhigh + gpt-6.1-sol / high,fail,fail,,1029.334,1248228,0.33917996
r56b,P-nocontract,rails-ar-bulk-access-grants,1,studio,kh-gpt,gpt-6-luna + gpt-6.1-sol,gpt-6-luna / xhigh + gpt-6.1-sol / high,pass,pass,,1528.63,1973638,0.43327035999999997
r56b,P-nocontract,rails-ar-bulk-access-grants,1,studio,kh-gpt,gpt-6-luna + gpt-6.1-sol,gpt-6-luna / xhigh + gpt-6.1-sol / high,pass,pass,,1256.775,2398506,0.39019813999999997
r56b,P-nocontract,rails-ar-bulk-access-grants,1,studio,kh-gpt,gpt-6-luna + gpt-6.1-sol,gpt-6-luna / xhigh + gpt-6.1-sol / high,fail,fail,,2214.512,2335505,0.46872476
r56b,P-nocontract,rails-ar-bulk-access-grants,1,studio,kh-gpt,gpt-6-luna + gpt-6.1-sol,gpt-6-luna / xhigh + gpt-6.1-sol / high,pass,pass,,1384.689,1846729,0.32966544
r56b,P-nocontract,rails-ar-bulk-access-grants,1,studio,kh-gpt,gpt-6-luna + gpt-6.1-sol,gpt-6-luna / xhigh + gpt-6.1-sol / high,fail,fail,,1316.594,1747945,0.37741705999999997
r56b,P-nocontract,rails-ar-bulk-access-grants,1,studio,kh-gpt,gpt-6-luna + gpt-6.1-sol,gpt-6-luna / xhigh + gpt-6.1-sol / high,fail,fail,,1516.984,1160343,0.32696492
r56,P-noctx,rails-ar-bulk-access-grants,1,studio,kh-gpt,gpt-6-luna,xhigh,fail,fail,,891.633,1449757,
r56b,P-noctx2,rails-ar-bulk-access-grants,1,studio,kh-gpt,gpt-6-luna + gpt-6.1-sol,gpt-6-luna / xhigh + gpt-6.1-sol / high,pass,pass,,1497.556,2794899,0.36907416000000004
r56b,P-noctx2,rails-ar-bulk-access-grants,1,studio,kh-gpt,gpt-6-luna + gpt-6.1-sol,gpt-6-luna / xhigh + gpt-6.1-sol / high,pass,pass,,2362.587,4794648,0.56789944
r56b,P-noctx2,rails-ar-bulk-access-grants,1,studio,kh-gpt,gpt-6-luna + gpt-6.1-sol,gpt-6-luna / xhigh + gpt-6.1-sol / high,pass,pass,,1931.536,3525364,0.47344549999999996
r56b,P-noctx2,rails-ar-bulk-access-grants,1,studio,kh-gpt,gpt-6-luna + gpt-6.1-sol,gpt-6-luna / xhigh + gpt-6.1-sol / high,pass,pass,,2385.618,3079741,0.47491872
r56b,P-noctx2,rails-ar-bulk-access-grants,1,studio,kh-gpt,gpt-6-luna + gpt-6.1-sol,gpt-6-luna / xhigh + gpt-6.1-sol / high,fail,fail,,2376.687,4714687,0.55092194
r56b,P-noctx2,rails-ar-bulk-access-grants,1,studio,kh-gpt,gpt-6-luna + gpt-6.1-sol,gpt-6-luna / xhigh + gpt-6.1-sol / high,pass,pass,,1977.164,2784470,0.35710214
r56b,P-noctx2,rails-ar-bulk-access-grants,1,studio,kh-gpt,gpt-6-luna + gpt-6.1-sol,gpt-6-luna / xhigh + gpt-6.1-sol / high,pass,pass,,1759.894,2513406,0.40241718
r56b,P-noctx2,rails-ar-bulk-access-grants,1,studio,kh-gpt,gpt-6-luna + gpt-6.1-sol,gpt-6-luna / xhigh + gpt-6.1-sol / high,pass,pass,,2002.044,2054444,0.54448714
r56b,P-noctx2,rails-ar-bulk-access-grants,1,studio,kh-gpt,gpt-6-luna + gpt-6.1-sol,gpt-6-luna / xhigh + gpt-6.1-sol / high,pass,pass,,1684.574,3185225,0.34845872
r56b,P-noctx2,rails-ar-bulk-access-grants,1,studio,kh-gpt,gpt-6-luna + gpt-6.1-sol,gpt-6-luna / xhigh + gpt-6.1-sol / high,pass,pass,,1587.369,2669394,0.34717682000000005
r56d,P-noctx2,rails-ar-bulk-access-grants,1,studio,kh-gpt,gpt-6-luna + gpt-6.1-sol,gpt-6-luna / xhigh + gpt-6.1-sol / high,pass,pass,,2118.079,3217337,0.51293572
r56c,P-noplan2,rails-ar-bulk-access-grants,1,studio,kh-gpt,gpt-6-luna + gpt-6.1-sol,gpt-6-luna / xhigh + gpt-6.1-sol / high,pass,pass,,867.82,547789,0.31818758
r56,P-noreview,rails-ar-bulk-access-grants,1,studio,kh-gpt,gpt-6-luna + gpt-6.1-sol,gpt-6-luna / xhigh + gpt-6.1-sol / high,pass,pass,,1711.175,3205588,0.48737298
r56b,P-noreview,rails-ar-bulk-access-grants,1,studio,kh-gpt,gpt-6-luna + gpt-6.1-sol,gpt-6-luna / xhigh + gpt-6.1-sol / high,pass,pass,,1195.081,1132665,0.33090816
r56b,P-noreview,rails-ar-bulk-access-grants,1,studio,kh-gpt,gpt-6-luna + gpt-6.1-sol,gpt-6-luna / xhigh + gpt-6.1-sol / high,pass,pass,,1404.141,1276394,0.40131438
r56b,P-noreview,rails-ar-bulk-access-grants,1,studio,kh-gpt,gpt-6-luna + gpt-6.1-sol,gpt-6-luna / xhigh + gpt-6.1-sol / high,pass,pass,,1236.116,1397347,0.44499399999999995
r56b,P-noreview,rails-ar-bulk-access-grants,1,studio,kh-gpt,gpt-6-luna + gpt-6.1-sol,gpt-6-luna / xhigh + gpt-6.1-sol / high,pass,pass,,1752.881,3828173,0.39898665999999994
r56b,P-noreview,rails-ar-bulk-access-grants,1,studio,kh-gpt,gpt-6-luna + gpt-6.1-sol,gpt-6-luna / xhigh + gpt-6.1-sol / high,pass,pass,,1438.084,1735879,0.43203698
r56b,P-noreview,rails-ar-bulk-access-grants,1,studio,kh-gpt,gpt-6-luna + gpt-6.1-sol,gpt-6-luna / xhigh + gpt-6.1-sol / high,pass,pass,,1579.179,2374789,0.41564594
r56b,P-noreview,rails-ar-bulk-access-grants,1,studio,kh-gpt,gpt-6-luna + gpt-6.1-sol,gpt-6-luna / xhigh + gpt-6.1-sol / high,pass,pass,,1394.308,1481663,0.40725318
r56b,P-noreview,rails-ar-bulk-access-grants,1,studio,kh-gpt,gpt-6-luna + gpt-6.1-sol,gpt-6-luna / xhigh + gpt-6.1-sol / high,pass,pass,,1496.645,2649755,0.5056061
r56b,P-noreview,rails-ar-bulk-access-grants,1,studio,kh-gpt,gpt-6-luna + gpt-6.1-sol,gpt-6-luna / xhigh + gpt-6.1-sol / high,pass,pass,,1409.936,1768514,0.40946699999999997
r56b,P-noreview,rails-ar-bulk-access-grants,1,studio,kh-gpt,gpt-6-luna + gpt-6.1-sol,gpt-6-luna / xhigh + gpt-6.1-sol / high,pass,pass,,1607.914,2290342,0.45674983999999996
r50,P-sollow,rails-ar-bulk-access-grants,1,studio,kh-gpt,gpt-6.1-sol + gpt-6.1-sol,gpt-6.1-sol / high + gpt-6.1-sol / low,pass,pass,,1376.721,1139130,0.6482376000000001
r50,P-solmed,rails-ar-bulk-access-grants,1,studio,kh-gpt,gpt-6.1-sol + gpt-6.1-sol,gpt-6.1-sol / high + gpt-6.1-sol / medium,pass,pass,,1384.536,1330382,0.6931048
r17,Pstar,rails-ar-bulk-access-grants,1,studio,kh-gpt,gpt-6-luna,low,fail,fail,,202.255,60728,
r27,advisor,rails-ar-bulk-access-grants,1,studio,kh-gpt,gpt-6-luna,low,fail,fail,,74.012,22397,
r23,agentic,rails-ar-bulk-access-grants,1,studio,kh-gpt,gpt-6-luna,low,fail,fail,,519.73,253758,
r17,bare,rails-ar-bulk-access-grants,1,studio,kh-gpt,gpt-6-luna,low,fail,fail,,97.881,26537,
r27,bare,rails-ar-bulk-access-grants,1,studio,kh-gpt,gpt-6-luna,low,fail,fail,,62.996,40850,
r48,cascade-contract,rails-ar-bulk-access-grants,1,studio,kh-gpt,gpt-6-luna,low,fail,fail,,384.711,37096,
r36,cheapswarm-bo5-lunahigh,rails-ar-bulk-access-grants,1,studio,kh-gpt,gpt-6-luna,low,fail,fail,,1293.458,703102,
r57b,default-tools,rails-ar-bulk-access-grants,1,studio,kh-gpt,gpt-6-luna,low,pass,pass,,386.277,303259,0.013796140000000004
r64c,kh-plan-shell-lunahigh,rails-ar-bulk-access-grants,1,studio,kh-gpt,gpt-6-luna + gpt-6.1-sol,gpt-6-luna / high + gpt-6.1-sol / high,pass,pass,,302.181,189976,0.0433843
r64,kh-plan-shell,rails-ar-bulk-access-grants,1,studio,kh-gpt,gpt-6-luna + gpt-6.1-sol,gpt-6-luna / xhigh + gpt-6.1-sol / high,pass,pass,,1126.333,940828,0.07537348
r64c,kh-plan-shell-solmedplan,rails-ar-bulk-access-grants,1,studio,kh-gpt,gpt-6-luna + gpt-6.1-sol,gpt-6-luna / xhigh + gpt-6.1-sol / medium,pass,pass,,656.119,1262164,0.06479382
r49,mc-contract,rails-ar-bulk-access-grants,1,studio,kh-gpt,gpt-6-luna + gpt-6.1-sol,gpt-6-luna / max + gpt-6.1-sol / high,pass,pass,,408.835,175808,0.13350686
r49,mc-review,rails-ar-bulk-access-grants,1,studio,kh-gpt,gpt-6-luna,gpt-6-luna / max,pass,pass,,862.223,799717,0.030853300000000004
r69,none,rails-ar-bulk-access-grants,1,studio,kh-gpt,gpt-6-luna,xhigh,pass,pass,,625.359,389285,
r30,packplan-review-lmax,rails-ar-bulk-access-grants,1,studio,kh-gpt,gpt-6-luna,low,pass,pass,,737.324,32837,
r30,packplan-review-sol,rails-ar-bulk-access-grants,1,studio,kh-gpt,gpt-6-luna,low,pass,pass,,547.594,224074,
r51,pl-approach-luna-low,rails-ar-bulk-access-grants,1,studio,kh-gpt,gpt-6-luna + gpt-6.1-sol,gpt-6-luna / low + gpt-6.1-sol / high,pass,pass,,290.232,89811,0.046412039999999995
r51,pl-approach-luna-max,rails-ar-bulk-access-grants,1,studio,kh-gpt,gpt-6-luna + gpt-6-luna + gpt-6.1-sol,gpt-6-luna / low + gpt-6-luna / xhigh + gpt-6.1-sol / high,pass,pass,,918.848,1427062,0.079401
r51,pl-approach-sol-low,rails-ar-bulk-access-grants,1,studio,kh-gpt,gpt-6-luna + gpt-6.1-sol + gpt-6.1-sol,gpt-6-luna / low + gpt-6.1-sol / high + gpt-6.1-sol / low,pass,pass,,449.594,151598,0.15544264000000002
r51,pl-criteria-luna-low,rails-ar-bulk-access-grants,1,studio,kh-gpt,gpt-6-luna + gpt-6.1-sol,gpt-6-luna / low + gpt-6.1-sol / high,pass,pass,,214.441,81280,0.02334004
r51,pl-criteria-luna-max,rails-ar-bulk-access-grants,1,studio,kh-gpt,gpt-6-luna + gpt-6-luna + gpt-6.1-sol,gpt-6-luna / low + gpt-6-luna / xhigh + gpt-6.1-sol / high,pass,pass,,974.917,850343,0.04780585999999999
r51,pl-criteria-sol-low,rails-ar-bulk-access-grants,1,studio,kh-gpt,gpt-6-luna + gpt-6.1-sol + gpt-6.1-sol,gpt-6-luna / low + gpt-6.1-sol / high + gpt-6.1-sol / low,pass,pass,,281.748,132259,0.08834472
r51,pl-none-luna-low,rails-ar-bulk-access-grants,1,studio,kh-gpt,gpt-6-luna,gpt-6-luna / low,fail,fail,,17.64,10303,0.0007115800000000002
r51,pl-none-luna-max,rails-ar-bulk-access-grants,1,studio,kh-gpt,gpt-6-luna,gpt-6-luna / xhigh,pass,pass,,387.532,481880,0.01677544
r51,pl-none-sol-low,rails-ar-bulk-access-grants,1,studio,kh-gpt,gpt-6.1-sol,gpt-6.1-sol / low,pass,pass,,80.397,35710,0.044416800000000006
r51,pl-steps-luna-low,rails-ar-bulk-access-grants,1,studio,kh-gpt,gpt-6-luna + gpt-6.1-sol,gpt-6-luna / low + gpt-6.1-sol / high,pass,pass,,436.066,222893,0.0570173
r51,pl-steps-luna-max,rails-ar-bulk-access-grants,1,studio,kh-gpt,gpt-6-luna + gpt-6-luna + gpt-6.1-sol,gpt-6-luna / low + gpt-6-luna / xhigh + gpt-6.1-sol / high,pass,pass,,699.906,870457,0.07269677999999999
r51,pl-steps-sol-low,rails-ar-bulk-access-grants,1,studio,kh-gpt,gpt-6-luna + gpt-6.1-sol + gpt-6.1-sol,gpt-6-luna / low + gpt-6.1-sol / high + gpt-6.1-sol / low,pass,pass,,399.048,203825,0.12554510000000002
r23,review-esc,rails-ar-bulk-access-grants,1,studio,kh-gpt,gpt-6-luna,low,pass,pass,,553.083,72327,
r29,review-only,rails-ar-bulk-access-grants,1,studio,kh-gpt,gpt-6-luna,low,fail,fail,,1119.314,61216,
r29,route-asrun,rails-ar-bulk-access-grants,1,studio,kh-gpt,gpt-6-luna,low,pass,pass,,547.16,111097,
r46,route-cascade,rails-ar-bulk-access-grants,1,studio,kh-gpt,gpt-6-luna,low,fail,fail,,435.68,60602,
r29,route-fixnoplan,rails-ar-bulk-access-grants,1,studio,kh-gpt,gpt-6-luna,low,fail,fail,,436.472,79007,
r47,route-jev,rails-ar-bulk-access-grants,1,studio,kh-gpt,gpt-6-luna,low,fail,fail,,370.064,97203,
r28,route-lmax,rails-ar-bulk-access-grants,1,studio,kh-gpt,gpt-6-luna,low,pass,pass,,1104.153,26490,
r26,route,rails-ar-bulk-access-grants,1,studio,kh-gpt,gpt-6-luna,low,pass,pass,,558.059,261791,
r45,route-v3,rails-ar-bulk-access-grants,1,studio,kh-gpt,gpt-6-luna,low,pass,pass,,430.707,109874,
r57b,shell-only,rails-ar-bulk-access-grants,1,studio,kh-gpt,gpt-6-luna,low,pass,pass,,358.085,265028,0.01275504
r56p2,B-ctx-ls,rails-ar-bulk-access-grants,10,studio,kh-gpt,gpt-6-luna,gpt-6-luna / xhigh,pass,pass,,416.608,553514,0.01752284
r56p2,B-ctx-none,rails-ar-bulk-access-grants,10,studio,kh-gpt,gpt-6-luna,gpt-6-luna / xhigh,fail,fail,,270.114,313670,0.012343960000000003
r56p2,B-ctx-pack,rails-ar-bulk-access-grants,10,studio,kh-gpt,gpt-6-luna + gpt-6-luna,gpt-6-luna / low + gpt-6-luna / xhigh,pass,pass,,825.092,747834,0.025281559999999998
r56c,P-noplan2,rails-ar-bulk-access-grants,10,studio,kh-gpt,gpt-6-luna + gpt-6.1-sol,gpt-6-luna / xhigh + gpt-6.1-sol / high,pass,pass,,1289.457,909793,0.43289078000000003
r57d,default-tools,rails-ar-bulk-access-grants,10,studio,kh-gpt,gpt-6-luna,low,fail,fail,,401.702,243786,0.009933400000000002
r57d,shell-only,rails-ar-bulk-access-grants,10,studio,kh-gpt,gpt-6-luna,low,pass,pass,,419.666,351837,0.01431034
r56p2,B-ctx-ls,rails-ar-bulk-access-grants,11,studio,kh-gpt,gpt-6-luna,gpt-6-luna / xhigh,pass,pass,,406.642,519731,0.01752534
r56p2,B-ctx-none,rails-ar-bulk-access-grants,11,studio,kh-gpt,gpt-6-luna,gpt-6-luna / xhigh,pass,pass,,442.269,392480,0.01622688
r56p2,B-ctx-pack,rails-ar-bulk-access-grants,11,studio,kh-gpt,gpt-6-luna + gpt-6-luna,gpt-6-luna / low + gpt-6-luna / xhigh,pass,pass,,584.249,441519,0.01865542
r56c,P-noplan2,rails-ar-bulk-access-grants,11,studio,kh-gpt,gpt-6-luna + gpt-6.1-sol,gpt-6-luna / xhigh + gpt-6.1-sol / high,pass,pass,,1410.719,1111862,0.46809085999999994
r57d,default-tools,rails-ar-bulk-access-grants,11,studio,kh-gpt,gpt-6-luna,low,pass,pass,,630.429,540539,0.016898620000000003
r57d,shell-only,rails-ar-bulk-access-grants,11,studio,kh-gpt,gpt-6-luna,low,pass,pass,,924.095,440219,0.018427739999999998
r56p2,B-ctx-ls,rails-ar-bulk-access-grants,12,studio,kh-gpt,gpt-6-luna,gpt-6-luna / xhigh,pass,pass,,475.432,364641,0.013672100000000001
r56p2,B-ctx-none,rails-ar-bulk-access-grants,12,studio,kh-gpt,gpt-6-luna,gpt-6-luna / xhigh,pass,pass,,455.302,522483,0.0213755
r56p2,B-ctx-pack,rails-ar-bulk-access-grants,12,studio,kh-gpt,gpt-6-luna + gpt-6-luna,gpt-6-luna / low + gpt-6-luna / xhigh,pass,pass,,564.534,519620,0.0227984
r56c,P-noplan2,rails-ar-bulk-access-grants,12,studio,kh-gpt,gpt-6-luna + gpt-6.1-sol,gpt-6-luna / xhigh + gpt-6.1-sol / high,pass,pass,,1384.314,946283,0.45403006
r57d,default-tools,rails-ar-bulk-access-grants,12,studio,kh-gpt,gpt-6-luna,low,pass,pass,,520.04,378937,0.014570180000000002
r57d,shell-only,rails-ar-bulk-access-grants,12,studio,kh-gpt,gpt-6-luna,low,pass,pass,,599.837,596981,0.022056179999999998
r57d,default-tools,rails-ar-bulk-access-grants,13,studio,kh-gpt,gpt-6-luna,low,pass,pass,,476.918,494504,0.019183280000000004
r57d,shell-only,rails-ar-bulk-access-grants,13,studio,kh-gpt,gpt-6-luna,low,pass,pass,,598.61,247850,0.012096039999999999
r57d,default-tools,rails-ar-bulk-access-grants,14,studio,kh-gpt,gpt-6-luna,low,pass,pass,,664.653,261666,0.014680120000000001
r57d,shell-only,rails-ar-bulk-access-grants,14,studio,kh-gpt,gpt-6-luna,low,pass,pass,,437.238,344239,0.014161900000000002
r57d,default-tools,rails-ar-bulk-access-grants,15,studio,kh-gpt,gpt-6-luna,low,pass,pass,,416.603,370163,0.0135543
r57d,shell-only,rails-ar-bulk-access-grants,15,studio,kh-gpt,gpt-6-luna,low,pass,pass,,460.773,350580,0.014253120000000001
r57d,default-tools,rails-ar-bulk-access-grants,16,studio,kh-gpt,gpt-6-luna,low,pass,pass,,470.493,673134,0.019643639999999997
r57d,shell-only,rails-ar-bulk-access-grants,16,studio,kh-gpt,gpt-6-luna,low,pass,pass,,420.113,433649,0.01567906
r56,B-ctx-ls,rails-ar-bulk-access-grants,2,studio,kh-gpt,gpt-6-luna,gpt-6-luna / xhigh,pass,pass,,774.581,774309,0.02281642
r56,B-ctx-none,rails-ar-bulk-access-grants,2,studio,kh-gpt,gpt-6-luna,gpt-6-luna / xhigh,pass,pass,,401.603,526907,0.016497900000000003
r56,B-ctx-pack,rails-ar-bulk-access-grants,2,studio,kh-gpt,gpt-6-luna + gpt-6-luna,gpt-6-luna / low + gpt-6-luna / xhigh,pass,pass,,360.241,235557,0.0115461
r56,P-full,rails-ar-bulk-access-grants,2,studio,kh-gpt,gpt-6-luna + gpt-6.1-sol,gpt-6-luna / xhigh + gpt-6.1-sol / high,pass,pass,,1397.789,2125831,0.5590986000000001
r50,P-lunamax,rails-ar-bulk-access-grants,2,studio,kh-gpt,gpt-6-luna + gpt-6.1-sol,gpt-6-luna / xhigh + gpt-6.1-sol / high,pass,pass,,1418.442,1391994,0.52764954
r56,P-nocontract,rails-ar-bulk-access-grants,2,studio,kh-gpt,gpt-6-luna + gpt-6.1-sol,gpt-6-luna / xhigh + gpt-6.1-sol / high,pass,pass,,1221.088,1212270,0.34755298
r56c,P-noplan2,rails-ar-bulk-access-grants,2,studio,kh-gpt,gpt-6-luna + gpt-6.1-sol,gpt-6-luna / xhigh + gpt-6.1-sol / high,pass,pass,,1213.098,795859,0.41988408
r56,P-noreview,rails-ar-bulk-access-grants,2,studio,kh-gpt,gpt-6-luna + gpt-6.1-sol,gpt-6-luna / xhigh + gpt-6.1-sol / high,pass,pass,,1565.869,2108618,0.41506102
r50,P-sollow,rails-ar-bulk-access-grants,2,studio,kh-gpt,gpt-6.1-sol + gpt-6.1-sol,gpt-6.1-sol / high + gpt-6.1-sol / low,pass,pass,,1984.144,1526699,0.9541515999999999
r50,P-solmed,rails-ar-bulk-access-grants,2,studio,kh-gpt,gpt-6.1-sol + gpt-6.1-sol,gpt-6.1-sol / high + gpt-6.1-sol / medium,pass,pass,,1714.838,1328165,0.7497572000000001
r17,Pstar,rails-ar-bulk-access-grants,2,studio,kh-gpt,gpt-6-luna,low,fail,fail,,234.802,87537,
r27,advisor,rails-ar-bulk-access-grants,2,studio,kh-gpt,gpt-6-luna,low,fail,fail,,74.535,23484,
r23,agentic,rails-ar-bulk-access-grants,2,studio,kh-gpt,gpt-6-luna,low,pass,pass,,511.582,98544,
r17,bare,rails-ar-bulk-access-grants,2,studio,kh-gpt,gpt-6-luna,low,fail,fail,,944.106,22582,
r27,bare,rails-ar-bulk-access-grants,2,studio,kh-gpt,gpt-6-luna,low,pass,pass,,73.085,32155,
r48,cascade-contract,rails-ar-bulk-access-grants,2,studio,kh-gpt,gpt-6-luna,low,fail,fail,,464.893,29942,
r48b,cascade-contract-v2,rails-ar-bulk-access-grants,2,studio,kh-gpt,gpt-6-luna + gpt-6.1-sol,gpt-6-luna / low + gpt-6.1-sol / high,pass,pass,,535.81,284926,0.24902812
r36,cheapswarm-bo5-lunahigh,rails-ar-bulk-access-grants,2,studio,kh-gpt,gpt-6-luna,low,pass,pass,,1057.248,291937,
r57b,default-tools,rails-ar-bulk-access-grants,2,studio,kh-gpt,gpt-6-luna,low,pass,pass,,327.817,239574,0.010684279999999999
r64c,kh-plan-shell-lunahigh,rails-ar-bulk-access-grants,2,studio,kh-gpt,gpt-6-luna + gpt-6.1-sol,gpt-6-luna / high + gpt-6.1-sol / high,pass,pass,,280.521,245569,0.0433051
r64,kh-plan-shell,rails-ar-bulk-access-grants,2,studio,kh-gpt,gpt-6-luna + gpt-6.1-sol,gpt-6-luna / xhigh + gpt-6.1-sol / high,fail,fail,,1549.351,3386226,0.10914118
r64c,kh-plan-shell-solmedplan,rails-ar-bulk-access-grants,2,studio,kh-gpt,gpt-6-luna + gpt-6.1-sol,gpt-6-luna / xhigh + gpt-6.1-sol / medium,pass,pass,,596.088,574767,0.05253558
r49,mc-review,rails-ar-bulk-access-grants,2,studio,kh-gpt,gpt-6-luna,gpt-6-luna / max,fail,fail,,881.643,785016,0.032550880000000004
r69,none,rails-ar-bulk-access-grants,2,studio,kh-gpt,gpt-6-luna,xhigh,pass,pass,,1072.628,1055965,
r30,packplan-review-lmax,rails-ar-bulk-access-grants,2,studio,kh-gpt,gpt-6-luna,low,pass,pass,,1224.296,399171,
r30,packplan-review-sol,rails-ar-bulk-access-grants,2,studio,kh-gpt,gpt-6-luna,low,pass,pass,,599.105,102157,
r51,pl-approach-luna-low,rails-ar-bulk-access-grants,2,studio,kh-gpt,gpt-6-luna + gpt-6.1-sol,gpt-6-luna / low + gpt-6.1-sol / high,pass,pass,,424.503,110864,0.04907704
r51,pl-approach-luna-max,rails-ar-bulk-access-grants,2,studio,kh-gpt,gpt-6-luna + gpt-6-luna + gpt-6.1-sol,gpt-6-luna / low + gpt-6-luna / xhigh + gpt-6.1-sol / high,pass,pass,,704.39,723501,0.06289924
r51,pl-approach-sol-low,rails-ar-bulk-access-grants,2,studio,kh-gpt,gpt-6-luna + gpt-6.1-sol + gpt-6.1-sol,gpt-6-luna / low + gpt-6.1-sol / high + gpt-6.1-sol / low,fail,fail,,544.261,198152,0.13919646000000002
r51,pl-criteria-luna-low,rails-ar-bulk-access-grants,2,studio,kh-gpt,gpt-6-luna + gpt-6.1-sol,gpt-6-luna / low + gpt-6.1-sol / high,fail,fail,,196.066,76058,0.02164938
r51,pl-criteria-luna-max,rails-ar-bulk-access-grants,2,studio,kh-gpt,gpt-6-luna + gpt-6-luna + gpt-6.1-sol,gpt-6-luna / low + gpt-6-luna / xhigh + gpt-6.1-sol / high,pass,pass,,685.081,1020278,0.04387978
r51,pl-criteria-sol-low,rails-ar-bulk-access-grants,2,studio,kh-gpt,gpt-6-luna + gpt-6.1-sol + gpt-6.1-sol,gpt-6-luna / low + gpt-6.1-sol / high + gpt-6.1-sol / low,pass,pass,,257.591,95255,0.08214922
r51,pl-none-luna-low,rails-ar-bulk-access-grants,2,studio,kh-gpt,gpt-6-luna,gpt-6-luna / low,fail,fail,,79.384,42919,0.00266262
r51,pl-none-luna-max,rails-ar-bulk-access-grants,2,studio,kh-gpt,gpt-6-luna,gpt-6-luna / xhigh,pass,pass,,544.253,361829,0.01266226
r51,pl-none-sol-low,rails-ar-bulk-access-grants,2,studio,kh-gpt,gpt-6.1-sol,gpt-6.1-sol / low,pass,pass,,129.613,48907,0.056433199999999996
r51,pl-steps-luna-low,rails-ar-bulk-access-grants,2,studio,kh-gpt,gpt-6-luna + gpt-6.1-sol,gpt-6-luna / low + gpt-6.1-sol / high,pass,pass,,448.229,123176,0.04961122
r51,pl-steps-luna-max,rails-ar-bulk-access-grants,2,studio,kh-gpt,gpt-6-luna + gpt-6-luna + gpt-6.1-sol,gpt-6-luna / low + gpt-6-luna / xhigh + gpt-6.1-sol / high,pass,pass,,1107.588,1560452,0.07931073999999999
r51,pl-steps-sol-low,rails-ar-bulk-access-grants,2,studio,kh-gpt,gpt-6-luna + gpt-6.1-sol + gpt-6.1-sol,gpt-6-luna / low + gpt-6.1-sol / high + gpt-6.1-sol / low,pass,pass,,544.299,289043,0.15121248
r23,review-esc,rails-ar-bulk-access-grants,2,studio,kh-gpt,gpt-6-luna,low,fail,fail,,620.338,57343,
r29,review-only,rails-ar-bulk-access-grants,2,studio,kh-gpt,gpt-6-luna,low,fail,fail,,459.301,86301,
r29,route-asrun,rails-ar-bulk-access-grants,2,studio,kh-gpt,gpt-6-luna,low,pass,pass,,407.958,64117,
r46,route-cascade,rails-ar-bulk-access-grants,2,studio,kh-gpt,gpt-6-luna,low,pass,pass,,1203.885,122325,
r29,route-fixnoplan,rails-ar-bulk-access-grants,2,studio,kh-gpt,gpt-6-luna,low,fail,fail,,434.962,132100,
r47,route-jev,rails-ar-bulk-access-grants,2,studio,kh-gpt,gpt-6-luna,low,fail,fail,,373.697,79489,
r28,route-lmax,rails-ar-bulk-access-grants,2,studio,kh-gpt,gpt-6-luna,low,pass,pass,,547.291,52734,
r26,route,rails-ar-bulk-access-grants,2,studio,kh-gpt,gpt-6-luna,low,pass,pass,,382.602,29230,
r45,route-v3,rails-ar-bulk-access-grants,2,studio,kh-gpt,gpt-6-luna,low,fail,fail,,357.841,73470,
r57b,shell-only,rails-ar-bulk-access-grants,2,studio,kh-gpt,gpt-6-luna,low,pass,pass,,461.849,478132,0.018862480000000004
r56p2,B-ctx-ls,rails-ar-bulk-access-grants,3,studio,kh-gpt,gpt-6-luna,gpt-6-luna / xhigh,pass,pass,,732.454,601177,0.01840106
r56p2,B-ctx-none,rails-ar-bulk-access-grants,3,studio,kh-gpt,gpt-6-luna,gpt-6-luna / xhigh,pass,pass,,278.663,259592,0.011213200000000003
r56p2,B-ctx-pack,rails-ar-bulk-access-grants,3,studio,kh-gpt,gpt-6-luna + gpt-6-luna,gpt-6-luna / low + gpt-6-luna / xhigh,pass,pass,,482.944,477186,0.019338599999999997
r50,P-lunamax,rails-ar-bulk-access-grants,3,studio,kh-gpt,gpt-6-luna + gpt-6.1-sol,gpt-6-luna / xhigh + gpt-6.1-sol / high,pass,pass,,1717.917,2531231,0.5785394199999999
r56c,P-noplan2,rails-ar-bulk-access-grants,3,studio,kh-gpt,gpt-6-luna + gpt-6.1-sol,gpt-6-luna / xhigh + gpt-6.1-sol / high,pass,pass,,1330.854,1308487,0.44208094
r50,P-sollow,rails-ar-bulk-access-grants,3,studio,kh-gpt,gpt-6.1-sol + gpt-6.1-sol,gpt-6.1-sol / high + gpt-6.1-sol / low,pass,pass,,1670.264,1324662,0.9067128
r50,P-solmed,rails-ar-bulk-access-grants,3,studio,kh-gpt,gpt-6.1-sol + gpt-6.1-sol,gpt-6.1-sol / high + gpt-6.1-sol / medium,fail,fail,,1765.719,1711335,1.0291755999999999
r17,Pstar,rails-ar-bulk-access-grants,3,studio,kh-gpt,gpt-6-luna,low,fail,fail,,262.552,79245,
r27,advisor,rails-ar-bulk-access-grants,3,studio,kh-gpt,gpt-6-luna,low,fail,fail,,88.079,43782,
r23,agentic,rails-ar-bulk-access-grants,3,studio,kh-gpt,gpt-6-luna,low,pass,pass,,497.462,124977,
r17,bare,rails-ar-bulk-access-grants,3,studio,kh-gpt,gpt-6-luna,low,fail,fail,,86.372,38225,
r27,bare,rails-ar-bulk-access-grants,3,studio,kh-gpt,gpt-6-luna,low,fail,fail,,77.613,20320,
r48,cascade-contract,rails-ar-bulk-access-grants,3,studio,kh-gpt,gpt-6-luna,low,fail,fail,,647.489,104346,
r48b,cascade-contract-v2,rails-ar-bulk-access-grants,3,studio,kh-gpt,gpt-6-luna + gpt-6.1-sol,gpt-6-luna / low + gpt-6.1-sol / high,pass,pass,,497.693,340789,0.20561252
r57b,default-tools,rails-ar-bulk-access-grants,3,studio,kh-gpt,gpt-6-luna,low,pass,pass,,682.889,460572,0.01707192
r64c,kh-plan-shell-lunahigh,rails-ar-bulk-access-grants,3,studio,kh-gpt,gpt-6-luna + gpt-6.1-sol,gpt-6-luna / high + gpt-6.1-sol / high,pass,pass,,308.759,232615,0.05060166
r64,kh-plan-shell,rails-ar-bulk-access-grants,3,studio,kh-gpt,gpt-6-luna + gpt-6.1-sol,gpt-6-luna / xhigh + gpt-6.1-sol / high,pass,pass,,1068.596,2613703,0.09219796
r64c,kh-plan-shell-solmedplan,rails-ar-bulk-access-grants,3,studio,kh-gpt,gpt-6-luna + gpt-6.1-sol,gpt-6-luna / xhigh + gpt-6.1-sol / medium,pass,pass,,1364.002,2144056,0.07653604
r49,mc-contract,rails-ar-bulk-access-grants,3,studio,kh-gpt,gpt-6-luna + gpt-6.1-sol,gpt-6-luna / max + gpt-6.1-sol / high,pass,pass,,1446.915,890034,0.2354284
r49,mc-review,rails-ar-bulk-access-grants,3,studio,kh-gpt,gpt-6-luna,gpt-6-luna / max,pass,pass,,1200.149,1141020,0.036776800000000005
r69,none,rails-ar-bulk-access-grants,3,studio,kh-gpt,gpt-6-luna,xhigh,pass,pass,,411.558,314699,
r30,packplan-review-lmax,rails-ar-bulk-access-grants,3,studio,kh-gpt,gpt-6-luna,low,pass,pass,,1485.607,211279,
r30,packplan-review-sol,rails-ar-bulk-access-grants,3,studio,kh-gpt,gpt-6-luna,low,pass,pass,,341.772,42832,
r23,review-esc,rails-ar-bulk-access-grants,3,studio,kh-gpt,gpt-6-luna,low,pass,pass,,532.807,41512,
r29,review-only,rails-ar-bulk-access-grants,3,studio,kh-gpt,gpt-6-luna,low,fail,fail,,325.295,86653,
r29,route-asrun,rails-ar-bulk-access-grants,3,studio,kh-gpt,gpt-6-luna,low,pass,pass,,421.554,33411,
r46,route-cascade,rails-ar-bulk-access-grants,3,studio,kh-gpt,gpt-6-luna,high,pass,pass,,1449.317,250357,
r29,route-fixnoplan,rails-ar-bulk-access-grants,3,studio,kh-gpt,gpt-6-luna,low,fail,fail,,345.452,44216,
r47,route-jev,rails-ar-bulk-access-grants,3,studio,kh-gpt,gpt-6-luna,low,fail,fail,,369.24,75779,
r28,route-lmax,rails-ar-bulk-access-grants,3,studio,kh-gpt,gpt-6-luna,low,fail,fail,,550.723,40540,
r26,route,rails-ar-bulk-access-grants,3,studio,kh-gpt,gpt-6-luna,low,pass,pass,,380.249,55797,
r45,route-v3,rails-ar-bulk-access-grants,3,studio,kh-gpt,gpt-6-luna,low,fail,fail,,473.41,114622,
r57b,shell-only,rails-ar-bulk-access-grants,3,studio,kh-gpt,gpt-6-luna,low,pass,pass,,442.783,357667,0.0140611
r56p2,B-ctx-ls,rails-ar-bulk-access-grants,4,studio,kh-gpt,gpt-6-luna,gpt-6-luna / xhigh,pass,pass,,380.6,488750,0.015115880000000003
r56p2,B-ctx-none,rails-ar-bulk-access-grants,4,studio,kh-gpt,gpt-6-luna,gpt-6-luna / xhigh,pass,pass,,340.404,306391,0.012973100000000001
r56p2,B-ctx-pack,rails-ar-bulk-access-grants,4,studio,kh-gpt,gpt-6-luna + gpt-6-luna,gpt-6-luna / low + gpt-6-luna / xhigh,pass,pass,,490.734,511096,0.019772400000000002
r56c,P-noplan2,rails-ar-bulk-access-grants,4,studio,kh-gpt,gpt-6-luna + gpt-6.1-sol,gpt-6-luna / xhigh + gpt-6.1-sol / high,pass,pass,,1348.78,1049559,0.39181960000000005
r17,Pstar,rails-ar-bulk-access-grants,4,studio,kh-gpt,gpt-6-luna,low,fail,fail,,213.506,88970,
r69,accept,rails-ar-bulk-access-grants,4,studio,kh-gpt,gpt-6-luna,xhigh,fail,fail,,592.353,618900,
r27,advisor,rails-ar-bulk-access-grants,4,studio,kh-gpt,gpt-6-luna,low,fail,fail,,66.016,28819,
r69,approach,rails-ar-bulk-access-grants,4,studio,kh-gpt,gpt-6-luna,xhigh,fail,fail,,515.511,399797,
r17,bare,rails-ar-bulk-access-grants,4,studio,kh-gpt,gpt-6-luna,low,fail,fail,,68.35,29499,
r27,bare,rails-ar-bulk-access-grants,4,studio,kh-gpt,gpt-6-luna,low,fail,fail,,80.143,30163,
r57b,default-tools,rails-ar-bulk-access-grants,4,studio,kh-gpt,gpt-6-luna,low,pass,pass,,313.854,355727,0.012482219999999999
r64b,kh-plan-shell,rails-ar-bulk-access-grants,4,studio,kh-gpt,gpt-6-luna + gpt-6.1-sol,gpt-6-luna / xhigh + gpt-6.1-sol / high,pass,pass,,650.263,1275755,0.06851952
r64e,kh-plan-shell-solmedplan,rails-ar-bulk-access-grants,4,studio,kh-gpt,gpt-6-luna,xhigh,pass,pass,,1007.629,2496029,
r69,none,rails-ar-bulk-access-grants,4,studio,kh-gpt,gpt-6-luna,xhigh,pass,pass,,503.061,606617,
r30,packplan-review-lmax,rails-ar-bulk-access-grants,4,studio,kh-gpt,gpt-6-luna,low,pass,pass,,596.248,28036,
r30,packplan-review-sol,rails-ar-bulk-access-grants,4,studio,kh-gpt,gpt-6-luna,low,pass,pass,,405.225,35623,
r23,review-esc,rails-ar-bulk-access-grants,4,studio,kh-gpt,gpt-6-luna,low,pass,pass,,518.976,44131,
r29,review-only,rails-ar-bulk-access-grants,4,studio,kh-gpt,gpt-6-luna,low,fail,fail,,359.359,52975,
r29,route-asrun,rails-ar-bulk-access-grants,4,studio,kh-gpt,gpt-6-luna,low,pass,pass,,371.591,34347,
r29,route-fixnoplan,rails-ar-bulk-access-grants,4,studio,kh-gpt,gpt-6-luna,low,fail,fail,,448.283,93870,
r26,route,rails-ar-bulk-access-grants,4,studio,kh-gpt,gpt-6-luna,low,pass,pass,,498.185,65708,
r57b,shell-only,rails-ar-bulk-access-grants,4,studio,kh-gpt,gpt-6-luna,low,fail,fail,,467.939,545782,0.02028348
r69,spec,rails-ar-bulk-access-grants,4,studio,kh-gpt,gpt-6-luna,xhigh,fail,fail,,485.855,450831,
r56p2,B-ctx-ls,rails-ar-bulk-access-grants,5,studio,kh-gpt,gpt-6-luna,gpt-6-luna / xhigh,pass,pass,,419.631,402460,0.014844159999999999
r56p2,B-ctx-none,rails-ar-bulk-access-grants,5,studio,kh-gpt,gpt-6-luna,gpt-6-luna / xhigh,pass,pass,,639.996,416201,0.01463018
r56p2,B-ctx-pack,rails-ar-bulk-access-grants,5,studio,kh-gpt,gpt-6-luna + gpt-6-luna,gpt-6-luna / low + gpt-6-luna / xhigh,pass,pass,,514.166,310658,0.014095799999999999
r56c,P-noplan2,rails-ar-bulk-access-grants,5,studio,kh-gpt,gpt-6-luna + gpt-6.1-sol,gpt-6-luna / xhigh + gpt-6.1-sol / high,pass,pass,,1104.377,992590,0.42091959999999995
r17,Pstar,rails-ar-bulk-access-grants,5,studio,kh-gpt,gpt-6-luna,low,fail,fail,,222.374,52148,
r27,advisor,rails-ar-bulk-access-grants,5,studio,kh-gpt,gpt-6-luna,low,fail,fail,,88.598,43489,
r23,agentic,rails-ar-bulk-access-grants,5,studio,kh-gpt,gpt-6-luna,low,fail,fail,,536.113,67044,
r17,bare,rails-ar-bulk-access-grants,5,studio,kh-gpt,gpt-6-luna,low,fail,fail,,96.508,46733,
r27,bare,rails-ar-bulk-access-grants,5,studio,kh-gpt,gpt-6-luna,low,fail,fail,,55.971,33783,
r57b,default-tools,rails-ar-bulk-access-grants,5,studio,kh-gpt,gpt-6-luna,low,pass,pass,,685.758,600214,0.01716588
r64b,kh-plan-shell,rails-ar-bulk-access-grants,5,studio,kh-gpt,gpt-6-luna + gpt-6.1-sol,gpt-6-luna / xhigh + gpt-6.1-sol / high,pass,pass,,878.3,1282058,0.07427418
r64e,kh-plan-shell-solmedplan,rails-ar-bulk-access-grants,5,studio,kh-gpt,gpt-6-luna,xhigh,fail,fail,,720.206,1068469,
r30,packplan-review-lmax,rails-ar-bulk-access-grants,5,studio,kh-gpt,gpt-6-luna,low,fail,fail,,998.068,92162,
r30,packplan-review-sol,rails-ar-bulk-access-grants,5,studio,kh-gpt,gpt-6-luna,low,pass,pass,,472.575,65821,
r23,review-esc,rails-ar-bulk-access-grants,5,studio,kh-gpt,gpt-6-luna,low,pass,pass,,517.515,51096,
r29,review-only,rails-ar-bulk-access-grants,5,studio,kh-gpt,gpt-6-luna,low,fail,fail,,371.511,66133,
r29,route-asrun,rails-ar-bulk-access-grants,5,studio,kh-gpt,gpt-6-luna,low,pass,pass,,407.026,32156,
r29,route-fixnoplan,rails-ar-bulk-access-grants,5,studio,kh-gpt,gpt-6-luna,low,fail,fail,,400.358,84608,
r28,route-lmax,rails-ar-bulk-access-grants,5,studio,kh-gpt,gpt-6-luna,low,pass,pass,,912.083,85457,
r26,route,rails-ar-bulk-access-grants,5,studio,kh-gpt,gpt-6-luna,low,pass,pass,,624.181,136666,
r57b,shell-only,rails-ar-bulk-access-grants,5,studio,kh-gpt,gpt-6-luna,low,pass,pass,,292.711,200088,0.01184776
r56p2,B-ctx-ls,rails-ar-bulk-access-grants,6,studio,kh-gpt,gpt-6-luna,gpt-6-luna / xhigh,pass,pass,,463.872,533137,0.01802034
r56p2,B-ctx-none,rails-ar-bulk-access-grants,6,studio,kh-gpt,gpt-6-luna,gpt-6-luna / xhigh,pass,pass,,526.622,506406,0.018999560000000002
r56p2,B-ctx-pack,rails-ar-bulk-access-grants,6,studio,kh-gpt,gpt-6-luna + gpt-6-luna,gpt-6-luna / low + gpt-6-luna / xhigh,pass,pass,,368.609,320278,0.013983160000000003
r56c,P-noplan2,rails-ar-bulk-access-grants,6,studio,kh-gpt,gpt-6-luna + gpt-6.1-sol,gpt-6-luna / xhigh + gpt-6.1-sol / high,pass,pass,,1490.482,1712885,0.58184364
r57b,default-tools,rails-ar-bulk-access-grants,6,studio,kh-gpt,gpt-6-luna,low,pass,pass,,467.884,786453,0.021896580000000002
r57b,shell-only,rails-ar-bulk-access-grants,6,studio,kh-gpt,gpt-6-luna,low,pass,pass,,283.287,181371,0.010276460000000001
r56p2,B-ctx-ls,rails-ar-bulk-access-grants,7,studio,kh-gpt,gpt-6-luna,gpt-6-luna / xhigh,pass,pass,,443.722,483400,0.015045759999999997
r56p2,B-ctx-none,rails-ar-bulk-access-grants,7,studio,kh-gpt,gpt-6-luna,gpt-6-luna / xhigh,pass,pass,,567.679,987387,0.028494220000000008
r56p2,B-ctx-pack,rails-ar-bulk-access-grants,7,studio,kh-gpt,gpt-6-luna + gpt-6-luna,gpt-6-luna / low + gpt-6-luna / xhigh,pass,pass,,435.904,470118,0.01841212
r56c,P-noplan2,rails-ar-bulk-access-grants,7,studio,kh-gpt,gpt-6-luna + gpt-6.1-sol,gpt-6-luna / xhigh + gpt-6.1-sol / high,pass,pass,,1269.933,1024658,0.45791084000000004
r57b,default-tools,rails-ar-bulk-access-grants,7,studio,kh-gpt,gpt-6-luna,low,pass,pass,,490.103,359517,0.014521540000000001
r57b,shell-only,rails-ar-bulk-access-grants,7,studio,kh-gpt,gpt-6-luna,low,pass,pass,,465.346,345570,0.013217000000000003
r56p2,B-ctx-ls,rails-ar-bulk-access-grants,8,studio,kh-gpt,gpt-6-luna,gpt-6-luna / xhigh,pass,pass,,575.747,742619,0.020072459999999997
r56p2,B-ctx-none,rails-ar-bulk-access-grants,8,studio,kh-gpt,gpt-6-luna,gpt-6-luna / xhigh,pass,pass,,522.588,538161,0.01844074
r56p2,B-ctx-pack,rails-ar-bulk-access-grants,8,studio,kh-gpt,gpt-6-luna + gpt-6-luna,gpt-6-luna / low + gpt-6-luna / xhigh,fail,fail,,607.355,335773,0.01544434
r56c,P-noplan2,rails-ar-bulk-access-grants,8,studio,kh-gpt,gpt-6-luna + gpt-6.1-sol,gpt-6-luna / xhigh + gpt-6.1-sol / high,pass,pass,,1269.424,962392,0.4249408
r57b,default-tools,rails-ar-bulk-access-grants,8,studio,kh-gpt,gpt-6-luna,low,pass,pass,,630.362,548027,0.018274699999999998
r57b,shell-only,rails-ar-bulk-access-grants,8,studio,kh-gpt,gpt-6-luna,low,pass,pass,,707.781,673360,0.02154408
r56p2,B-ctx-ls,rails-ar-bulk-access-grants,9,studio,kh-gpt,gpt-6-luna,gpt-6-luna / xhigh,pass,pass,,460.372,392008,0.01521408
r56p2,B-ctx-none,rails-ar-bulk-access-grants,9,studio,kh-gpt,gpt-6-luna,gpt-6-luna / xhigh,pass,pass,,513.542,673533,0.02321218
r56p2,B-ctx-pack,rails-ar-bulk-access-grants,9,studio,kh-gpt,gpt-6-luna + gpt-6-luna,gpt-6-luna / low + gpt-6-luna / xhigh,pass,pass,,924.739,497129,0.020517140000000003
r56c,P-noplan2,rails-ar-bulk-access-grants,9,studio,kh-gpt,gpt-6-luna + gpt-6.1-sol,gpt-6-luna / xhigh + gpt-6.1-sol / high,pass,pass,,948.231,713748,0.3248467
r57d,default-tools,rails-ar-bulk-access-grants,9,studio,kh-gpt,gpt-6-luna,low,pass,pass,,491.937,628943,0.020622539999999998
r57d,shell-only,rails-ar-bulk-access-grants,9,studio,kh-gpt,gpt-6-luna,low,pass,pass,,291.287,189501,0.00990114
r64d,kh-plan-shell,rails-ar-erase-account,1,studio,kh-gpt,gpt-6-luna,xhigh,fail,fail,,1108.238,2821783,
r53,P-lunamax,rails-ar-erase-account,2,studio,kh-gpt,gpt-6-luna + gpt-6.1-sol,gpt-6-luna / xhigh + gpt-6.1-sol / high,pass,pass,,1986.727,2983601,0.6331935599999999
r53,P-lunamax,rails-ar-erase-account,3,studio,kh-gpt,gpt-6-luna + gpt-6.1-sol,gpt-6-luna / xhigh + gpt-6.1-sol / high,pass,pass,,1977.399,3495655,0.6586265600000001
r64d,kh-plan-shell,rails-ar-erase-account,3,studio,kh-gpt,gpt-6-luna,xhigh,fail,fail,,916.03,2527642,
r53b,P-lunamax,rails-ar-erase-account,4,studio,kh-gpt,gpt-6-luna,xhigh,pass,pass,,2231.454,2308546,
r64d,kh-plan-shell,rails-ar-erase-account,4,studio,kh-gpt,gpt-6-luna,xhigh,fail,fail,,839.097,1781834,
r53b,P-lunamax,rails-ar-erase-account,5,studio,kh-gpt,gpt-6-luna,xhigh,pass,pass,,1984.343,1695014,
r64d,kh-plan-shell,rails-ar-erase-account,5,studio,kh-gpt,gpt-6-luna,xhigh,fail,fail,,1561.773,2433059,
r53b,P-lunamax,rails-ar-erase-account,6,studio,kh-gpt,gpt-6-luna,xhigh,pass,pass,,2403.494,2693010,
r64d,kh-plan-shell,rails-ar-tenant-isolation,1,studio,kh-gpt,gpt-6-luna,xhigh,pass,pass,,884.898,1211332,
r64d,kh-plan-shell,rails-ar-tenant-isolation,2,studio,kh-gpt,gpt-6-luna,xhigh,pass,pass,,790.777,1434717,
r64d,kh-plan-shell,rails-ar-tenant-isolation,3,studio,kh-gpt,gpt-6-luna,xhigh,pass,pass,,567.569,1116373,
r53b,P-lunamax,rails-ar-tenant-isolation,4,studio,kh-gpt,gpt-6-luna,xhigh,pass,pass,,2180.26,1465157,
r64d,kh-plan-shell,rails-ar-tenant-isolation,4,studio,kh-gpt,gpt-6-luna,xhigh,pass,pass,,898.653,910097,
r53b,P-lunamax,rails-ar-tenant-isolation,5,studio,kh-gpt,gpt-6-luna,xhigh,pass,pass,,2206.379,1999789,
r64d,kh-plan-shell,rails-ar-tenant-isolation,5,studio,kh-gpt,gpt-6-luna,xhigh,pass,pass,,993.475,2098963,
r53b,P-lunamax,rails-ar-tenant-isolation,6,studio,kh-gpt,gpt-6-luna,xhigh,pass,pass,,1992.749,1339183,
r56,B-ctx-ls,rails-as-variant-processed-once,1,studio,kh-gpt,gpt-6-luna,gpt-6-luna / xhigh,fail,fail,,588.371,1590903,0.03203637999999999
r56,B-ctx-none,rails-as-variant-processed-once,1,studio,kh-gpt,gpt-6-luna,gpt-6-luna / xhigh,fail,fail,,594.578,2276441,0.04050282
r56,B-ctx-pack,rails-as-variant-processed-once,1,studio,kh-gpt,gpt-6-luna + gpt-6-luna,gpt-6-luna / low + gpt-6-luna / xhigh,pass,pass,,429.696,926792,0.02581256
r13,B3,rails-as-variant-processed-once,1,studio,kh-gpt,gpt-6-luna,low,fail,fail,,68.273,75418,
r56,P-full,rails-as-variant-processed-once,1,studio,kh-gpt,gpt-6-luna + gpt-6.1-sol,gpt-6-luna / xhigh + gpt-6.1-sol / high,pass,pass,,2567.075,3025377,0.6230137200000001
r56b,P-full,rails-as-variant-processed-once,1,studio,kh-gpt,gpt-6-luna + gpt-6.1-sol,gpt-6-luna / xhigh + gpt-6.1-sol / high,pass,pass,,1755.853,2403999,0.57498036
r56b,P-full,rails-as-variant-processed-once,1,studio,kh-gpt,gpt-6-luna + gpt-6.1-sol,gpt-6-luna / xhigh + gpt-6.1-sol / high,pass,pass,,2402.0,2084927,0.6278648
r56b,P-full,rails-as-variant-processed-once,1,studio,kh-gpt,gpt-6-luna + gpt-6.1-sol,gpt-6-luna / xhigh + gpt-6.1-sol / high,pass,pass,,1602.707,2177980,0.50699576
r56b,P-full,rails-as-variant-processed-once,1,studio,kh-gpt,gpt-6-luna + gpt-6.1-sol,gpt-6-luna / xhigh + gpt-6.1-sol / high,pass,pass,,1736.077,1827963,0.50711378
r56b,P-full,rails-as-variant-processed-once,1,studio,kh-gpt,gpt-6-luna + gpt-6.1-sol,gpt-6-luna / xhigh + gpt-6.1-sol / high,pass,pass,,1326.472,1713165,0.5061694
r56b,P-full,rails-as-variant-processed-once,1,studio,kh-gpt,gpt-6-luna + gpt-6.1-sol,gpt-6-luna / xhigh + gpt-6.1-sol / high,pass,pass,,1394.473,1918169,0.48191053999999994
r56b,P-full,rails-as-variant-processed-once,1,studio,kh-gpt,gpt-6-luna + gpt-6.1-sol,gpt-6-luna / xhigh + gpt-6.1-sol / high,pass,pass,,1740.811,2356947,0.5561663800000001
r56b,P-full,rails-as-variant-processed-once,1,studio,kh-gpt,gpt-6-luna + gpt-6.1-sol,gpt-6-luna / xhigh + gpt-6.1-sol / high,pass,pass,,1472.29,2144287,0.50986886
r56b,P-full,rails-as-variant-processed-once,1,studio,kh-gpt,gpt-6-luna + gpt-6.1-sol,gpt-6-luna / xhigh + gpt-6.1-sol / high,pass,pass,,1502.024,2042330,0.5329041400000001
r50,P-lunamax,rails-as-variant-processed-once,1,studio,kh-gpt,gpt-6-luna + gpt-6.1-sol,gpt-6-luna / xhigh + gpt-6.1-sol / high,pass,pass,,1665.143,1809781,0.5156957600000001
r56,P-nocontract,rails-as-variant-processed-once,1,studio,kh-gpt,gpt-6-luna + gpt-6.1-sol,gpt-6-luna / xhigh + gpt-6.1-sol / high,pass,pass,,1033.971,1287468,0.36584706
r56b,P-nocontract,rails-as-variant-processed-once,1,studio,kh-gpt,gpt-6-luna + gpt-6.1-sol,gpt-6-luna / xhigh + gpt-6.1-sol / high,pass,pass,,1035.975,1543224,0.30641794
r56b,P-nocontract,rails-as-variant-processed-once,1,studio,kh-gpt,gpt-6-luna + gpt-6.1-sol,gpt-6-luna / xhigh + gpt-6.1-sol / high,pass,pass,,978.491,1904770,0.38915116
r56b,P-nocontract,rails-as-variant-processed-once,1,studio,kh-gpt,gpt-6-luna + gpt-6.1-sol,gpt-6-luna / xhigh + gpt-6.1-sol / high,pass,pass,,968.597,1434555,0.35411166000000005
r56b,P-nocontract,rails-as-variant-processed-once,1,studio,kh-gpt,gpt-6-luna + gpt-6.1-sol,gpt-6-luna / xhigh + gpt-6.1-sol / high,pass,pass,,1096.845,1682296,0.40574218
r56b,P-nocontract,rails-as-variant-processed-once,1,studio,kh-gpt,gpt-6-luna + gpt-6.1-sol,gpt-6-luna / xhigh + gpt-6.1-sol / high,pass,pass,,1032.561,1593712,0.36641264
r56b,P-nocontract,rails-as-variant-processed-once,1,studio,kh-gpt,gpt-6-luna + gpt-6.1-sol,gpt-6-luna / xhigh + gpt-6.1-sol / high,pass,pass,,856.117,1395764,0.3460469
r56b,P-nocontract,rails-as-variant-processed-once,1,studio,kh-gpt,gpt-6-luna + gpt-6.1-sol,gpt-6-luna / xhigh + gpt-6.1-sol / high,pass,pass,,1124.911,1788443,0.33391891999999995
r56b,P-nocontract,rails-as-variant-processed-once,1,studio,kh-gpt,gpt-6-luna + gpt-6.1-sol,gpt-6-luna / xhigh + gpt-6.1-sol / high,pass,pass,,958.367,1737983,0.38012088
r56b,P-nocontract,rails-as-variant-processed-once,1,studio,kh-gpt,gpt-6-luna + gpt-6.1-sol,gpt-6-luna / xhigh + gpt-6.1-sol / high,pass,pass,,1035.666,1534927,0.3247727
r56b,P-nocontract,rails-as-variant-processed-once,1,studio,kh-gpt,gpt-6-luna + gpt-6.1-sol,gpt-6-luna / xhigh + gpt-6.1-sol / high,pass,pass,,1063.427,1693821,0.3621068
r56,P-noctx,rails-as-variant-processed-once,1,studio,kh-gpt,gpt-6-luna,xhigh,pass,pass,,1075.796,3999672,
r56b,P-noctx2,rails-as-variant-processed-once,1,studio,kh-gpt,gpt-6-luna + gpt-6.1-sol,gpt-6-luna / xhigh + gpt-6.1-sol / high,pass,pass,,2238.316,4088254,0.39322938
r56b,P-noctx2,rails-as-variant-processed-once,1,studio,kh-gpt,gpt-6-luna + gpt-6.1-sol,gpt-6-luna / xhigh + gpt-6.1-sol / high,pass,pass,,1946.787,2779720,0.38313343999999994
r56b,P-noctx2,rails-as-variant-processed-once,1,studio,kh-gpt,gpt-6-luna + gpt-6.1-sol,gpt-6-luna / xhigh + gpt-6.1-sol / high,pass,pass,,2013.479,3702310,0.39728692
r56b,P-noctx2,rails-as-variant-processed-once,1,studio,kh-gpt,gpt-6-luna + gpt-6.1-sol,gpt-6-luna / xhigh + gpt-6.1-sol / high,pass,pass,,1835.3,3763450,0.3318249
r56b,P-noctx2,rails-as-variant-processed-once,1,studio,kh-gpt,gpt-6-luna + gpt-6.1-sol,gpt-6-luna / xhigh + gpt-6.1-sol / high,pass,pass,,1657.537,3704833,0.32152502
r56b,P-noctx2,rails-as-variant-processed-once,1,studio,kh-gpt,gpt-6-luna + gpt-6.1-sol,gpt-6-luna / xhigh + gpt-6.1-sol / high,pass,pass,,1515.561,3683029,0.35053338
r56b,P-noctx2,rails-as-variant-processed-once,1,studio,kh-gpt,gpt-6-luna + gpt-6.1-sol,gpt-6-luna / xhigh + gpt-6.1-sol / high,pass,pass,,1782.182,3490725,0.31746672
r56b,P-noctx2,rails-as-variant-processed-once,1,studio,kh-gpt,gpt-6-luna + gpt-6.1-sol,gpt-6-luna / xhigh + gpt-6.1-sol / high,pass,pass,,1803.073,2904544,0.36750556
r56b,P-noctx2,rails-as-variant-processed-once,1,studio,kh-gpt,gpt-6-luna + gpt-6.1-sol,gpt-6-luna / xhigh + gpt-6.1-sol / high,pass,pass,,1727.25,2706193,0.35590158000000005
r56d,P-noctx2,rails-as-variant-processed-once,1,studio,kh-gpt,gpt-6-luna + gpt-6.1-sol,gpt-6-luna / xhigh + gpt-6.1-sol / high,pass,pass,,1635.342,3441900,0.35568554
r56c,P-noplan2,rails-as-variant-processed-once,1,studio,kh-gpt,gpt-6-luna + gpt-6.1-sol,gpt-6-luna / xhigh + gpt-6.1-sol / high,pass,pass,,923.945,1130485,0.32870978
r56,P-noreview,rails-as-variant-processed-once,1,studio,kh-gpt,gpt-6-luna + gpt-6.1-sol,gpt-6-luna / xhigh + gpt-6.1-sol / high,pass,pass,,1237.848,1307860,0.4406364
r56b,P-noreview,rails-as-variant-processed-once,1,studio,kh-gpt,gpt-6-luna + gpt-6.1-sol,gpt-6-luna / xhigh + gpt-6.1-sol / high,pass,pass,,1252.566,1592340,0.41888307999999996
r56b,P-noreview,rails-as-variant-processed-once,1,studio,kh-gpt,gpt-6-luna + gpt-6.1-sol,gpt-6-luna / xhigh + gpt-6.1-sol / high,pass,pass,,1469.902,2108661,0.6062559399999999
r56b,P-noreview,rails-as-variant-processed-once,1,studio,kh-gpt,gpt-6-luna + gpt-6.1-sol,gpt-6-luna / xhigh + gpt-6.1-sol / high,pass,pass,,1318.729,1603276,0.40961249999999993
r56b,P-noreview,rails-as-variant-processed-once,1,studio,kh-gpt,gpt-6-luna + gpt-6.1-sol,gpt-6-luna / xhigh + gpt-6.1-sol / high,pass,pass,,2050.237,3493834,0.5348952
r56b,P-noreview,rails-as-variant-processed-once,1,studio,kh-gpt,gpt-6-luna + gpt-6.1-sol,gpt-6-luna / xhigh + gpt-6.1-sol / high,pass,pass,,1054.237,2033587,0.63901686
r56b,P-noreview,rails-as-variant-processed-once,1,studio,kh-gpt,gpt-6-luna + gpt-6.1-sol,gpt-6-luna / xhigh + gpt-6.1-sol / high,pass,pass,,1345.029,1852986,0.5052456000000001
r56b,P-noreview,rails-as-variant-processed-once,1,studio,kh-gpt,gpt-6-luna + gpt-6.1-sol,gpt-6-luna / xhigh + gpt-6.1-sol / high,pass,pass,,1346.622,1660729,0.40849325999999997
r56b,P-noreview,rails-as-variant-processed-once,1,studio,kh-gpt,gpt-6-luna + gpt-6.1-sol,gpt-6-luna / xhigh + gpt-6.1-sol / high,pass,pass,,1474.552,2224651,0.5372231
r56b,P-noreview,rails-as-variant-processed-once,1,studio,kh-gpt,gpt-6-luna + gpt-6.1-sol,gpt-6-luna / xhigh + gpt-6.1-sol / high,pass,pass,,1097.784,1595544,0.38635298
r56b,P-noreview,rails-as-variant-processed-once,1,studio,kh-gpt,gpt-6-luna + gpt-6.1-sol,gpt-6-luna / xhigh + gpt-6.1-sol / high,pass,pass,,1250.132,1939405,0.5431292200000001
r50,P-sollow,rails-as-variant-processed-once,1,studio,kh-gpt,gpt-6.1-sol + gpt-6.1-sol,gpt-6.1-sol / high + gpt-6.1-sol / low,pass,pass,,1335.634,1220472,0.5829920000000001
r50,P-solmed,rails-as-variant-processed-once,1,studio,kh-gpt,gpt-6.1-sol + gpt-6.1-sol,gpt-6.1-sol / high + gpt-6.1-sol / medium,fail,fail,,2417.833,2275735,0.8870364000000001
r18,Pstar-pack-repro,rails-as-variant-processed-once,1,studio,kh-gpt,gpt-6-luna,low,fail,fail,,410.853,369318,
r18,Pstar-repro,rails-as-variant-processed-once,1,studio,kh-gpt,gpt-6-luna,low,fail,fail,,192.099,121818,
r27,advisor,rails-as-variant-processed-once,1,studio,kh-gpt,gpt-6-luna,low,fail,fail,,57.977,80222,
r40,agentic-contract-exec-sol,rails-as-variant-processed-once,1,studio,kh-gpt,gpt-6-luna,low,pass,pass,,762.162,48699,
r35,agentic30-execreview-sol,rails-as-variant-processed-once,1,studio,kh-gpt,gpt-6-luna,low,pass,pass,,2074.139,189962,
r32b,agentic30-repro-review-sol,rails-as-variant-processed-once,1,studio,kh-gpt,gpt-6-luna,low,pass,pass,,817.509,202257,
r13,bare,rails-as-variant-processed-once,1,studio,kh-gpt,gpt-6-luna,low,fail,fail,,34.14,63925,
r18,bare,rails-as-variant-processed-once,1,studio,kh-gpt,gpt-6-luna,low,fail,fail,,116.443,124706,
r27,bare,rails-as-variant-processed-once,1,studio,kh-gpt,gpt-6-luna,low,fail,fail,,63.486,141772,
r48,cascade-contract,rails-as-variant-processed-once,1,studio,kh-gpt,gpt-6-luna,low,pass,pass,,1175.443,641331,
r37c,contract-review-sol,rails-as-variant-processed-once,1,studio,kh-gpt,gpt-6-luna,low,fail,fail,,1173.022,875614,
r37,debate-packplan-review,rails-as-variant-processed-once,1,studio,kh-gpt,gpt-6-luna,low,fail,fail,,2084.965,595843,
r57b,default-tools,rails-as-variant-processed-once,1,studio,kh-gpt,gpt-6-luna,low,pass,pass,,629.132,1846948,0.03483464000000001
r64c,kh-plan-shell-lunahigh,rails-as-variant-processed-once,1,studio,kh-gpt,gpt-6-luna + gpt-6.1-sol,gpt-6-luna / high + gpt-6.1-sol / high,pass,pass,,502.373,903872,0.06313266
r64,kh-plan-shell,rails-as-variant-processed-once,1,studio,kh-gpt,gpt-6-luna + gpt-6.1-sol,gpt-6-luna / xhigh + gpt-6.1-sol / high,pass,pass,,929.268,2152484,0.08444798
r64c,kh-plan-shell-solmedplan,rails-as-variant-processed-once,1,studio,kh-gpt,gpt-6-luna + gpt-6.1-sol,gpt-6-luna / xhigh + gpt-6.1-sol / medium,pass,pass,,806.656,2073017,0.07624927999999999
r49,mc-contract,rails-as-variant-processed-once,1,studio,kh-gpt,gpt-6-luna + gpt-6.1-sol,gpt-6-luna / max + gpt-6.1-sol / high,pass,pass,,570.207,1043987,0.16085353999999996
r69,none,rails-as-variant-processed-once,1,studio,kh-gpt,gpt-6-luna,xhigh,fail,fail,,473.346,624636,
r18,p25,rails-as-variant-processed-once,1,studio,kh-gpt,gpt-6-luna,low,fail,fail,,92.842,68203,
r30,packplan-review-lmax,rails-as-variant-processed-once,1,studio,kh-gpt,gpt-6-luna,low,fail,fail,,1045.028,1075778,
r30,packplan-review-sol,rails-as-variant-processed-once,1,studio,kh-gpt,gpt-6-luna,low,fail,fail,,368.133,40632,
r51,pl-approach-luna-low,rails-as-variant-processed-once,1,studio,kh-gpt,gpt-6-luna + gpt-6.1-sol,gpt-6-luna / low + gpt-6.1-sol / high,pass,pass,,287.933,94149,0.04828222
r51,pl-approach-sol-low,rails-as-variant-processed-once,1,studio,kh-gpt,gpt-6-luna + gpt-6.1-sol + gpt-6.1-sol,gpt-6-luna / low + gpt-6.1-sol / high + gpt-6.1-sol / low,pass,pass,,515.467,536775,0.20820582
r51,pl-criteria-luna-low,rails-as-variant-processed-once,1,studio,kh-gpt,gpt-6-luna + gpt-6.1-sol,gpt-6-luna / low + gpt-6.1-sol / high,fail,fail,,195.79,197962,0.026644300000000003
r51,pl-criteria-luna-max,rails-as-variant-processed-once,1,studio,kh-gpt,gpt-6-luna + gpt-6-luna + gpt-6.1-sol,gpt-6-luna / low + gpt-6-luna / xhigh + gpt-6.1-sol / high,fail,fail,,969.827,2657456,0.06921276000000001
r51,pl-criteria-sol-low,rails-as-variant-processed-once,1,studio,kh-gpt,gpt-6-luna + gpt-6.1-sol + gpt-6.1-sol,gpt-6-luna / low + gpt-6.1-sol / high + gpt-6.1-sol / low,pass,pass,,362.173,213573,0.11453322000000002
r51,pl-none-luna-low,rails-as-variant-processed-once,1,studio,kh-gpt,gpt-6-luna,gpt-6-luna / low,fail,fail,,34.213,82472,0.0026752
r51,pl-none-luna-max,rails-as-variant-processed-once,1,studio,kh-gpt,gpt-6-luna,gpt-6-luna / xhigh,pass,pass,,489.98,1883223,0.03418942000000002
r51,pl-none-sol-low,rails-as-variant-processed-once,1,studio,kh-gpt,gpt-6.1-sol,gpt-6.1-sol / low,pass,pass,,106.47,62720,0.0560944
r51,pl-steps-luna-low,rails-as-variant-processed-once,1,studio,kh-gpt,gpt-6-luna + gpt-6.1-sol,gpt-6-luna / low + gpt-6.1-sol / high,fail,fail,,290.677,92555,0.052822
r51,pl-steps-luna-max,rails-as-variant-processed-once,1,studio,kh-gpt,gpt-6-luna + gpt-6-luna + gpt-6.1-sol,gpt-6-luna / low + gpt-6-luna / xhigh + gpt-6.1-sol / high,pass,pass,,1256.669,3353648,0.10474252
r51,pl-steps-sol-low,rails-as-variant-processed-once,1,studio,kh-gpt,gpt-6-luna + gpt-6.1-sol + gpt-6.1-sol,gpt-6-luna / low + gpt-6.1-sol / high + gpt-6.1-sol / low,pass,pass,,435.831,309309,0.1375478
r13,plan-lunamax-nocontext,rails-as-variant-processed-once,1,studio,kh-gpt,gpt-6-luna,low,fail,fail,,211.591,166456,
r15,plan-sol-nc-gx,rails-as-variant-processed-once,1,studio,kh-gpt,gpt-6-luna,low,fail,fail,,225.897,512261,
r13,plan-sol-nocontext,rails-as-variant-processed-once,1,studio,kh-gpt,gpt-6-luna,low,fail,fail,,182.276,135067,
r23,review-esc,rails-as-variant-processed-once,1,studio,kh-gpt,gpt-6-luna,low,fail,fail,,248.008,108997,
r46,route-cascade,rails-as-variant-processed-once,1,studio,kh-gpt,gpt-6-luna,low,fail,fail,,390.599,128731,
r47,route-jev,rails-as-variant-processed-once,1,studio,kh-gpt,gpt-6-luna,low,fail,fail,,446.759,200511,
r45,route-v3,rails-as-variant-processed-once,1,studio,kh-gpt,gpt-6-luna,low,pass,pass,,712.646,125627,
r57b,shell-only,rails-as-variant-processed-once,1,studio,kh-gpt,gpt-6-luna,low,fail,fail,,523.147,1160660,0.030234000000000004
r56c,P-noplan2,rails-as-variant-processed-once,10,studio,kh-gpt,gpt-6-luna + gpt-6.1-sol,gpt-6-luna / xhigh + gpt-6.1-sol / high,pass,pass,,1258.608,1613318,0.40189366
r57d,default-tools,rails-as-variant-processed-once,10,studio,kh-gpt,gpt-6-luna,low,fail,fail,,370.494,801404,0.01782496
r57d,shell-only,rails-as-variant-processed-once,10,studio,kh-gpt,gpt-6-luna,low,pass,pass,,932.556,1093444,0.026690800000000008
r56c,P-noplan2,rails-as-variant-processed-once,11,studio,kh-gpt,gpt-6-luna + gpt-6.1-sol,gpt-6-luna / xhigh + gpt-6.1-sol / high,pass,pass,,1303.646,3102360,0.42370746
r57d,default-tools,rails-as-variant-processed-once,11,studio,kh-gpt,gpt-6-luna,low,fail,fail,,639.482,1320764,0.027410160000000003
r57d,shell-only,rails-as-variant-processed-once,11,studio,kh-gpt,gpt-6-luna,low,fail,fail,,768.444,1277819,0.0283983
r56c,P-noplan2,rails-as-variant-processed-once,12,studio,kh-gpt,gpt-6-luna + gpt-6.1-sol,gpt-6-luna / xhigh + gpt-6.1-sol / high,pass,pass,,1131.49,1103075,0.3576401
r57d,default-tools,rails-as-variant-processed-once,12,studio,kh-gpt,gpt-6-luna,low,fail,fail,,751.884,974206,0.02318852
r57d,shell-only,rails-as-variant-processed-once,12,studio,kh-gpt,gpt-6-luna,low,fail,fail,,593.254,2015569,0.03850634
r57d,default-tools,rails-as-variant-processed-once,13,studio,kh-gpt,gpt-6-luna,low,fail,fail,,457.426,1375020,0.026765440000000005
r57d,shell-only,rails-as-variant-processed-once,13,studio,kh-gpt,gpt-6-luna,low,fail,fail,,342.923,559602,0.015715319999999998
r57d,default-tools,rails-as-variant-processed-once,14,studio,kh-gpt,gpt-6-luna,low,pass,pass,,533.61,1414136,0.02893224
r57d,shell-only,rails-as-variant-processed-once,14,studio,kh-gpt,gpt-6-luna,low,pass,pass,,770.967,1431046,0.029614359999999996
r57d,default-tools,rails-as-variant-processed-once,15,studio,kh-gpt,gpt-6-luna,low,fail,fail,,766.89,1359735,0.02816094
r57d,shell-only,rails-as-variant-processed-once,15,studio,kh-gpt,gpt-6-luna,low,pass,pass,,280.107,426508,0.01307616
r57d,default-tools,rails-as-variant-processed-once,16,studio,kh-gpt,gpt-6-luna,low,fail,fail,,926.031,1394034,0.02943332
r57d,shell-only,rails-as-variant-processed-once,16,studio,kh-gpt,gpt-6-luna,low,fail,fail,,515.007,928079,0.02207406
r56,B-ctx-ls,rails-as-variant-processed-once,2,studio,kh-gpt,gpt-6-luna,gpt-6-luna / xhigh,fail,fail,,735.555,1120469,0.029574979999999994
r56,B-ctx-none,rails-as-variant-processed-once,2,studio,kh-gpt,gpt-6-luna,gpt-6-luna / xhigh,fail,fail,,580.853,1061613,0.024334339999999996
r56,B-ctx-pack,rails-as-variant-processed-once,2,studio,kh-gpt,gpt-6-luna + gpt-6-luna,gpt-6-luna / low + gpt-6-luna / xhigh,pass,pass,,567.407,1388521,0.03248506
r13,B3,rails-as-variant-processed-once,2,studio,kh-gpt,gpt-6-luna,low,fail,fail,,69.267,109415,
r56,P-full,rails-as-variant-processed-once,2,studio,kh-gpt,gpt-6-luna + gpt-6.1-sol,gpt-6-luna / xhigh + gpt-6.1-sol / high,pass,pass,,1907.022,2040450,0.71547248
r50,P-lunamax,rails-as-variant-processed-once,2,studio,kh-gpt,gpt-6-luna + gpt-6.1-sol,gpt-6-luna / xhigh + gpt-6.1-sol / high,pass,pass,,1745.011,2350042,0.61095878
r56,P-nocontract,rails-as-variant-processed-once,2,studio,kh-gpt,gpt-6-luna + gpt-6.1-sol,gpt-6-luna / xhigh + gpt-6.1-sol / high,pass,pass,,1010.076,1674959,0.36148199999999997
r56d,P-noctx2,rails-as-variant-processed-once,2,studio,kh-gpt,gpt-6-luna + gpt-6.1-sol,gpt-6-luna / xhigh + gpt-6.1-sol / high,pass,pass,,1998.233,3964455,0.37707122
r56c,P-noplan2,rails-as-variant-processed-once,2,studio,kh-gpt,gpt-6-luna + gpt-6.1-sol,gpt-6-luna / xhigh + gpt-6.1-sol / high,pass,pass,,730.148,833025,0.21247384
r56,P-noreview,rails-as-variant-processed-once,2,studio,kh-gpt,gpt-6-luna + gpt-6.1-sol,gpt-6-luna / xhigh + gpt-6.1-sol / high,pass,pass,,1586.167,1749697,0.52440312
r50,P-sollow,rails-as-variant-processed-once,2,studio,kh-gpt,gpt-6.1-sol + gpt-6.1-sol,gpt-6.1-sol / high + gpt-6.1-sol / low,pass,pass,,1434.703,1314058,0.6656024
r50,P-solmed,rails-as-variant-processed-once,2,studio,kh-gpt,gpt-6.1-sol + gpt-6.1-sol,gpt-6.1-sol / high + gpt-6.1-sol / medium,pass,pass,,1453.414,1499786,0.6582648
r18,Pstar-pack-repro,rails-as-variant-processed-once,2,studio,kh-gpt,gpt-6-luna,low,fail,fail,,428.778,159728,
r18,Pstar-repro,rails-as-variant-processed-once,2,studio,kh-gpt,gpt-6-luna,low,fail,fail,,184.144,186521,
r27,advisor,rails-as-variant-processed-once,2,studio,kh-gpt,gpt-6-luna,low,fail,fail,,62.997,72094,
r40,agentic-contract-exec-sol,rails-as-variant-processed-once,2,studio,kh-gpt,gpt-6-luna,low,pass,pass,,826.088,95665,
r23,agentic,rails-as-variant-processed-once,2,studio,kh-gpt,gpt-6-luna,low,pass,pass,,429.113,86788,
r32,agentic-repro-review-sol,rails-as-variant-processed-once,2,studio,kh-gpt,gpt-6-luna,low,pass,pass,,820.461,117965,
r35,agentic30-execreview-sol,rails-as-variant-processed-once,2,studio,kh-gpt,gpt-6-luna,low,pass,pass,,1518.012,97288,
r13,bare,rails-as-variant-processed-once,2,studio,kh-gpt,gpt-6-luna,low,fail,fail,,38.644,80809,
r18,bare,rails-as-variant-processed-once,2,studio,kh-gpt,gpt-6-luna,low,fail,fail,,31.655,78215,
r27,bare,rails-as-variant-processed-once,2,studio,kh-gpt,gpt-6-luna,low,fail,fail,,53.453,122674,
r48,cascade-contract,rails-as-variant-processed-once,2,studio,kh-gpt,gpt-6-luna,low,pass,pass,,1486.101,285523,
r37c,contract-review-sol,rails-as-variant-processed-once,2,studio,kh-gpt,gpt-6-luna,low,fail,fail,,846.841,554458,
r37,debate-packplan-review,rails-as-variant-processed-once,2,studio,kh-gpt,gpt-6-luna,low,fail,fail,,850.647,41517,
r57b,default-tools,rails-as-variant-processed-once,2,studio,kh-gpt,gpt-6-luna,low,pass,pass,,723.361,2267713,0.040251539999999995
r64c,kh-plan-shell-lunahigh,rails-as-variant-processed-once,2,studio,kh-gpt,gpt-6-luna + gpt-6.1-sol,gpt-6-luna / high + gpt-6.1-sol / high,fail,fail,,323.731,599825,0.0515781
r64c,kh-plan-shell-solmedplan,rails-as-variant-processed-once,2,studio,kh-gpt,gpt-6-luna + gpt-6.1-sol,gpt-6-luna / xhigh + gpt-6.1-sol / medium,pass,pass,,989.223,2740647,0.08207822000000001
r69,none,rails-as-variant-processed-once,2,studio,kh-gpt,gpt-6-luna,xhigh,pass,pass,,581.262,1201596,
r18,p25,rails-as-variant-processed-once,2,studio,kh-gpt,gpt-6-luna,low,fail,fail,,189.226,281321,
r30,packplan-review-lmax,rails-as-variant-processed-once,2,studio,kh-gpt,gpt-6-luna,low,fail,fail,,1237.195,391140,
r30,packplan-review-sol,rails-as-variant-processed-once,2,studio,kh-gpt,gpt-6-luna,low,fail,fail,,641.25,663937,
r51,pl-approach-luna-low,rails-as-variant-processed-once,2,studio,kh-gpt,gpt-6-luna + gpt-6.1-sol,gpt-6-luna / low + gpt-6.1-sol / high,pass,pass,,612.31,694442,0.07973838
r51,pl-approach-luna-max,rails-as-variant-processed-once,2,studio,kh-gpt,gpt-6-luna + gpt-6-luna + gpt-6.1-sol,gpt-6-luna / low + gpt-6-luna / xhigh + gpt-6.1-sol / high,pass,pass,,738.244,1023183,0.07623344
r51,pl-approach-sol-low,rails-as-variant-processed-once,2,studio,kh-gpt,gpt-6-luna + gpt-6.1-sol + gpt-6.1-sol,gpt-6-luna / low + gpt-6.1-sol / high + gpt-6.1-sol / low,pass,pass,,555.451,289666,0.1923976
r51,pl-criteria-luna-low,rails-as-variant-processed-once,2,studio,kh-gpt,gpt-6-luna + gpt-6.1-sol,gpt-6-luna / low + gpt-6.1-sol / high,fail,fail,,139.456,112499,0.017851440000000003
r51,pl-criteria-luna-max,rails-as-variant-processed-once,2,studio,kh-gpt,gpt-6-luna + gpt-6-luna + gpt-6.1-sol,gpt-6-luna / low + gpt-6-luna / xhigh + gpt-6.1-sol / high,pass,pass,,1303.343,3430357,0.07577405999999999
r51,pl-criteria-sol-low,rails-as-variant-processed-once,2,studio,kh-gpt,gpt-6-luna + gpt-6.1-sol + gpt-6.1-sol,gpt-6-luna / low + gpt-6.1-sol / high + gpt-6.1-sol / low,pass,pass,,251.075,164341,0.0832515
r51,pl-none-luna-low,rails-as-variant-processed-once,2,studio,kh-gpt,gpt-6-luna,gpt-6-luna / low,fail,fail,,57.822,67140,0.0029312000000000006
r51,pl-none-luna-max,rails-as-variant-processed-once,2,studio,kh-gpt,gpt-6-luna,gpt-6-luna / xhigh,pass,pass,,728.331,1512185,0.032197779999999995
r51,pl-none-sol-low,rails-as-variant-processed-once,2,studio,kh-gpt,gpt-6.1-sol,gpt-6.1-sol / low,pass,pass,,89.377,74260,0.053747199999999995
r51,pl-steps-luna-low,rails-as-variant-processed-once,2,studio,kh-gpt,gpt-6-luna + gpt-6.1-sol,gpt-6-luna / low + gpt-6.1-sol / high,fail,fail,,336.844,101148,0.06072512
r51,pl-steps-luna-max,rails-as-variant-processed-once,2,studio,kh-gpt,gpt-6-luna + gpt-6-luna + gpt-6.1-sol,gpt-6-luna / low + gpt-6-luna / xhigh + gpt-6.1-sol / high,pass,pass,,1722.357,2846676,0.09820985999999998
r51,pl-steps-sol-low,rails-as-variant-processed-once,2,studio,kh-gpt,gpt-6-luna + gpt-6.1-sol + gpt-6.1-sol,gpt-6-luna / low + gpt-6.1-sol / high + gpt-6.1-sol / low,pass,pass,,565.11,205830,0.12402278
r13,plan-lunamax-nocontext,rails-as-variant-processed-once,2,studio,kh-gpt,gpt-6-luna,low,fail,fail,,196.869,85315,
r15,plan-sol-nc-gx,rails-as-variant-processed-once,2,studio,kh-gpt,gpt-6-luna,low,fail,fail,,276.312,318098,
r13,plan-sol-nocontext,rails-as-variant-processed-once,2,studio,kh-gpt,gpt-6-luna,low,fail,fail,,172.323,139675,
r23,review-esc,rails-as-variant-processed-once,2,studio,kh-gpt,gpt-6-luna,low,fail,fail,,310.436,112897,
r46,route-cascade,rails-as-variant-processed-once,2,studio,kh-gpt,gpt-6-luna,low,fail,fail,,369.849,92198,
r47,route-jev,rails-as-variant-processed-once,2,studio,kh-gpt,gpt-6-luna,low,fail,fail,,86.104,79613,
r26,route,rails-as-variant-processed-once,2,studio,kh-gpt,gpt-6-luna,low,pass,pass,,522.673,105752,
r45,route-v3,rails-as-variant-processed-once,2,studio,kh-gpt,gpt-6-luna,low,pass,pass,,766.636,105399,
r57b,shell-only,rails-as-variant-processed-once,2,studio,kh-gpt,gpt-6-luna,low,fail,fail,,651.574,1621925,0.040292980000000006
r13,B3,rails-as-variant-processed-once,3,studio,kh-gpt,gpt-6-luna,low,fail,fail,,77.824,104242,
r50,P-lunamax,rails-as-variant-processed-once,3,studio,kh-gpt,gpt-6-luna + gpt-6.1-sol,gpt-6-luna / xhigh + gpt-6.1-sol / high,pass,pass,,1621.177,1930615,0.53162706
r56d,P-noctx2,rails-as-variant-processed-once,3,studio,kh-gpt,gpt-6-luna + gpt-6.1-sol,gpt-6-luna / xhigh + gpt-6.1-sol / high,pass,pass,,1811.713,3591397,0.4379214
r56c,P-noplan2,rails-as-variant-processed-once,3,studio,kh-gpt,gpt-6-luna + gpt-6.1-sol,gpt-6-luna / xhigh + gpt-6.1-sol / high,fail,fail,,1715.78,2151180,0.42763542
r50,P-sollow,rails-as-variant-processed-once,3,studio,kh-gpt,gpt-6.1-sol + gpt-6.1-sol,gpt-6.1-sol / high + gpt-6.1-sol / low,pass,pass,,2298.204,2030666,0.9165703999999999
r50,P-solmed,rails-as-variant-processed-once,3,studio,kh-gpt,gpt-6.1-sol + gpt-6.1-sol,gpt-6.1-sol / high + gpt-6.1-sol / medium,pass,pass,,1311.008,1205112,0.533648
r18,Pstar-pack-repro,rails-as-variant-processed-once,3,studio,kh-gpt,gpt-6-luna,low,pass,pass,,460.819,179510,
r18,Pstar-repro,rails-as-variant-processed-once,3,studio,kh-gpt,gpt-6-luna,low,fail,fail,,239.485,142735,
r27,advisor,rails-as-variant-processed-once,3,studio,kh-gpt,gpt-6-luna,low,fail,fail,,27.919,79353,
r40,agentic-contract-exec-sol,rails-as-variant-processed-once,3,studio,kh-gpt,gpt-6-luna,low,pass,pass,,870.89,37734,
r23,agentic,rails-as-variant-processed-once,3,studio,kh-gpt,gpt-6-luna,low,pass,pass,,484.425,165359,
r32,agentic-repro-review-sol,rails-as-variant-processed-once,3,studio,kh-gpt,gpt-6-luna,low,pass,pass,,436.379,63870,
r35,agentic30-execreview-sol,rails-as-variant-processed-once,3,studio,kh-gpt,gpt-6-luna,low,pass,pass,,771.04,80970,
r34b,agentic30-lmax-review,rails-as-variant-processed-once,3,studio,kh-gpt,gpt-6-luna,low,pass,pass,,1184.156,87037,
r32b,agentic30-repro-review-sol,rails-as-variant-processed-once,3,studio,kh-gpt,gpt-6-luna,low,pass,pass,,594.14,127627,
r13,bare,rails-as-variant-processed-once,3,studio,kh-gpt,gpt-6-luna,low,fail,fail,,51.718,139130,
r18,bare,rails-as-variant-processed-once,3,studio,kh-gpt,gpt-6-luna,low,fail,fail,,66.8,175261,
r27,bare,rails-as-variant-processed-once,3,studio,kh-gpt,gpt-6-luna,low,fail,fail,,90.615,56690,
r31,bo3-packplan-review-sol,rails-as-variant-processed-once,3,studio,kh-gpt,gpt-6-luna,low,fail,fail,,619.771,189905,
r37c,contract-review-sol,rails-as-variant-processed-once,3,studio,kh-gpt,gpt-6-luna,low,pass,pass,,577.069,67874,
r37,debate-packplan-review,rails-as-variant-processed-once,3,studio,kh-gpt,gpt-6-luna,low,fail,fail,,1344.722,580274,
r57b,default-tools,rails-as-variant-processed-once,3,studio,kh-gpt,gpt-6-luna,low,fail,fail,,467.891,1365846,0.028599239999999998
r64c,kh-plan-shell-lunahigh,rails-as-variant-processed-once,3,studio,kh-gpt,gpt-6-luna + gpt-6.1-sol,gpt-6-luna / high + gpt-6.1-sol / high,fail,fail,,331.322,449453,0.046569860000000005
r64,kh-plan-shell,rails-as-variant-processed-once,3,studio,kh-gpt,gpt-6-luna + gpt-6.1-sol,gpt-6-luna / xhigh + gpt-6.1-sol / high,pass,pass,,894.359,1351236,0.08670001999999999
r64c,kh-plan-shell-solmedplan,rails-as-variant-processed-once,3,studio,kh-gpt,gpt-6-luna + gpt-6.1-sol,gpt-6-luna / xhigh + gpt-6.1-sol / medium,pass,pass,,988.437,2756641,0.0833315
r49,mc-contract,rails-as-variant-processed-once,3,studio,kh-gpt,gpt-6-luna + gpt-6.1-sol,gpt-6-luna / max + gpt-6.1-sol / high,pass,pass,,1175.553,3121615,0.21940618
r49,mc-review,rails-as-variant-processed-once,3,studio,kh-gpt,gpt-6-luna + gpt-6.1-sol,gpt-6-luna / max + gpt-6.1-sol / high,pass,pass,,1482.768,3805731,0.1405738
r69,none,rails-as-variant-processed-once,3,studio,kh-gpt,gpt-6-luna,xhigh,pass,pass,,711.751,2031031,
r18,p25,rails-as-variant-processed-once,3,studio,kh-gpt,gpt-6-luna,low,fail,fail,,135.061,329763,
r30,packplan-review-lmax,rails-as-variant-processed-once,3,studio,kh-gpt,gpt-6-luna,low,fail,fail,,1050.109,117232,
r30,packplan-review-sol,rails-as-variant-processed-once,3,studio,kh-gpt,gpt-6-luna,low,fail,fail,,530.385,90071,
r13,plan-lunamax-nocontext,rails-as-variant-processed-once,3,studio,kh-gpt,gpt-6-luna,low,fail,fail,,273.39,201467,
r15,plan-sol-nc-gx,rails-as-variant-processed-once,3,studio,kh-gpt,gpt-6-luna,low,fail,fail,,237.45,104979,
r13,plan-sol-nocontext,rails-as-variant-processed-once,3,studio,kh-gpt,gpt-6-luna,low,fail,fail,,200.371,139660,
r23,review-esc,rails-as-variant-processed-once,3,studio,kh-gpt,gpt-6-luna,low,fail,fail,,109.345,214238,
r46,route-cascade,rails-as-variant-processed-once,3,studio,kh-gpt,gpt-6-luna,low,fail,fail,,417.333,239055,
r47,route-jev,rails-as-variant-processed-once,3,studio,kh-gpt,gpt-6-luna,low,fail,fail,,488.934,238853,
r26,route,rails-as-variant-processed-once,3,studio,kh-gpt,gpt-6-luna,low,pass,pass,,471.315,101372,
r45,route-v3,rails-as-variant-processed-once,3,studio,kh-gpt,gpt-6-luna,low,pass,pass,,921.256,127962,
r57b,shell-only,rails-as-variant-processed-once,3,studio,kh-gpt,gpt-6-luna,low,fail,fail,,403.09,960357,0.02221962
r13,B3,rails-as-variant-processed-once,4,studio,kh-gpt,gpt-6-luna,low,fail,fail,,78.292,166137,
r56c,P-noplan2,rails-as-variant-processed-once,4,studio,kh-gpt,gpt-6-luna + gpt-6.1-sol,gpt-6-luna / xhigh + gpt-6.1-sol / high,pass,pass,,1660.139,2432570,0.35461892
r18,Pstar-pack-repro,rails-as-variant-processed-once,4,studio,kh-gpt,gpt-6-luna,low,fail,fail,,514.236,92279,
r18,Pstar-repro,rails-as-variant-processed-once,4,studio,kh-gpt,gpt-6-luna,low,fail,fail,,250.72,153009,
r69,accept,rails-as-variant-processed-once,4,studio,kh-gpt,gpt-6-luna,xhigh,fail,fail,,588.833,1527713,
r27,advisor,rails-as-variant-processed-once,4,studio,kh-gpt,gpt-6-luna,low,fail,fail,,55.955,37910,
r23,agentic,rails-as-variant-processed-once,4,studio,kh-gpt,gpt-6-luna,low,pass,pass,,413.081,60734,
r32,agentic-repro-review-sol,rails-as-variant-processed-once,4,studio,kh-gpt,gpt-6-luna,low,pass,pass,,420.263,97143,
r35,agentic30-execreview-sol,rails-as-variant-processed-once,4,studio,kh-gpt,gpt-6-luna,low,pass,pass,,721.762,248991,
r32b,agentic30-repro-review-sol,rails-as-variant-processed-once,4,studio,kh-gpt,gpt-6-luna,low,pass,pass,,551.737,141272,
r69,approach,rails-as-variant-processed-once,4,studio,kh-gpt,gpt-6-luna,xhigh,pass,pass,,934.675,1880201,
r13,bare,rails-as-variant-processed-once,4,studio,kh-gpt,gpt-6-luna,low,fail,fail,,148.106,300181,
r18,bare,rails-as-variant-processed-once,4,studio,kh-gpt,gpt-6-luna,low,fail,fail,,43.259,70988,
r27,bare,rails-as-variant-processed-once,4,studio,kh-gpt,gpt-6-luna,low,fail,fail,,86.576,177680,
r31,bo3-packplan-review-sol,rails-as-variant-processed-once,4,studio,kh-gpt,gpt-6-luna,low,fail,fail,,402.623,173648,
r37c,contract-review-sol,rails-as-variant-processed-once,4,studio,kh-gpt,gpt-6-luna,low,fail,fail,,1095.402,1713051,
r37,debate-packplan-review,rails-as-variant-processed-once,4,studio,kh-gpt,gpt-6-luna,low,fail,fail,,773.538,60147,
r57b,default-tools,rails-as-variant-processed-once,4,studio,kh-gpt,gpt-6-luna,low,pass,pass,,450.277,1102741,0.023575620000000002
r64b,kh-plan-shell,rails-as-variant-processed-once,4,studio,kh-gpt,gpt-6-luna + gpt-6.1-sol,gpt-6-luna / xhigh + gpt-6.1-sol / high,pass,pass,,920.537,2806197,0.09094302
r64e,kh-plan-shell-solmedplan,rails-as-variant-processed-once,4,studio,kh-gpt,gpt-6-luna,xhigh,fail,fail,,1275.555,3493415,
r69,none,rails-as-variant-processed-once,4,studio,kh-gpt,gpt-6-luna,xhigh,fail,fail,,428.707,1056429,
r18,p25,rails-as-variant-processed-once,4,studio,kh-gpt,gpt-6-luna,low,fail,fail,,121.52,183824,
r30,packplan-review-lmax,rails-as-variant-processed-once,4,studio,kh-gpt,gpt-6-luna,low,fail,fail,,841.331,221230,
r30,packplan-review-sol,rails-as-variant-processed-once,4,studio,kh-gpt,gpt-6-luna,low,fail,fail,,539.509,217692,
r13,plan-lunamax-nocontext,rails-as-variant-processed-once,4,studio,kh-gpt,gpt-6-luna,low,fail,fail,,282.827,69606,
r15,plan-sol-nc-gx,rails-as-variant-processed-once,4,studio,kh-gpt,gpt-6-luna,low,fail,fail,,305.476,88228,
r13,plan-sol-nocontext,rails-as-variant-processed-once,4,studio,kh-gpt,gpt-6-luna,low,fail,fail,,157.176,126632,
r23,review-esc,rails-as-variant-processed-once,4,studio,kh-gpt,gpt-6-luna,low,fail,fail,,272.395,108886,
r26,route,rails-as-variant-processed-once,4,studio,kh-gpt,gpt-6-luna,low,pass,pass,,490.161,111264,
r57b,shell-only,rails-as-variant-processed-once,4,studio,kh-gpt,gpt-6-luna,low,pass,pass,,383.499,924080,0.021268079999999995
r69,spec,rails-as-variant-processed-once,4,studio,kh-gpt,gpt-6-luna,xhigh,pass,pass,,674.67,1293987,
r13,B3,rails-as-variant-processed-once,5,studio,kh-gpt,gpt-6-luna,low,fail,fail,,40.149,67365,
r56c,P-noplan2,rails-as-variant-processed-once,5,studio,kh-gpt,gpt-6-luna + gpt-6.1-sol,gpt-6-luna / xhigh + gpt-6.1-sol / high,pass,pass,,1140.841,1181033,0.35436186000000003
r18,Pstar-pack-repro,rails-as-variant-processed-once,5,studio,kh-gpt,gpt-6-luna,low,fail,fail,,439.908,198687,
r18,Pstar-repro,rails-as-variant-processed-once,5,studio,kh-gpt,gpt-6-luna,low,fail,fail,,216.967,142122,
r27,advisor,rails-as-variant-processed-once,5,studio,kh-gpt,gpt-6-luna,low,fail,fail,,62.48,98448,
r32,agentic-repro-review-sol,rails-as-variant-processed-once,5,studio,kh-gpt,gpt-6-luna,low,pass,pass,,383.242,88964,
r35,agentic30-execreview-sol,rails-as-variant-processed-once,5,studio,kh-gpt,gpt-6-luna,low,pass,pass,,659.777,120375,
r34b,agentic30-lmax-review,rails-as-variant-processed-once,5,studio,kh-gpt,gpt-6-luna,low,fail,fail,,1292.069,566092,
r32b,agentic30-repro-review-sol,rails-as-variant-processed-once,5,studio,kh-gpt,gpt-6-luna,low,pass,pass,,565.32,137685,
r13,bare,rails-as-variant-processed-once,5,studio,kh-gpt,gpt-6-luna,low,fail,fail,,33.175,59833,
r18,bare,rails-as-variant-processed-once,5,studio,kh-gpt,gpt-6-luna,low,fail,fail,,22.674,57892,
r27,bare,rails-as-variant-processed-once,5,studio,kh-gpt,gpt-6-luna,low,fail,fail,,89.065,100560,
r31,bo3-packplan-review-sol,rails-as-variant-processed-once,5,studio,kh-gpt,gpt-6-luna,low,fail,fail,,1219.998,799756,
r37,contract-review-sol,rails-as-variant-processed-once,5,studio,kh-gpt,gpt-6-luna,low,pass,pass,,546.042,61339,
r37c,contract-review-sol,rails-as-variant-processed-once,5,studio,kh-gpt,gpt-6-luna,low,fail,fail,,1222.357,1139564,
r37,debate-packplan-review,rails-as-variant-processed-once,5,studio,kh-gpt,gpt-6-luna,low,fail,fail,,982.214,303928,
r57b,default-tools,rails-as-variant-processed-once,5,studio,kh-gpt,gpt-6-luna,low,fail,fail,,618.058,1123095,0.025096860000000002
r64b,kh-plan-shell,rails-as-variant-processed-once,5,studio,kh-gpt,gpt-6-luna + gpt-6.1-sol,gpt-6-luna / xhigh + gpt-6.1-sol / high,pass,pass,,934.303,2930177,0.08956376
r64e,kh-plan-shell-solmedplan,rails-as-variant-processed-once,5,studio,kh-gpt,gpt-6-luna,xhigh,pass,pass,,1017.353,3340622,
r18,p25,rails-as-variant-processed-once,5,studio,kh-gpt,gpt-6-luna,low,fail,fail,,167.369,153295,
r35,packplan-execreview-sol,rails-as-variant-processed-once,5,studio,kh-gpt,gpt-6-luna,low,fail,fail,,665.967,48368,
r30,packplan-review-lmax,rails-as-variant-processed-once,5,studio,kh-gpt,gpt-6-luna,low,fail,fail,,945.526,146895,
r30,packplan-review-sol,rails-as-variant-processed-once,5,studio,kh-gpt,gpt-6-luna,low,pass,pass,,411.205,64410,
r13,plan-lunamax-nocontext,rails-as-variant-processed-once,5,studio,kh-gpt,gpt-6-luna,low,fail,fail,,274.179,217864,
r15,plan-sol-nc-gx,rails-as-variant-processed-once,5,studio,kh-gpt,gpt-6-luna,low,fail,fail,,256.735,134478,
r13,plan-sol-nocontext,rails-as-variant-processed-once,5,studio,kh-gpt,gpt-6-luna,low,fail,fail,,218.212,228700,
r23,review-esc,rails-as-variant-processed-once,5,studio,kh-gpt,gpt-6-luna,low,fail,fail,,61.769,78008,
r57b,shell-only,rails-as-variant-processed-once,5,studio,kh-gpt,gpt-6-luna,low,pass,pass,,368.632,790322,0.019558760000000005
r56c,P-noplan2,rails-as-variant-processed-once,6,studio,kh-gpt,gpt-6-luna + gpt-6.1-sol,gpt-6-luna / xhigh + gpt-6.1-sol / high,pass,pass,,944.872,814766,0.31138150000000003
r57b,default-tools,rails-as-variant-processed-once,6,studio,kh-gpt,gpt-6-luna,low,pass,pass,,534.662,1646995,0.030312459999999996
r57b,shell-only,rails-as-variant-processed-once,6,studio,kh-gpt,gpt-6-luna,low,fail,fail,,778.057,1063567,0.02681774
r56c,P-noplan2,rails-as-variant-processed-once,7,studio,kh-gpt,gpt-6-luna + gpt-6.1-sol,gpt-6-luna / xhigh + gpt-6.1-sol / high,pass,pass,,875.662,1384948,0.23509984
r57b,default-tools,rails-as-variant-processed-once,7,studio,kh-gpt,gpt-6-luna,low,fail,fail,,910.54,2200490,0.03997436
r57b,shell-only,rails-as-variant-processed-once,7,studio,kh-gpt,gpt-6-luna,low,fail,fail,,503.982,727934,0.017942199999999995
r56c,P-noplan2,rails-as-variant-processed-once,8,studio,kh-gpt,gpt-6-luna + gpt-6.1-sol,gpt-6-luna / xhigh + gpt-6.1-sol / high,fail,fail,,1273.019,1244209,0.35409238000000004
r57b,default-tools,rails-as-variant-processed-once,8,studio,kh-gpt,gpt-6-luna,low,fail,fail,,649.032,1754660,0.03429008000000001
r57b,shell-only,rails-as-variant-processed-once,8,studio,kh-gpt,gpt-6-luna,low,pass,pass,,884.901,1342349,0.0288045
r56c,P-noplan2,rails-as-variant-processed-once,9,studio,kh-gpt,gpt-6-luna + gpt-6.1-sol,gpt-6-luna / xhigh + gpt-6.1-sol / high,fail,fail,,813.844,769043,0.22915676000000001
r57d,default-tools,rails-as-variant-processed-once,9,studio,kh-gpt,gpt-6-luna,low,fail,fail,,429.15,1086200,0.0231436
r57d,shell-only,rails-as-variant-processed-once,9,studio,kh-gpt,gpt-6-luna,low,pass,pass,,360.431,461518,0.0165646
r50,P-sollow,rails-ft-active-storage-tracking,1,studio,kh-gpt,gpt-6.1-sol + gpt-6.1-sol,gpt-6.1-sol / high + gpt-6.1-sol / low,fail,fail,,2395.332,1849500,0.9514704
r50,P-solmed,rails-ft-active-storage-tracking,1,studio,kh-gpt,gpt-6.1-sol + gpt-6.1-sol,gpt-6.1-sol / high + gpt-6.1-sol / medium,fail,fail,,2049.195,2013713,0.9542852
r43,bundle-v2,rails-ft-active-storage-tracking,1,studio,kh-gpt,gpt-6-luna,low,pass,pass,,2078.016,1081842,
r48,cascade-contract,rails-ft-active-storage-tracking,1,studio,kh-gpt,gpt-6-luna,low,fail,fail,,749.704,411079,
r64c,kh-plan-shell-lunahigh,rails-ft-active-storage-tracking,1,studio,kh-gpt,gpt-6-luna + gpt-6.1-sol,gpt-6-luna / high + gpt-6.1-sol / high,fail,fail,,437.476,601383,0.08527502
r64,kh-plan-shell,rails-ft-active-storage-tracking,1,studio,kh-gpt,gpt-6-luna + gpt-6.1-sol,gpt-6-luna / xhigh + gpt-6.1-sol / high,fail,fail,,2960.19,7048679,0.1840405
r43,maxbundle-hybrid,rails-ft-active-storage-tracking,1,studio,kh-gpt,gpt-6-luna,low,fail,fail,,2057.923,450964,
r69,none,rails-ft-active-storage-tracking,1,studio,kh-gpt,gpt-6-luna,xhigh,fail,fail,,1004.771,2332711,
r33,packplan-review-sol,rails-ft-active-storage-tracking,1,studio,kh-gpt,gpt-6-luna,low,fail,fail,,3040.308,597147,
r46,route-cascade,rails-ft-active-storage-tracking,1,studio,kh-gpt,gpt-6-luna,low,fail,fail,,502.21,211169,
r47,route-jev,rails-ft-active-storage-tracking,1,studio,kh-gpt,gpt-6-luna,high,fail,fail,,1299.674,954928,
r45,route-v3,rails-ft-active-storage-tracking,1,studio,kh-gpt,gpt-6-luna,high,fail,fail,,1670.009,2217634,
r50,P-sollow,rails-ft-active-storage-tracking,2,studio,kh-gpt,gpt-6.1-sol + gpt-6.1-sol,gpt-6.1-sol / high + gpt-6.1-sol / low,pass,pass,,2399.477,2297308,1.1112832000000001
r50,P-solmed,rails-ft-active-storage-tracking,2,studio,kh-gpt,gpt-6.1-sol + gpt-6.1-sol,gpt-6.1-sol / high + gpt-6.1-sol / medium,pass,pass,,2330.078,3070583,1.1217468000000002
r38,agentic30-execreview-sol,rails-ft-active-storage-tracking,2,studio,kh-gpt,gpt-6-luna,low,fail,fail,,1436.351,1033925,
r43,bundle-v2,rails-ft-active-storage-tracking,2,studio,kh-gpt,gpt-6-luna,low,fail,fail,,2390.501,1256801,
r48,cascade-contract,rails-ft-active-storage-tracking,2,studio,kh-gpt,gpt-6-luna,low,fail,fail,,906.121,742147,
r39b,hybrid-execreview-sol,rails-ft-active-storage-tracking,2,studio,kh-gpt,gpt-6-luna,low,fail,fail,,2016.179,358714,
r64c,kh-plan-shell-lunahigh,rails-ft-active-storage-tracking,2,studio,kh-gpt,gpt-6-luna + gpt-6.1-sol,gpt-6-luna / high + gpt-6.1-sol / high,fail,fail,,446.691,311509,0.08415252
r43,maxbundle-hybrid,rails-ft-active-storage-tracking,2,studio,kh-gpt,gpt-6-luna,low,fail,fail,,2026.507,309541,
r33,packplan-review-sol,rails-ft-active-storage-tracking,2,studio,kh-gpt,gpt-6-luna,low,fail,fail,,1022.364,439462,
r46,route-cascade,rails-ft-active-storage-tracking,2,studio,kh-gpt,gpt-6-luna,low,fail,fail,,540.222,133299,
r47,route-jev,rails-ft-active-storage-tracking,2,studio,kh-gpt,gpt-6-luna,high,fail,fail,,1742.664,3110418,
r45,route-v3,rails-ft-active-storage-tracking,2,studio,kh-gpt,gpt-6-luna,high,fail,fail,,2185.71,1817126,
r50,P-sollow,rails-ft-active-storage-tracking,3,studio,kh-gpt,gpt-6.1-sol + gpt-6.1-sol,gpt-6.1-sol / high + gpt-6.1-sol / low,fail,fail,,2164.282,2455170,1.0993496
r50,P-solmed,rails-ft-active-storage-tracking,3,studio,kh-gpt,gpt-6.1-sol + gpt-6.1-sol,gpt-6.1-sol / high + gpt-6.1-sol / medium,fail,fail,,2403.717,2392921,1.1710692000000003
r38,agentic30-execreview-sol,rails-ft-active-storage-tracking,3,studio,kh-gpt,gpt-6-luna,low,fail,fail,,1280.467,828363,
r43,bundle-v2,rails-ft-active-storage-tracking,3,studio,kh-gpt,gpt-6-luna,low,fail,fail,,1987.963,297161,
r39b,hybrid-execreview-sol,rails-ft-active-storage-tracking,3,studio,kh-gpt,gpt-6-luna,low,pass,pass,,1976.364,293048,
r64c,kh-plan-shell-lunahigh,rails-ft-active-storage-tracking,3,studio,kh-gpt,gpt-6-luna + gpt-6.1-sol,gpt-6-luna / high + gpt-6.1-sol / high,fail,fail,,474.419,841855,0.05483048
r43,maxbundle-hybrid,rails-ft-active-storage-tracking,3,studio,kh-gpt,gpt-6-luna,low,fail,fail,,2040.766,401378,
r33,packplan-review-sol,rails-ft-active-storage-tracking,3,studio,kh-gpt,gpt-6-luna,low,fail,fail,,2644.221,855221,
r46,route-cascade,rails-ft-active-storage-tracking,3,studio,kh-gpt,gpt-6-luna,low,fail,fail,,497.829,140841,
r47,route-jev,rails-ft-active-storage-tracking,3,studio,kh-gpt,gpt-6-luna,high,pass,pass,,1649.033,2169073,
r45,route-v3,rails-ft-active-storage-tracking,3,studio,kh-gpt,gpt-6-luna,high,fail,fail,,1412.792,1522768,
r39b,split3-execreview-sol,rails-ft-active-storage-tracking,3,studio,kh-gpt,gpt-6-luna,low,fail,fail,,1069.838,664879,
r64b,kh-plan-shell,rails-ft-active-storage-tracking,5,studio,kh-gpt,gpt-6-luna + gpt-6.1-sol,gpt-6-luna / xhigh + gpt-6.1-sol / high,fail,fail,,1822.717,6971423,0.19413038
r64e,kh-plan-shell-solmedplan,rails-ft-active-storage-tracking,5,studio,kh-gpt,gpt-6-luna,xhigh,fail,fail,,1479.11,3877385,
r50,P-lunamax,rails-ft-activity-feed-api,1,studio,kh-gpt,gpt-6-luna + gpt-6.1-sol,gpt-6-luna / xhigh + gpt-6.1-sol / high,fail,fail,,2479.783,5593749,0.7757129199999999
r50,P-sollow,rails-ft-activity-feed-api,1,studio,kh-gpt,gpt-6.1-sol + gpt-6.1-sol,gpt-6.1-sol / high + gpt-6.1-sol / low,fail,fail,,1585.286,1705130,0.7857352
r50,P-solmed,rails-ft-activity-feed-api,1,studio,kh-gpt,gpt-6.1-sol + gpt-6.1-sol,gpt-6.1-sol / high + gpt-6.1-sol / medium,fail,fail,,1434.98,1468653,0.806506
r52,astra-plan-review-lunamax,rails-ft-activity-feed-api,1,studio,kh-gpt,gpt-6-astra + gpt-6-luna + gpt-6-luna,gpt-6-astra / medium + gpt-6-luna / low + gpt-6-luna / xhigh,fail,fail,,682.976,1330250,0.27371524
r48,cascade-contract,rails-ft-activity-feed-api,1,studio,kh-gpt,gpt-6-luna,low,fail,fail,,699.036,285105,
r64c,kh-plan-shell-lunahigh,rails-ft-activity-feed-api,1,studio,kh-gpt,gpt-6-luna + gpt-6.1-sol,gpt-6-luna / high + gpt-6.1-sol / high,fail,fail,,228.383,482726,0.07078144
r64,kh-plan-shell,rails-ft-activity-feed-api,1,studio,kh-gpt,gpt-6-luna + gpt-6.1-sol,gpt-6-luna / xhigh + gpt-6.1-sol / high,pass,pass,,1006.03,2553755,0.10794402
r64c,kh-plan-shell-solmedplan,rails-ft-activity-feed-api,1,studio,kh-gpt,gpt-6-luna + gpt-6.1-sol,gpt-6-luna / xhigh + gpt-6.1-sol / medium,fail,fail,,687.817,2174505,0.10192404
r69,none,rails-ft-activity-feed-api,1,studio,kh-gpt,gpt-6-luna,xhigh,fail,fail,,679.58,1150706,
r33,packplan-review-sol,rails-ft-activity-feed-api,1,studio,kh-gpt,gpt-6-luna,low,fail,fail,,1844.421,262587,
r46,route-cascade,rails-ft-activity-feed-api,1,studio,kh-gpt,gpt-6-luna,low,fail,fail,,515.407,163364,
r45,route-v3,rails-ft-activity-feed-api,1,studio,kh-gpt,gpt-6-luna,low,fail,fail,,682.905,1135248,
r50,P-lunamax,rails-ft-activity-feed-api,2,studio,kh-gpt,gpt-6-luna + gpt-6.1-sol,gpt-6-luna / xhigh + gpt-6.1-sol / high,fail,fail,,2276.388,4226372,0.6711825600000001
r50,P-sollow,rails-ft-activity-feed-api,2,studio,kh-gpt,gpt-6.1-sol + gpt-6.1-sol,gpt-6.1-sol / high + gpt-6.1-sol / low,fail,fail,,1727.984,1865265,0.8733044000000001
r50,P-solmed,rails-ft-activity-feed-api,2,studio,kh-gpt,gpt-6.1-sol + gpt-6.1-sol,gpt-6.1-sol / high + gpt-6.1-sol / medium,fail,fail,,2270.359,2139332,1.000296
r48,cascade-contract,rails-ft-activity-feed-api,2,studio,kh-gpt,gpt-6-luna,low,fail,fail,,783.756,300286,
r64c,kh-plan-shell-lunahigh,rails-ft-activity-feed-api,2,studio,kh-gpt,gpt-6-luna + gpt-6.1-sol,gpt-6-luna / high + gpt-6.1-sol / high,fail,fail,,224.807,530215,0.07113562
r64,kh-plan-shell,rails-ft-activity-feed-api,2,studio,kh-gpt,gpt-6-luna + gpt-6.1-sol,gpt-6-luna / xhigh + gpt-6.1-sol / high,fail,fail,,878.464,3345515,0.12075713999999999
r49,mc-contract,rails-ft-activity-feed-api,2,studio,kh-gpt,gpt-6-luna + gpt-6.1-sol,gpt-6-luna / max + gpt-6.1-sol / high,fail,fail,,1393.046,3130894,0.30065518
r69,none,rails-ft-activity-feed-api,2,studio,kh-gpt,gpt-6-luna,xhigh,fail,fail,,724.292,1418086,
r33,packplan-review-sol,rails-ft-activity-feed-api,2,studio,kh-gpt,gpt-6-luna,low,fail,fail,,2143.807,564416,
r46,route-cascade,rails-ft-activity-feed-api,2,studio,kh-gpt,gpt-6-luna,low,fail,fail,,545.61,531202,
r45,route-v3,rails-ft-activity-feed-api,2,studio,kh-gpt,gpt-6-luna,low,fail,fail,,1311.2,1252369,
r50,P-lunamax,rails-ft-activity-feed-api,3,studio,kh-gpt,gpt-6-luna + gpt-6.1-sol,gpt-6-luna / xhigh + gpt-6.1-sol / high,fail,fail,,2378.353,3854718,0.80613522
r50,P-sollow,rails-ft-activity-feed-api,3,studio,kh-gpt,gpt-6.1-sol + gpt-6.1-sol,gpt-6.1-sol / high + gpt-6.1-sol / low,fail,fail,,1512.855,1792605,0.8140612
r50,P-solmed,rails-ft-activity-feed-api,3,studio,kh-gpt,gpt-6.1-sol + gpt-6.1-sol,gpt-6.1-sol / high + gpt-6.1-sol / medium,fail,fail,,1910.549,2692075,1.0505708
r64c,kh-plan-shell-lunahigh,rails-ft-activity-feed-api,3,studio,kh-gpt,gpt-6-luna + gpt-6.1-sol,gpt-6-luna / high + gpt-6.1-sol / high,fail,fail,,307.866,673378,0.07809848
r64,kh-plan-shell,rails-ft-activity-feed-api,3,studio,kh-gpt,gpt-6-luna + gpt-6.1-sol,gpt-6-luna / xhigh + gpt-6.1-sol / high,pass,pass,,662.738,1808871,0.09737414
r64c,kh-plan-shell-solmedplan,rails-ft-activity-feed-api,3,studio,kh-gpt,gpt-6-luna + gpt-6.1-sol,gpt-6-luna / xhigh + gpt-6.1-sol / medium,fail,fail,,1529.225,3230403,0.11905926
r49,mc-review,rails-ft-activity-feed-api,3,studio,kh-gpt,gpt-6-luna,gpt-6-luna / max,fail,fail,,934.908,2440379,0.051199419999999995
r69,none,rails-ft-activity-feed-api,3,studio,kh-gpt,gpt-6-luna,xhigh,fail,fail,,480.918,1967117,
r33,packplan-review-sol,rails-ft-activity-feed-api,3,studio,kh-gpt,gpt-6-luna,low,fail,fail,,309.35,210007,
r46,route-cascade,rails-ft-activity-feed-api,3,studio,kh-gpt,gpt-6-luna,low,fail,fail,,467.673,115736,
r45,route-v3,rails-ft-activity-feed-api,3,studio,kh-gpt,gpt-6-luna,low,fail,fail,,762.753,722758,
r69,accept,rails-ft-activity-feed-api,4,studio,kh-gpt,gpt-6-luna,low,fail,fail,,,,
r69,approach,rails-ft-activity-feed-api,4,studio,kh-gpt,gpt-6-luna,low,fail,fail,,,,
r64b,kh-plan-shell,rails-ft-activity-feed-api,4,studio,kh-gpt,gpt-6-luna + gpt-6.1-sol,gpt-6-luna / xhigh + gpt-6.1-sol / high,fail,fail,,620.419,1503062,0.06044938000000001
r64e,kh-plan-shell-solmedplan,rails-ft-activity-feed-api,4,studio,kh-gpt,gpt-6-luna,xhigh,fail,fail,,1102.086,4303529,
r69,none,rails-ft-activity-feed-api,4,studio,kh-gpt,gpt-6-luna,xhigh,fail,fail,,457.273,1316226,
r64b,kh-plan-shell,rails-ft-activity-feed-api,5,studio,kh-gpt,gpt-6-luna + gpt-6.1-sol,gpt-6-luna / xhigh + gpt-6.1-sol / high,fail,fail,,1132.146,3363873,0.12605006000000002
r64e,kh-plan-shell-solmedplan,rails-ft-activity-feed-api,5,studio,kh-gpt,gpt-6-luna,xhigh,fail,fail,,852.79,2326262,
r50,P-sollow,rails-ft-board-publish-unpublish-public-boundary,1,studio,kh-gpt,gpt-6.1-sol + gpt-6.1-sol,gpt-6.1-sol / high + gpt-6.1-sol / low,fail,fail,,2041.48,2424970,0.9688584
r50,P-solmed,rails-ft-board-publish-unpublish-public-boundary,1,studio,kh-gpt,gpt-6.1-sol + gpt-6.1-sol,gpt-6.1-sol / high + gpt-6.1-sol / medium,fail,fail,,2061.679,3023193,1.1021043999999998
r40,agentic-contract-exec-sol,rails-ft-board-publish-unpublish-public-boundary,1,studio,kh-gpt,gpt-6-luna,low,fail,fail,,1900.673,1645889,
r38,agentic30-execreview-sol,rails-ft-board-publish-unpublish-public-boundary,1,studio,kh-gpt,gpt-6-luna,low,fail,fail,,1578.824,801748,
r43,bundle-v2,rails-ft-board-publish-unpublish-public-boundary,1,studio,kh-gpt,gpt-6-luna,low,fail,fail,,1780.094,2073535,
r48,cascade-contract,rails-ft-board-publish-unpublish-public-boundary,1,studio,kh-gpt,gpt-6-luna,low,fail,fail,,705.913,332519,
r39b,hybrid-execreview-sol,rails-ft-board-publish-unpublish-public-boundary,1,studio,kh-gpt,gpt-6-luna,low,fail,fail,,1657.8,279364,
r64c,kh-plan-shell-lunahigh,rails-ft-board-publish-unpublish-public-boundary,1,studio,kh-gpt,gpt-6-luna + gpt-6.1-sol,gpt-6-luna / high + gpt-6.1-sol / high,fail,fail,,389.713,925936,0.08035546
r64,kh-plan-shell,rails-ft-board-publish-unpublish-public-boundary,1,studio,kh-gpt,gpt-6-luna + gpt-6.1-sol,gpt-6-luna / xhigh + gpt-6.1-sol / high,fail,fail,,1079.961,3479429,0.11809072000000001
r64c,kh-plan-shell-solmedplan,rails-ft-board-publish-unpublish-public-boundary,1,studio,kh-gpt,gpt-6-luna + gpt-6.1-sol,gpt-6-luna / xhigh + gpt-6.1-sol / medium,pass,pass,,880.223,4177752,0.12822888000000002
r43,maxbundle-hybrid,rails-ft-board-publish-unpublish-public-boundary,1,studio,kh-gpt,gpt-6-luna,low,fail,fail,,2125.875,493049,
r69,none,rails-ft-board-publish-unpublish-public-boundary,1,studio,kh-gpt,gpt-6-luna,xhigh,fail,fail,,569.679,1259773,
r33,packplan-review-sol,rails-ft-board-publish-unpublish-public-boundary,1,studio,kh-gpt,gpt-6-luna,low,fail,fail,,3292.695,825431,
r46,route-cascade,rails-ft-board-publish-unpublish-public-boundary,1,studio,kh-gpt,gpt-6-luna,low,fail,fail,,637.841,450456,
r47,route-jev,rails-ft-board-publish-unpublish-public-boundary,1,studio,kh-gpt,gpt-6-luna,high,pass,pass,,1198.152,1902384,
r45,route-v3,rails-ft-board-publish-unpublish-public-boundary,1,studio,kh-gpt,gpt-6-luna,high,fail,fail,,1175.99,864711,
r39b,split3-execreview-sol,rails-ft-board-publish-unpublish-public-boundary,1,studio,kh-gpt,gpt-6-luna,low,fail,fail,,1000.66,1027833,
r50,P-lunamax,rails-ft-board-publish-unpublish-public-boundary,2,studio,kh-gpt,gpt-6-luna + gpt-6.1-sol,gpt-6-luna / xhigh + gpt-6.1-sol / high,fail,fail,,1985.199,4298288,0.6959948
r50,P-sollow,rails-ft-board-publish-unpublish-public-boundary,2,studio,kh-gpt,gpt-6.1-sol + gpt-6.1-sol,gpt-6.1-sol / high + gpt-6.1-sol / low,pass,pass,,2281.901,2760861,1.1624708000000001
r50,P-solmed,rails-ft-board-publish-unpublish-public-boundary,2,studio,kh-gpt,gpt-6.1-sol + gpt-6.1-sol,gpt-6.1-sol / high + gpt-6.1-sol / medium,fail,fail,,2237.976,2892502,1.2137032
r40,agentic-contract-exec-sol,rails-ft-board-publish-unpublish-public-boundary,2,studio,kh-gpt,gpt-6-luna,low,fail,fail,,1548.029,1045485,
r38,agentic30-execreview-sol,rails-ft-board-publish-unpublish-public-boundary,2,studio,kh-gpt,gpt-6-luna,low,fail,fail,,1824.316,1571552,
r43,bundle-v2,rails-ft-board-publish-unpublish-public-boundary,2,studio,kh-gpt,gpt-6-luna,low,fail,fail,,1619.245,1458048,
r48,cascade-contract,rails-ft-board-publish-unpublish-public-boundary,2,studio,kh-gpt,gpt-6-luna,low,fail,fail,,589.351,323169,
r39b,hybrid-execreview-sol,rails-ft-board-publish-unpublish-public-boundary,2,studio,kh-gpt,gpt-6-luna,low,pass,pass,,2096.719,699753,
r64c,kh-plan-shell-lunahigh,rails-ft-board-publish-unpublish-public-boundary,2,studio,kh-gpt,gpt-6-luna + gpt-6.1-sol,gpt-6-luna / high + gpt-6.1-sol / high,fail,fail,,374.146,983707,0.08063002
r64,kh-plan-shell,rails-ft-board-publish-unpublish-public-boundary,2,studio,kh-gpt,gpt-6-luna + gpt-6.1-sol,gpt-6-luna / xhigh + gpt-6.1-sol / high,fail,fail,,991.666,3244283,0.1193232
r64c,kh-plan-shell-solmedplan,rails-ft-board-publish-unpublish-public-boundary,2,studio,kh-gpt,gpt-6-luna + gpt-6.1-sol,gpt-6-luna / xhigh + gpt-6.1-sol / medium,fail,fail,,1064.238,3097742,0.11137149999999998
r43,maxbundle-hybrid,rails-ft-board-publish-unpublish-public-boundary,2,studio,kh-gpt,gpt-6-luna,low,fail,fail,,2208.298,365142,
r69,none,rails-ft-board-publish-unpublish-public-boundary,2,studio,kh-gpt,gpt-6-luna,xhigh,fail,fail,,606.033,1946292,
r33,packplan-review-sol,rails-ft-board-publish-unpublish-public-boundary,2,studio,kh-gpt,gpt-6-luna,low,fail,fail,,526.668,358043,
r46,route-cascade,rails-ft-board-publish-unpublish-public-boundary,2,studio,kh-gpt,gpt-6-luna,low,fail,fail,,627.242,419051,
r47,route-jev,rails-ft-board-publish-unpublish-public-boundary,2,studio,kh-gpt,gpt-6-luna,high,pass,pass,,1491.33,2498921,
r45,route-v3,rails-ft-board-publish-unpublish-public-boundary,2,studio,kh-gpt,gpt-6-luna,high,fail,fail,,1293.301,1560403,
r39b,split3-execreview-sol,rails-ft-board-publish-unpublish-public-boundary,2,studio,kh-gpt,gpt-6-luna,low,fail,fail,,1479.528,1734009,
r50,P-sollow,rails-ft-board-publish-unpublish-public-boundary,3,studio,kh-gpt,gpt-6.1-sol + gpt-6.1-sol,gpt-6.1-sol / high + gpt-6.1-sol / low,fail,fail,,2187.546,2194306,1.0942984
r50,P-solmed,rails-ft-board-publish-unpublish-public-boundary,3,studio,kh-gpt,gpt-6.1-sol + gpt-6.1-sol,gpt-6.1-sol / high + gpt-6.1-sol / medium,fail,fail,,1979.76,3906846,1.1907816000000002
r38,agentic30-execreview-sol,rails-ft-board-publish-unpublish-public-boundary,3,studio,kh-gpt,gpt-6-luna,low,fail,fail,,1373.849,958501,
r43,bundle-v2,rails-ft-board-publish-unpublish-public-boundary,3,studio,kh-gpt,gpt-6-luna,low,fail,fail,,1797.17,1453588,
r39b,hybrid-execreview-sol,rails-ft-board-publish-unpublish-public-boundary,3,studio,kh-gpt,gpt-6-luna,low,fail,fail,,2036.356,692452,
r64c,kh-plan-shell-lunahigh,rails-ft-board-publish-unpublish-public-boundary,3,studio,kh-gpt,gpt-6-luna + gpt-6.1-sol,gpt-6-luna / high + gpt-6.1-sol / high,fail,fail,,358.533,1140592,0.08197958
r64,kh-plan-shell,rails-ft-board-publish-unpublish-public-boundary,3,studio,kh-gpt,gpt-6-luna + gpt-6.1-sol,gpt-6-luna / xhigh + gpt-6.1-sol / high,pass,pass,,999.743,3110818,0.11800013999999999
r64c,kh-plan-shell-solmedplan,rails-ft-board-publish-unpublish-public-boundary,3,studio,kh-gpt,gpt-6-luna + gpt-6.1-sol,gpt-6-luna / xhigh + gpt-6.1-sol / medium,fail,fail,,618.578,2165327,0.10662058000000002
r43,maxbundle-hybrid,rails-ft-board-publish-unpublish-public-boundary,3,studio,kh-gpt,gpt-6-luna,low,fail,fail,,2171.808,681963,
r69,none,rails-ft-board-publish-unpublish-public-boundary,3,studio,kh-gpt,gpt-6-luna,xhigh,fail,fail,,580.742,1391326,
r46,route-cascade,rails-ft-board-publish-unpublish-public-boundary,3,studio,kh-gpt,gpt-6-luna,low,fail,fail,,511.466,694125,
r47,route-jev,rails-ft-board-publish-unpublish-public-boundary,3,studio,kh-gpt,gpt-6-luna,high,fail,fail,,1605.424,2268274,
r45,route-v3,rails-ft-board-publish-unpublish-public-boundary,3,studio,kh-gpt,gpt-6-luna,high,fail,fail,,1321.456,1577092,
r39,split3-execreview-sol,rails-ft-board-publish-unpublish-public-boundary,3,studio,kh-gpt,gpt-6-luna,low,fail,fail,,1480.098,1919136,
r69,approach,rails-ft-board-publish-unpublish-public-boundary,4,studio,kh-gpt,gpt-6-luna,low,pass,pass,,,,
r64b,kh-plan-shell,rails-ft-board-publish-unpublish-public-boundary,4,studio,kh-gpt,gpt-6-luna + gpt-6.1-sol,gpt-6-luna / xhigh + gpt-6.1-sol / high,pass,pass,,1147.019,5037032,0.14456155999999998
r64e,kh-plan-shell-solmedplan,rails-ft-board-publish-unpublish-public-boundary,4,studio,kh-gpt,gpt-6-luna,xhigh,fail,fail,,699.103,2249487,
r69,none,rails-ft-board-publish-unpublish-public-boundary,4,studio,kh-gpt,gpt-6-luna,low,fail,fail,,,,
r64b,kh-plan-shell,rails-ft-board-publish-unpublish-public-boundary,5,studio,kh-gpt,gpt-6-luna + gpt-6.1-sol,gpt-6-luna / xhigh + gpt-6.1-sol / high,pass,pass,,1039.882,4034383,0.12836482
r64e,kh-plan-shell-solmedplan,rails-ft-board-publish-unpublish-public-boundary,5,studio,kh-gpt,gpt-6-luna,xhigh,fail,fail,,847.12,3176080,
r50,P-lunamax,rails-ft-cancelled-account-cleanup,1,studio,kh-gpt,gpt-6-luna + gpt-6.1-sol,gpt-6-luna / xhigh + gpt-6.1-sol / high,fail,fail,,2043.506,4622446,0.7157624
r50,P-sollow,rails-ft-cancelled-account-cleanup,1,studio,kh-gpt,gpt-6.1-sol + gpt-6.1-sol,gpt-6.1-sol / high + gpt-6.1-sol / low,pass,pass,,1464.457,2423951,0.9001052
r50,P-solmed,rails-ft-cancelled-account-cleanup,1,studio,kh-gpt,gpt-6.1-sol + gpt-6.1-sol,gpt-6.1-sol / high + gpt-6.1-sol / medium,fail,fail,,1388.539,1749198,0.6853256
r40,agentic-contract-exec-sol,rails-ft-cancelled-account-cleanup,1,studio,kh-gpt,gpt-6-luna,low,fail,fail,,976.63,384118,
r43,bundle-v2,rails-ft-cancelled-account-cleanup,1,studio,kh-gpt,gpt-6-luna,low,fail,fail,,1293.591,423338,
r48,cascade-contract,rails-ft-cancelled-account-cleanup,1,studio,kh-gpt,gpt-6-luna,low,fail,fail,,841.66,343226,
r48b,cascade-contract-v2,rails-ft-cancelled-account-cleanup,1,studio,kh-gpt,gpt-6-luna + gpt-6.1-sol,gpt-6-luna / low + gpt-6.1-sol / high,fail,fail,,1056.698,1269548,0.60112214
r37,debate-packplan-review,rails-ft-cancelled-account-cleanup,1,studio,kh-gpt,gpt-6-luna,low,fail,fail,,1271.17,241045,
r64c,kh-plan-shell-lunahigh,rails-ft-cancelled-account-cleanup,1,studio,kh-gpt,gpt-6-luna + gpt-6.1-sol,gpt-6-luna / high + gpt-6.1-sol / high,fail,fail,,308.609,620013,0.07304816
r64c,kh-plan-shell-solmedplan,rails-ft-cancelled-account-cleanup,1,studio,kh-gpt,gpt-6-luna + gpt-6.1-sol,gpt-6-luna / xhigh + gpt-6.1-sol / medium,fail,fail,,1032.494,3884235,0.12735352
r43,maxbundle-hybrid,rails-ft-cancelled-account-cleanup,1,studio,kh-gpt,gpt-6-luna,low,pass,pass,,1418.465,302189,
r49,mc-review,rails-ft-cancelled-account-cleanup,1,studio,kh-gpt,gpt-6-luna,gpt-6-luna / max,fail,fail,,1001.888,2970981,0.06549305999999999
r69,none,rails-ft-cancelled-account-cleanup,1,studio,kh-gpt,gpt-6-luna,xhigh,fail,fail,,467.906,1336717,
r33,packplan-review-sol,rails-ft-cancelled-account-cleanup,1,studio,kh-gpt,gpt-6-luna,low,fail,fail,,490.592,463647,
r46,route-cascade,rails-ft-cancelled-account-cleanup,1,studio,kh-gpt,gpt-6-luna,low,fail,fail,,497.746,240771,
r47,route-jev,rails-ft-cancelled-account-cleanup,1,studio,kh-gpt,gpt-6-luna,low,fail,fail,,758.738,458586,
r45,route-v3,rails-ft-cancelled-account-cleanup,1,studio,kh-gpt,gpt-6-luna,low,fail,fail,,854.9,465473,
r50,P-lunamax,rails-ft-cancelled-account-cleanup,2,studio,kh-gpt,gpt-6-luna + gpt-6.1-sol,gpt-6-luna / xhigh + gpt-6.1-sol / high,pass,pass,,2297.175,5783297,0.86964562
r50,P-sollow,rails-ft-cancelled-account-cleanup,2,studio,kh-gpt,gpt-6.1-sol + gpt-6.1-sol,gpt-6.1-sol / high + gpt-6.1-sol / low,fail,fail,,1571.613,2008028,0.8356288000000001
r50,P-solmed,rails-ft-cancelled-account-cleanup,2,studio,kh-gpt,gpt-6.1-sol + gpt-6.1-sol,gpt-6.1-sol / high + gpt-6.1-sol / medium,fail,fail,,1736.631,2426106,0.9383416
r40,agentic-contract-exec-sol,rails-ft-cancelled-account-cleanup,2,studio,kh-gpt,gpt-6-luna,low,fail,fail,,980.446,164909,
r43,bundle-v2,rails-ft-cancelled-account-cleanup,2,studio,kh-gpt,gpt-6-luna,low,fail,fail,,1114.023,279595,
r48,cascade-contract,rails-ft-cancelled-account-cleanup,2,studio,kh-gpt,gpt-6-luna,low,fail,fail,,624.912,194938,
r37,debate-packplan-review,rails-ft-cancelled-account-cleanup,2,studio,kh-gpt,gpt-6-luna,low,fail,fail,,722.792,201070,
r64c,kh-plan-shell-lunahigh,rails-ft-cancelled-account-cleanup,2,studio,kh-gpt,gpt-6-luna + gpt-6.1-sol,gpt-6-luna / high + gpt-6.1-sol / high,fail,fail,,235.85,430226,0.07010794000000001
r64,kh-plan-shell,rails-ft-cancelled-account-cleanup,2,studio,kh-gpt,gpt-6-luna + gpt-6.1-sol,gpt-6-luna / xhigh + gpt-6.1-sol / high,pass,pass,,1578.356,5082110,0.14879926000000004
r64c,kh-plan-shell-solmedplan,rails-ft-cancelled-account-cleanup,2,studio,kh-gpt,gpt-6-luna + gpt-6.1-sol,gpt-6-luna / xhigh + gpt-6.1-sol / medium,pass,pass,,2302.641,6972335,0.16736794000000005
r43,maxbundle-hybrid,rails-ft-cancelled-account-cleanup,2,studio,kh-gpt,gpt-6-luna,low,pass,pass,,1639.63,259457,
r49,mc-review,rails-ft-cancelled-account-cleanup,2,studio,kh-gpt,gpt-6-luna,gpt-6-luna / max,fail,fail,,1068.379,3335535,0.06782934
r69,none,rails-ft-cancelled-account-cleanup,2,studio,kh-gpt,gpt-6-luna,xhigh,fail,fail,,618.991,2329766,
r33,packplan-review-sol,rails-ft-cancelled-account-cleanup,2,studio,kh-gpt,gpt-6-luna,low,fail,fail,,373.932,137441,
r46,route-cascade,rails-ft-cancelled-account-cleanup,2,studio,kh-gpt,gpt-6-luna,low,fail,fail,,501.558,243129,
r47,route-jev,rails-ft-cancelled-account-cleanup,2,studio,kh-gpt,gpt-6-luna,low,fail,fail,,1253.591,513510,
r45,route-v3,rails-ft-cancelled-account-cleanup,2,studio,kh-gpt,gpt-6-luna,low,fail,fail,,1345.737,1371350,
r50,P-lunamax,rails-ft-cancelled-account-cleanup,3,studio,kh-gpt,gpt-6-luna + gpt-6.1-sol,gpt-6-luna / xhigh + gpt-6.1-sol / high,fail,fail,,2315.706,3749077,0.74922948
r50,P-sollow,rails-ft-cancelled-account-cleanup,3,studio,kh-gpt,gpt-6.1-sol + gpt-6.1-sol,gpt-6.1-sol / high + gpt-6.1-sol / low,fail,fail,,1481.909,1705212,0.8271136
r50,P-solmed,rails-ft-cancelled-account-cleanup,3,studio,kh-gpt,gpt-6.1-sol + gpt-6.1-sol,gpt-6.1-sol / high + gpt-6.1-sol / medium,fail,fail,,1313.438,1736223,0.7896411999999999
r40,agentic-contract-exec-sol,rails-ft-cancelled-account-cleanup,3,studio,kh-gpt,gpt-6-luna,low,pass,pass,,1286.732,289431,
r43,bundle-v2,rails-ft-cancelled-account-cleanup,3,studio,kh-gpt,gpt-6-luna,low,fail,fail,,1156.842,255872,
r48,cascade-contract,rails-ft-cancelled-account-cleanup,3,studio,kh-gpt,gpt-6-luna,low,fail,fail,,892.014,357173,
r48b,cascade-contract-v2,rails-ft-cancelled-account-cleanup,3,studio,kh-gpt,gpt-6-luna + gpt-6.1-sol,gpt-6-luna / low + gpt-6.1-sol / high,fail,fail,,1054.113,1365598,0.54095834
r37,debate-packplan-review,rails-ft-cancelled-account-cleanup,3,studio,kh-gpt,gpt-6-luna,low,fail,fail,,1034.108,232783,
r64c,kh-plan-shell-lunahigh,rails-ft-cancelled-account-cleanup,3,studio,kh-gpt,gpt-6-luna + gpt-6.1-sol,gpt-6-luna / high + gpt-6.1-sol / high,fail,fail,,272.876,509828,0.07296504
r64,kh-plan-shell,rails-ft-cancelled-account-cleanup,3,studio,kh-gpt,gpt-6-luna + gpt-6.1-sol,gpt-6-luna / xhigh + gpt-6.1-sol / high,pass,pass,,1585.084,5763836,0.16164894000000002
r64c,kh-plan-shell-solmedplan,rails-ft-cancelled-account-cleanup,3,studio,kh-gpt,gpt-6-luna + gpt-6.1-sol,gpt-6-luna / xhigh + gpt-6.1-sol / medium,pass,pass,,1135.92,6006276,0.15949547999999997
r43,maxbundle-hybrid,rails-ft-cancelled-account-cleanup,3,studio,kh-gpt,gpt-6-luna,low,pass,pass,,1438.865,171396,
r69,none,rails-ft-cancelled-account-cleanup,3,studio,kh-gpt,gpt-6-luna,xhigh,fail,fail,,476.351,1204235,
r46,route-cascade,rails-ft-cancelled-account-cleanup,3,studio,kh-gpt,gpt-6-luna,low,fail,fail,,520.109,170488,
r47,route-jev,rails-ft-cancelled-account-cleanup,3,studio,kh-gpt,gpt-6-luna,low,fail,fail,,1037.193,840470,
r45,route-v3,rails-ft-cancelled-account-cleanup,3,studio,kh-gpt,gpt-6-luna,low,fail,fail,,1124.749,371096,
r69,accept,rails-ft-cancelled-account-cleanup,4,studio,kh-gpt,gpt-6-luna,low,pass,pass,,,,
r69,approach,rails-ft-cancelled-account-cleanup,4,studio,kh-gpt,gpt-6-luna,low,pass,pass,,,,
r37,debate-packplan-review,rails-ft-cancelled-account-cleanup,4,studio,kh-gpt,gpt-6-luna,low,fail,fail,,951.3,138173,
r64b,kh-plan-shell,rails-ft-cancelled-account-cleanup,4,studio,kh-gpt,gpt-6-luna + gpt-6.1-sol,gpt-6-luna / xhigh + gpt-6.1-sol / high,pass,pass,,1280.613,5550748,0.15571069999999998
r64e,kh-plan-shell-solmedplan,rails-ft-cancelled-account-cleanup,4,studio,kh-gpt,gpt-6-luna,xhigh,pass,pass,,1161.431,5786099,
r69,none,rails-ft-cancelled-account-cleanup,4,studio,kh-gpt,gpt-6-luna,low,fail,fail,,,,
r69,spec,rails-ft-cancelled-account-cleanup,4,studio,kh-gpt,gpt-6-luna,low,pass,pass,,,,
r37,contract-review-sol,rails-ft-cancelled-account-cleanup,5,studio,kh-gpt,gpt-6-luna,low,fail,fail,,632.369,823371,
r37,debate-packplan-review,rails-ft-cancelled-account-cleanup,5,studio,kh-gpt,gpt-6-luna,low,fail,fail,,747.704,142903,
r64b,kh-plan-shell,rails-ft-cancelled-account-cleanup,5,studio,kh-gpt,gpt-6-luna + gpt-6.1-sol,gpt-6-luna / xhigh + gpt-6.1-sol / high,pass,pass,,1304.608,7249955,0.17150698000000003
r64e,kh-plan-shell-solmedplan,rails-ft-cancelled-account-cleanup,5,studio,kh-gpt,gpt-6-luna,xhigh,pass,pass,,1411.127,6613894,
r50,P-lunamax,rails-ft-entropy-sweep,1,studio,kh-gpt,gpt-6-luna + gpt-6.1-sol,gpt-6-luna / xhigh + gpt-6.1-sol / high,pass,pass,,2256.551,3668511,0.5798822000000001
r50,P-sollow,rails-ft-entropy-sweep,1,studio,kh-gpt,gpt-6.1-sol + gpt-6.1-sol,gpt-6.1-sol / high + gpt-6.1-sol / low,pass,pass,,2256.181,1722604,0.800464
r50,P-solmed,rails-ft-entropy-sweep,1,studio,kh-gpt,gpt-6.1-sol + gpt-6.1-sol,gpt-6.1-sol / high + gpt-6.1-sol / medium,pass,pass,,2255.446,1785630,0.8119959999999999
r40,agentic-contract-exec-sol,rails-ft-entropy-sweep,1,studio,kh-gpt,gpt-6-luna,low,pass,pass,,1377.629,224018,
r43,bundle-v2,rails-ft-entropy-sweep,1,studio,kh-gpt,gpt-6-luna,low,pass,pass,,1967.298,1237274,
r48,cascade-contract,rails-ft-entropy-sweep,1,studio,kh-gpt,gpt-6-luna,low,fail,fail,,1279.138,290934,
r39b,hybrid-execreview-sol,rails-ft-entropy-sweep,1,studio,kh-gpt,gpt-6-luna,low,pass,pass,,1884.224,394097,
r64c,kh-plan-shell-lunahigh,rails-ft-entropy-sweep,1,studio,kh-gpt,gpt-6-luna + gpt-6.1-sol,gpt-6-luna / high + gpt-6.1-sol / high,pass,pass,,207.497,297929,0.06923136
r64,kh-plan-shell,rails-ft-entropy-sweep,1,studio,kh-gpt,gpt-6-luna + gpt-6.1-sol,gpt-6-luna / xhigh + gpt-6.1-sol / high,pass,pass,,801.093,1149898,0.09642222
r64c,kh-plan-shell-solmedplan,rails-ft-entropy-sweep,1,studio,kh-gpt,gpt-6-luna + gpt-6.1-sol,gpt-6-luna / xhigh + gpt-6.1-sol / medium,pass,pass,,1346.34,4863348,0.13820818
r43,maxbundle-hybrid,rails-ft-entropy-sweep,1,studio,kh-gpt,gpt-6-luna,low,pass,pass,,2435.418,409291,
r69,none,rails-ft-entropy-sweep,1,studio,kh-gpt,gpt-6-luna,xhigh,pass,pass,,698.176,896892,
r46,route-cascade,rails-ft-entropy-sweep,1,studio,kh-gpt,gpt-6-luna,low,fail,fail,,402.896,76125,
r47,route-jev,rails-ft-entropy-sweep,1,studio,kh-gpt,gpt-6-luna,low,fail,fail,,56.853,138625,
r45,route-v3,rails-ft-entropy-sweep,1,studio,kh-gpt,gpt-6-luna,low,pass,pass,,2182.297,549450,
r50,P-lunamax,rails-ft-entropy-sweep,2,studio,kh-gpt,gpt-6-luna + gpt-6.1-sol,gpt-6-luna / xhigh + gpt-6.1-sol / high,pass,pass,,2073.459,1995528,0.61112606
r50,P-sollow,rails-ft-entropy-sweep,2,studio,kh-gpt,gpt-6.1-sol + gpt-6.1-sol,gpt-6.1-sol / high + gpt-6.1-sol / low,pass,pass,,2187.008,1750345,0.9450212
r50,P-solmed,rails-ft-entropy-sweep,2,studio,kh-gpt,gpt-6.1-sol + gpt-6.1-sol,gpt-6.1-sol / high + gpt-6.1-sol / medium,pass,pass,,2025.509,1734148,0.8441872
r48,cascade-contract,rails-ft-entropy-sweep,2,studio,kh-gpt,gpt-6-luna,low,fail,fail,,1446.958,415540,
r64c,kh-plan-shell-lunahigh,rails-ft-entropy-sweep,2,studio,kh-gpt,gpt-6-luna + gpt-6.1-sol,gpt-6-luna / high + gpt-6.1-sol / high,pass,pass,,340.057,501737,0.07295309999999999
r64,kh-plan-shell,rails-ft-entropy-sweep,2,studio,kh-gpt,gpt-6-luna + gpt-6.1-sol,gpt-6-luna / xhigh + gpt-6.1-sol / high,pass,pass,,1152.134,2905706,0.11621812000000001
r64c,kh-plan-shell-solmedplan,rails-ft-entropy-sweep,2,studio,kh-gpt,gpt-6-luna + gpt-6.1-sol,gpt-6-luna / xhigh + gpt-6.1-sol / medium,pass,pass,,1595.836,5749044,0.15107518
r43,maxbundle-hybrid,rails-ft-entropy-sweep,2,studio,kh-gpt,gpt-6-luna,low,pass,pass,,1968.253,348391,
r69,none,rails-ft-entropy-sweep,2,studio,kh-gpt,gpt-6-luna,xhigh,fail,fail,,690.212,1558222,
r46,route-cascade,rails-ft-entropy-sweep,2,studio,kh-gpt,gpt-6-luna,low,fail,fail,,510.142,216602,
r47,route-jev,rails-ft-entropy-sweep,2,studio,kh-gpt,gpt-6-luna,low,fail,fail,,132.214,121497,
r45,route-v3,rails-ft-entropy-sweep,2,studio,kh-gpt,gpt-6-luna,low,pass,pass,,1981.217,439628,
r39b,split3-execreview-sol,rails-ft-entropy-sweep,2,studio,kh-gpt,gpt-6-luna,low,pass,pass,,954.009,725064,
r50,P-sollow,rails-ft-entropy-sweep,3,studio,kh-gpt,gpt-6.1-sol + gpt-6.1-sol,gpt-6.1-sol / high + gpt-6.1-sol / low,pass,pass,,2241.332,1636326,0.7981624
r50,P-solmed,rails-ft-entropy-sweep,3,studio,kh-gpt,gpt-6.1-sol + gpt-6.1-sol,gpt-6.1-sol / high + gpt-6.1-sol / medium,pass,pass,,2175.579,1868948,0.8396864
r43,bundle-v2,rails-ft-entropy-sweep,3,studio,kh-gpt,gpt-6-luna,low,fail,fail,,2181.566,554711,
r48,cascade-contract,rails-ft-entropy-sweep,3,studio,kh-gpt,gpt-6-luna,low,fail,fail,,1056.285,234498,
r48b,cascade-contract-v2,rails-ft-entropy-sweep,3,studio,kh-gpt,gpt-6-luna + gpt-6.1-sol,gpt-6-luna / low + gpt-6.1-sol / high,fail,fail,,615.307,440090,0.25755794
r39b,hybrid-execreview-sol,rails-ft-entropy-sweep,3,studio,kh-gpt,gpt-6-luna,low,pass,pass,,2077.046,412279,
r64c,kh-plan-shell-lunahigh,rails-ft-entropy-sweep,3,studio,kh-gpt,gpt-6-luna + gpt-6.1-sol,gpt-6-luna / high + gpt-6.1-sol / high,pass,pass,,450.752,657549,0.07478974
r64c,kh-plan-shell-solmedplan,rails-ft-entropy-sweep,3,studio,kh-gpt,gpt-6-luna + gpt-6.1-sol,gpt-6-luna / xhigh + gpt-6.1-sol / medium,pass,pass,,1274.087,4045855,0.13458028
r43,maxbundle-hybrid,rails-ft-entropy-sweep,3,studio,kh-gpt,gpt-6-luna,low,fail,fail,,1770.672,245452,
r49,mc-contract,rails-ft-entropy-sweep,3,studio,kh-gpt,gpt-6-luna + gpt-6.1-sol,gpt-6-luna / max + gpt-6.1-sol / high,fail,fail,,1056.715,1687020,0.27014778
r49,mc-review,rails-ft-entropy-sweep,3,studio,kh-gpt,gpt-6-luna + gpt-6.1-sol,gpt-6-luna / max + gpt-6.1-sol / high,pass,pass,,1705.665,2466112,0.19829636
r69,none,rails-ft-entropy-sweep,3,studio,kh-gpt,gpt-6-luna,xhigh,fail,fail,,553.151,1236428,
r33,packplan-review-sol,rails-ft-entropy-sweep,3,studio,kh-gpt,gpt-6-luna,low,fail,fail,,1598.15,294306,
r46,route-cascade,rails-ft-entropy-sweep,3,studio,kh-gpt,gpt-6-luna,low,fail,fail,,337.909,58012,
r47,route-jev,rails-ft-entropy-sweep,3,studio,kh-gpt,gpt-6-luna,low,fail,fail,,92.039,181325,
r45,route-v3,rails-ft-entropy-sweep,3,studio,kh-gpt,gpt-6-luna,low,pass,pass,,1474.281,410806,
r69,accept,rails-ft-entropy-sweep,4,studio,kh-gpt,gpt-6-luna,low,pass,pass,,,,
r69,approach,rails-ft-entropy-sweep,4,studio,kh-gpt,gpt-6-luna,low,pass,pass,,,,
r64b,kh-plan-shell,rails-ft-entropy-sweep,4,studio,kh-gpt,gpt-6-luna + gpt-6.1-sol,gpt-6-luna / xhigh + gpt-6.1-sol / high,pass,pass,,1203.431,3720596,0.13065278
r64e,kh-plan-shell-solmedplan,rails-ft-entropy-sweep,4,studio,kh-gpt,gpt-6-luna,xhigh,pass,pass,,1246.949,2258174,
r69,none,rails-ft-entropy-sweep,4,studio,kh-gpt,gpt-6-luna,low,fail,fail,,,,
r69,spec,rails-ft-entropy-sweep,4,studio,kh-gpt,gpt-6-luna,low,pass,pass,,,,
r64e,kh-plan-shell-solmedplan,rails-ft-entropy-sweep,5,studio,kh-gpt,gpt-6-luna,xhigh,pass,pass,,1110.885,3567694,
r48,cascade-contract,rails-ft-i18n-support,1,studio,kh-gpt,gpt-6-luna,low,fail,fail,,656.535,199059,
r64c,kh-plan-shell-lunahigh,rails-ft-i18n-support,1,studio,kh-gpt,gpt-6-luna + gpt-6.1-sol,gpt-6-luna / high + gpt-6.1-sol / high,fail,fail,,315.136,575070,0.07371401999999999
r33,packplan-review-sol,rails-ft-i18n-support,1,studio,kh-gpt,gpt-6-luna,low,fail,fail,,1812.742,1765161,
r46,route-cascade,rails-ft-i18n-support,1,studio,kh-gpt,gpt-6-luna,low,fail,fail,,526.542,165619,
r50,P-sollow,rails-ft-i18n-support,2,studio,kh-gpt,gpt-6.1-sol + gpt-6.1-sol,gpt-6.1-sol / high + gpt-6.1-sol / low,fail,unresolved,environment label requires evidence review; no exclusion asserted,2406.903,3433686,1.3305783999999998
r48,cascade-contract,rails-ft-i18n-support,2,studio,kh-gpt,gpt-6-luna,low,fail,fail,,753.978,310362,
r64c,kh-plan-shell-lunahigh,rails-ft-i18n-support,2,studio,kh-gpt,gpt-6-luna + gpt-6.1-sol,gpt-6-luna / high + gpt-6.1-sol / high,fail,fail,,250.144,361286,0.07012126
r33,packplan-review-sol,rails-ft-i18n-support,2,studio,kh-gpt,gpt-6-luna,low,fail,fail,,3358.765,958824,
r46,route-cascade,rails-ft-i18n-support,2,studio,kh-gpt,gpt-6-luna,low,fail,fail,,412.816,211399,
r50,P-sollow,rails-ft-i18n-support,3,studio,kh-gpt,gpt-6.1-sol + gpt-6.1-sol,gpt-6.1-sol / high + gpt-6.1-sol / low,fail,fail,,2328.554,4015524,1.422648
r48,cascade-contract,rails-ft-i18n-support,3,studio,kh-gpt,gpt-6-luna,low,fail,fail,,1006.632,131864,
r64c,kh-plan-shell-lunahigh,rails-ft-i18n-support,3,studio,kh-gpt,gpt-6-luna + gpt-6.1-sol,gpt-6-luna / high + gpt-6.1-sol / high,fail,fail,,326.585,218431,0.0681807
r33,packplan-review-sol,rails-ft-i18n-support,3,studio,kh-gpt,gpt-6-luna,low,fail,fail,,1135.85,478302,
r46,route-cascade,rails-ft-i18n-support,3,studio,kh-gpt,gpt-6-luna,low,fail,fail,,425.716,123836,
r56,B-ctx-det,rails-ft-mysql-fulltext-search-foundation,1,studio,kh-gpt,gpt-6-luna,gpt-6-luna / xhigh,fail,fail,,451.365,1757146,0.039958600000000004
r56d,B-ctx-det,rails-ft-mysql-fulltext-search-foundation,1,studio,kh-gpt,gpt-6-luna,gpt-6-luna / xhigh,fail,fail,,812.156,4199739,0.06719941999999998
r56,B-ctx-ls,rails-ft-mysql-fulltext-search-foundation,1,studio,kh-gpt,gpt-6-luna,gpt-6-luna / xhigh,fail,fail,,715.25,2916129,0.05345881999999999
r56,B-ctx-none,rails-ft-mysql-fulltext-search-foundation,1,studio,kh-gpt,gpt-6-luna,gpt-6-luna / xhigh,fail,fail,,994.817,4872148,0.07658248
r56,B-ctx-pack,rails-ft-mysql-fulltext-search-foundation,1,studio,kh-gpt,gpt-6-luna + gpt-6-luna,gpt-6-luna / low + gpt-6-luna / xhigh,fail,fail,,608.225,1680942,0.03890436
r56,P-full,rails-ft-mysql-fulltext-search-foundation,1,studio,kh-gpt,gpt-6-luna + gpt-6.1-sol,gpt-6-luna / xhigh + gpt-6.1-sol / high,pass,pass,,2138.081,4364869,0.6331594399999999
r56b,P-full,rails-ft-mysql-fulltext-search-foundation,1,studio,kh-gpt,gpt-6-luna + gpt-6.1-sol,gpt-6-luna / xhigh + gpt-6.1-sol / high,pass,pass,,2290.953,6429987,0.7086091
r56b,P-full,rails-ft-mysql-fulltext-search-foundation,1,studio,kh-gpt,gpt-6-luna + gpt-6.1-sol,gpt-6-luna / xhigh + gpt-6.1-sol / high,pass,pass,,2280.255,3964257,0.66730888
r56b,P-full,rails-ft-mysql-fulltext-search-foundation,1,studio,kh-gpt,gpt-6-luna + gpt-6.1-sol,gpt-6-luna / xhigh + gpt-6.1-sol / high,pass,pass,,1997.659,5898918,0.6367346000000002
r56b,P-full,rails-ft-mysql-fulltext-search-foundation,1,studio,kh-gpt,gpt-6-luna + gpt-6.1-sol,gpt-6-luna / xhigh + gpt-6.1-sol / high,pass,pass,,2542.766,5601704,0.8287582
r56,P-nocontract,rails-ft-mysql-fulltext-search-foundation,1,studio,kh-gpt,gpt-6-luna + gpt-6.1-sol,gpt-6-luna / xhigh + gpt-6.1-sol / high,pass,pass,,1632.539,3275284,0.42349317999999997
r56b,P-nocontract,rails-ft-mysql-fulltext-search-foundation,1,studio,kh-gpt,gpt-6-luna + gpt-6.1-sol,gpt-6-luna / xhigh + gpt-6.1-sol / high,pass,pass,,1201.38,2108468,0.370005
r56b,P-nocontract,rails-ft-mysql-fulltext-search-foundation,1,studio,kh-gpt,gpt-6-luna + gpt-6.1-sol,gpt-6-luna / xhigh + gpt-6.1-sol / high,pass,pass,,2357.67,3191803,0.6548423
r56b,P-nocontract,rails-ft-mysql-fulltext-search-foundation,1,studio,kh-gpt,gpt-6-luna + gpt-6.1-sol,gpt-6-luna / xhigh + gpt-6.1-sol / high,pass,pass,,2486.111,7387256,0.5545276800000001
r56b,P-nocontract,rails-ft-mysql-fulltext-search-foundation,1,studio,kh-gpt,gpt-6-luna + gpt-6.1-sol,gpt-6-luna / xhigh + gpt-6.1-sol / high,pass,pass,,2188.477,5656426,0.6357798400000001
r56b,P-nocontract,rails-ft-mysql-fulltext-search-foundation,1,studio,kh-gpt,gpt-6-luna + gpt-6.1-sol,gpt-6-luna / xhigh + gpt-6.1-sol / high,pass,pass,,1980.033,4547016,0.44860974000000003
r56b,P-noctx2,rails-ft-mysql-fulltext-search-foundation,1,studio,kh-gpt,gpt-6-luna + gpt-6.1-sol,gpt-6-luna / xhigh + gpt-6.1-sol / high,pass,pass,,1872.998,3070225,0.38201033999999995
r56b,P-noctx2,rails-ft-mysql-fulltext-search-foundation,1,studio,kh-gpt,gpt-6-luna + gpt-6.1-sol,gpt-6-luna / xhigh + gpt-6.1-sol / high,pass,pass,,1379.13,4273117,0.36822980000000005
r56b,P-noctx2,rails-ft-mysql-fulltext-search-foundation,1,studio,kh-gpt,gpt-6-luna + gpt-6.1-sol,gpt-6-luna / xhigh + gpt-6.1-sol / high,fail,fail,,2513.759,4907912,0.59644026
r56b,P-noctx2,rails-ft-mysql-fulltext-search-foundation,1,studio,kh-gpt,gpt-6-luna + gpt-6.1-sol,gpt-6-luna / xhigh + gpt-6.1-sol / high,pass,pass,,1233.651,2411339,0.37135756
r56b,P-noctx2,rails-ft-mysql-fulltext-search-foundation,1,studio,kh-gpt,gpt-6-luna + gpt-6.1-sol,gpt-6-luna / xhigh + gpt-6.1-sol / high,pass,pass,,1197.891,2879006,0.40840257999999996
r56b,P-noctx2,rails-ft-mysql-fulltext-search-foundation,1,studio,kh-gpt,gpt-6-luna + gpt-6.1-sol,gpt-6-luna / xhigh + gpt-6.1-sol / high,pass,pass,,1668.051,4736036,0.40746164
r56b,P-noctx2,rails-ft-mysql-fulltext-search-foundation,1,studio,kh-gpt,gpt-6-luna + gpt-6.1-sol,gpt-6-luna / xhigh + gpt-6.1-sol / high,pass,pass,,1196.34,2997356,0.41362930000000003
r56b,P-noctx2,rails-ft-mysql-fulltext-search-foundation,1,studio,kh-gpt,gpt-6-luna + gpt-6.1-sol,gpt-6-luna / xhigh + gpt-6.1-sol / high,pass,pass,,1287.326,2423354,0.42280653999999995
r56b,P-noctx2,rails-ft-mysql-fulltext-search-foundation,1,studio,kh-gpt,gpt-6-luna + gpt-6.1-sol,gpt-6-luna / xhigh + gpt-6.1-sol / high,pass,pass,,1258.913,3178732,0.36950494
r56b,P-noctx2,rails-ft-mysql-fulltext-search-foundation,1,studio,kh-gpt,gpt-6-luna + gpt-6.1-sol,gpt-6-luna / xhigh + gpt-6.1-sol / high,pass,pass,,1344.652,4011508,0.44149338000000005
r56c,P-noplan2,rails-ft-mysql-fulltext-search-foundation,1,studio,kh-gpt,gpt-6-luna + gpt-6.1-sol,gpt-6-luna / xhigh + gpt-6.1-sol / high,pass,pass,,1758.99,2871385,0.47902488
r56b,P-noreview,rails-ft-mysql-fulltext-search-foundation,1,studio,kh-gpt,gpt-6-luna + gpt-6.1-sol,gpt-6-luna / xhigh + gpt-6.1-sol / high,pass,pass,,1807.693,5201754,0.5560035
r56b,P-noreview,rails-ft-mysql-fulltext-search-foundation,1,studio,kh-gpt,gpt-6-luna + gpt-6.1-sol,gpt-6-luna / xhigh + gpt-6.1-sol / high,pass,pass,,1801.086,5839483,0.57963684
r56b,P-noreview,rails-ft-mysql-fulltext-search-foundation,1,studio,kh-gpt,gpt-6-luna + gpt-6.1-sol,gpt-6-luna / xhigh + gpt-6.1-sol / high,pass,pass,,1956.777,4019617,0.5772477399999999
r56b,P-noreview,rails-ft-mysql-fulltext-search-foundation,1,studio,kh-gpt,gpt-6-luna + gpt-6.1-sol,gpt-6-luna / xhigh + gpt-6.1-sol / high,pass,pass,,1218.546,1860050,0.44216486
r56b,P-noreview,rails-ft-mysql-fulltext-search-foundation,1,studio,kh-gpt,gpt-6-luna + gpt-6.1-sol,gpt-6-luna / xhigh + gpt-6.1-sol / high,pass,pass,,2067.275,5165185,0.52925142
r56b,P-noreview,rails-ft-mysql-fulltext-search-foundation,1,studio,kh-gpt,gpt-6-luna + gpt-6.1-sol,gpt-6-luna / xhigh + gpt-6.1-sol / high,pass,pass,,1373.669,2147839,0.39933470000000004
r50,P-sollow,rails-ft-mysql-fulltext-search-foundation,1,studio,kh-gpt,gpt-6.1-sol + gpt-6.1-sol,gpt-6.1-sol / high + gpt-6.1-sol / low,pass,pass,,1398.662,1504013,0.6805108
r50,P-solmed,rails-ft-mysql-fulltext-search-foundation,1,studio,kh-gpt,gpt-6.1-sol + gpt-6.1-sol,gpt-6.1-sol / high + gpt-6.1-sol / medium,pass,pass,,2268.396,2628174,1.1633416
r43,bundle-v2,rails-ft-mysql-fulltext-search-foundation,1,studio,kh-gpt,gpt-6-luna,low,pass,pass,,1661.089,652417,
r48,cascade-contract,rails-ft-mysql-fulltext-search-foundation,1,studio,kh-gpt,gpt-6-luna,low,fail,fail,,623.544,159226,
r37,debate-packplan-review,rails-ft-mysql-fulltext-search-foundation,1,studio,kh-gpt,gpt-6-luna,low,pass,pass,,757.539,113245,
r57b,default-tools,rails-ft-mysql-fulltext-search-foundation,1,studio,kh-gpt,gpt-6-luna,low,fail,fail,,1057.643,5621166,0.08877219999999995
r64c,kh-plan-shell-lunahigh,rails-ft-mysql-fulltext-search-foundation,1,studio,kh-gpt,gpt-6-luna + gpt-6.1-sol,gpt-6-luna / high + gpt-6.1-sol / high,pass,pass,,290.816,438266,0.07705302
r64,kh-plan-shell,rails-ft-mysql-fulltext-search-foundation,1,studio,kh-gpt,gpt-6-luna + gpt-6.1-sol,gpt-6-luna / xhigh + gpt-6.1-sol / high,pass,pass,,967.143,2424319,0.10946082000000001
r64c,kh-plan-shell-solmedplan,rails-ft-mysql-fulltext-search-foundation,1,studio,kh-gpt,gpt-6-luna + gpt-6.1-sol,gpt-6-luna / xhigh + gpt-6.1-sol / medium,pass,pass,,793.834,3053732,0.11034734
r43,maxbundle-hybrid,rails-ft-mysql-fulltext-search-foundation,1,studio,kh-gpt,gpt-6-luna,low,pass,pass,,1252.458,154116,
r69,none,rails-ft-mysql-fulltext-search-foundation,1,studio,kh-gpt,gpt-6-luna,xhigh,fail,fail,,587.224,1620187,
r33,packplan-review-sol,rails-ft-mysql-fulltext-search-foundation,1,studio,kh-gpt,gpt-6-luna,low,pass,pass,,407.346,276247,
r51,pl-approach-luna-low,rails-ft-mysql-fulltext-search-foundation,1,studio,kh-gpt,gpt-6-luna + gpt-6.1-sol,gpt-6-luna / low + gpt-6.1-sol / high,pass,pass,,348.397,241831,0.052617559999999994
r51,pl-approach-luna-max,rails-ft-mysql-fulltext-search-foundation,1,studio,kh-gpt,gpt-6-luna + gpt-6-luna + gpt-6.1-sol,gpt-6-luna / low + gpt-6-luna / xhigh + gpt-6.1-sol / high,pass,pass,,850.417,2090025,0.08431992
r51,pl-approach-sol-low,rails-ft-mysql-fulltext-search-foundation,1,studio,kh-gpt,gpt-6-luna + gpt-6.1-sol + gpt-6.1-sol,gpt-6-luna / low + gpt-6.1-sol / high + gpt-6.1-sol / low,pass,pass,,529.801,414791,0.18756674
r51,pl-criteria-luna-low,rails-ft-mysql-fulltext-search-foundation,1,studio,kh-gpt,gpt-6-luna + gpt-6.1-sol,gpt-6-luna / low + gpt-6.1-sol / high,fail,fail,,188.483,231208,0.0267555
r51,pl-criteria-luna-max,rails-ft-mysql-fulltext-search-foundation,1,studio,kh-gpt,gpt-6-luna + gpt-6-luna + gpt-6.1-sol,gpt-6-luna / low + gpt-6-luna / xhigh + gpt-6.1-sol / high,pass,pass,,717.67,1860536,0.06075757999999999
r51,pl-criteria-sol-low,rails-ft-mysql-fulltext-search-foundation,1,studio,kh-gpt,gpt-6-luna + gpt-6.1-sol + gpt-6.1-sol,gpt-6-luna / low + gpt-6.1-sol / high + gpt-6.1-sol / low,pass,pass,,247.298,166665,0.09712090000000001
r51,pl-none-luna-low,rails-ft-mysql-fulltext-search-foundation,1,studio,kh-gpt,gpt-6-luna,gpt-6-luna / low,fail,fail,,101.936,366044,0.00780568
r51,pl-none-luna-max,rails-ft-mysql-fulltext-search-foundation,1,studio,kh-gpt,gpt-6-luna,gpt-6-luna / xhigh,fail,fail,,638.949,2002072,0.0385224
r51,pl-none-sol-low,rails-ft-mysql-fulltext-search-foundation,1,studio,kh-gpt,gpt-6.1-sol,gpt-6.1-sol / low,pass,pass,,121.579,143353,0.08163079999999999
r51,pl-steps-luna-low,rails-ft-mysql-fulltext-search-foundation,1,studio,kh-gpt,gpt-6-luna + gpt-6.1-sol,gpt-6-luna / low + gpt-6.1-sol / high,pass,pass,,267.814,185295,0.04385056
r51,pl-steps-luna-max,rails-ft-mysql-fulltext-search-foundation,1,studio,kh-gpt,gpt-6-luna + gpt-6-luna + gpt-6.1-sol,gpt-6-luna / low + gpt-6-luna / xhigh + gpt-6.1-sol / high,pass,pass,,918.226,1450286,0.08877336
r51,pl-steps-sol-low,rails-ft-mysql-fulltext-search-foundation,1,studio,kh-gpt,gpt-6-luna + gpt-6.1-sol + gpt-6.1-sol,gpt-6-luna / low + gpt-6.1-sol / high + gpt-6.1-sol / low,pass,pass,,523.578,432780,0.14272062
r46,route-cascade,rails-ft-mysql-fulltext-search-foundation,1,studio,kh-gpt,gpt-6-luna,low,fail,fail,,516.907,168658,
r47,route-jev,rails-ft-mysql-fulltext-search-foundation,1,studio,kh-gpt,gpt-6-luna,high,pass,pass,,1403.709,2198183,
r45,route-v3,rails-ft-mysql-fulltext-search-foundation,1,studio,kh-gpt,gpt-6-luna,low,pass,pass,,667.91,302308,
r57b,shell-only,rails-ft-mysql-fulltext-search-foundation,1,studio,kh-gpt,gpt-6-luna,low,fail,fail,,492.016,1604751,0.03266542
r56p2,B-ctx-det,rails-ft-mysql-fulltext-search-foundation,10,studio,kh-gpt,gpt-6-luna,gpt-6-luna / xhigh,fail,fail,,1044.046,4605298,0.07278716000000002
r56p2,B-ctx-ls,rails-ft-mysql-fulltext-search-foundation,10,studio,kh-gpt,gpt-6-luna,gpt-6-luna / xhigh,fail,fail,,835.289,5330825,0.08145546000000001
r56p2,B-ctx-pack,rails-ft-mysql-fulltext-search-foundation,10,studio,kh-gpt,gpt-6-luna + gpt-6-luna,gpt-6-luna / low + gpt-6-luna / xhigh,fail,fail,,1760.304,1946737,0.042947860000000004
r57d,default-tools,rails-ft-mysql-fulltext-search-foundation,10,studio,kh-gpt,gpt-6-luna,low,fail,fail,,925.511,2833170,0.051587640000000004
r57d,shell-only,rails-ft-mysql-fulltext-search-foundation,10,studio,kh-gpt,gpt-6-luna,low,fail,fail,,581.742,1873820,0.03608344
r56p2,B-ctx-det,rails-ft-mysql-fulltext-search-foundation,11,studio,kh-gpt,gpt-6-luna,gpt-6-luna / xhigh,fail,fail,,822.725,3452171,0.05742574
r56p2,B-ctx-ls,rails-ft-mysql-fulltext-search-foundation,11,studio,kh-gpt,gpt-6-luna,gpt-6-luna / xhigh,fail,fail,,1069.184,4906763,0.08895677999999997
r56p2,B-ctx-none,rails-ft-mysql-fulltext-search-foundation,11,studio,kh-gpt,gpt-6-luna,gpt-6-luna / xhigh,fail,fail,,980.812,3733593,0.06471058000000002
r56p2,B-ctx-pack,rails-ft-mysql-fulltext-search-foundation,11,studio,kh-gpt,gpt-6-luna + gpt-6-luna,gpt-6-luna / low + gpt-6-luna / xhigh,fail,fail,,604.564,2290924,0.04496712
r56c,P-noplan2,rails-ft-mysql-fulltext-search-foundation,11,studio,kh-gpt,gpt-6-luna + gpt-6.1-sol,gpt-6-luna / xhigh + gpt-6.1-sol / high,pass,pass,,1726.021,2169569,0.46409736000000007
r57d,default-tools,rails-ft-mysql-fulltext-search-foundation,11,studio,kh-gpt,gpt-6-luna,low,fail,fail,,710.715,3217436,0.05513751999999999
r57d,shell-only,rails-ft-mysql-fulltext-search-foundation,11,studio,kh-gpt,gpt-6-luna,low,fail,fail,,2343.643,3595972,0.05727495999999998
r56p2,B-ctx-ls,rails-ft-mysql-fulltext-search-foundation,12,studio,kh-gpt,gpt-6-luna,gpt-6-luna / xhigh,fail,fail,,1294.517,4897846,0.0801002
r56p2,B-ctx-none,rails-ft-mysql-fulltext-search-foundation,12,studio,kh-gpt,gpt-6-luna,gpt-6-luna / xhigh,fail,fail,,710.211,1924781,0.03919362
r56p2,B-ctx-pack,rails-ft-mysql-fulltext-search-foundation,12,studio,kh-gpt,gpt-6-luna + gpt-6-luna,gpt-6-luna / low + gpt-6-luna / xhigh,fail,fail,,683.571,2445397,0.049529619999999996
r56c,P-noplan2,rails-ft-mysql-fulltext-search-foundation,12,studio,kh-gpt,gpt-6-luna + gpt-6.1-sol,gpt-6-luna / xhigh + gpt-6.1-sol / high,pass,pass,,2334.844,5163071,0.5582526999999999
r57d,default-tools,rails-ft-mysql-fulltext-search-foundation,12,studio,kh-gpt,gpt-6-luna,low,fail,fail,,873.413,4901327,0.07483973999999999
r57d,shell-only,rails-ft-mysql-fulltext-search-foundation,12,studio,kh-gpt,gpt-6-luna,low,fail,fail,,393.042,1500299,0.029365820000000004
r57d,default-tools,rails-ft-mysql-fulltext-search-foundation,13,studio,kh-gpt,gpt-6-luna,low,fail,fail,,1257.406,4513239,0.07097854000000002
r57d,default-tools,rails-ft-mysql-fulltext-search-foundation,14,studio,kh-gpt,gpt-6-luna,low,fail,fail,,551.677,1944993,0.037947220000000004
r57d,shell-only,rails-ft-mysql-fulltext-search-foundation,14,studio,kh-gpt,gpt-6-luna,low,fail,fail,,529.642,1905801,0.03806562
r57d,default-tools,rails-ft-mysql-fulltext-search-foundation,15,studio,kh-gpt,gpt-6-luna,low,fail,fail,,1082.616,2355532,0.042792079999999996
r57d,shell-only,rails-ft-mysql-fulltext-search-foundation,15,studio,kh-gpt,gpt-6-luna,low,fail,fail,,805.462,1316592,0.028046480000000002
r57d,default-tools,rails-ft-mysql-fulltext-search-foundation,16,studio,kh-gpt,gpt-6-luna,low,fail,fail,,759.46,2739553,0.049131219999999996
r57d,shell-only,rails-ft-mysql-fulltext-search-foundation,16,studio,kh-gpt,gpt-6-luna,low,fail,fail,,912.363,2255414,0.04558244
r57d,shell-only,rails-ft-mysql-fulltext-search-foundation,17,studio,kh-gpt,gpt-6-luna,xhigh,fail,fail,,643.585,2260581,
r56,B-ctx-det,rails-ft-mysql-fulltext-search-foundation,2,studio,kh-gpt,gpt-6-luna,gpt-6-luna / xhigh,fail,fail,,1172.262,3990077,0.06315401999999999
r56,B-ctx-ls,rails-ft-mysql-fulltext-search-foundation,2,studio,kh-gpt,gpt-6-luna,gpt-6-luna / xhigh,fail,fail,,534.197,1996698,0.038474600000000005
r56,B-ctx-none,rails-ft-mysql-fulltext-search-foundation,2,studio,kh-gpt,gpt-6-luna,gpt-6-luna / xhigh,fail,fail,,731.43,3934390,0.06405748000000001
r56,B-ctx-pack,rails-ft-mysql-fulltext-search-foundation,2,studio,kh-gpt,gpt-6-luna + gpt-6-luna,gpt-6-luna / low + gpt-6-luna / xhigh,fail,fail,,718.064,2230660,0.04552319999999999
r56,P-full,rails-ft-mysql-fulltext-search-foundation,2,studio,kh-gpt,gpt-6-luna + gpt-6.1-sol,gpt-6-luna / xhigh + gpt-6.1-sol / high,pass,pass,,2089.09,4023127,0.61199096
r56d,P-full,rails-ft-mysql-fulltext-search-foundation,2,studio,kh-gpt,gpt-6-luna + gpt-6.1-sol,gpt-6-luna / xhigh + gpt-6.1-sol / high,pass,pass,,2343.249,3226472,0.58532208
r56c,P-noplan2,rails-ft-mysql-fulltext-search-foundation,2,studio,kh-gpt,gpt-6-luna + gpt-6.1-sol,gpt-6-luna / xhigh + gpt-6.1-sol / high,pass,pass,,1521.583,2267167,0.3533247
r56d,P-noreview,rails-ft-mysql-fulltext-search-foundation,2,studio,kh-gpt,gpt-6-luna + gpt-6.1-sol,gpt-6-luna / xhigh + gpt-6.1-sol / high,pass,pass,,1657.758,3350450,0.54716698
r50,P-sollow,rails-ft-mysql-fulltext-search-foundation,2,studio,kh-gpt,gpt-6.1-sol + gpt-6.1-sol,gpt-6.1-sol / high + gpt-6.1-sol / low,pass,pass,,2102.737,2043769,0.9655987999999999
r50,P-solmed,rails-ft-mysql-fulltext-search-foundation,2,studio,kh-gpt,gpt-6.1-sol + gpt-6.1-sol,gpt-6.1-sol / high + gpt-6.1-sol / medium,pass,pass,,2173.799,2183933,1.1225092
r43,bundle-v2,rails-ft-mysql-fulltext-search-foundation,2,studio,kh-gpt,gpt-6-luna,low,pass,pass,,1183.738,320840,
r48,cascade-contract,rails-ft-mysql-fulltext-search-foundation,2,studio,kh-gpt,gpt-6-luna,low,fail,fail,,532.709,295942,
r37,debate-packplan-review,rails-ft-mysql-fulltext-search-foundation,2,studio,kh-gpt,gpt-6-luna,low,pass,pass,,625.252,128152,
r57b,default-tools,rails-ft-mysql-fulltext-search-foundation,2,studio,kh-gpt,gpt-6-luna,low,fail,fail,,831.823,4958575,0.07929054
r64c,kh-plan-shell-lunahigh,rails-ft-mysql-fulltext-search-foundation,2,studio,kh-gpt,gpt-6-luna + gpt-6.1-sol,gpt-6-luna / high + gpt-6.1-sol / high,pass,pass,,251.347,372716,0.07660496
r64,kh-plan-shell,rails-ft-mysql-fulltext-search-foundation,2,studio,kh-gpt,gpt-6-luna + gpt-6.1-sol,gpt-6-luna / xhigh + gpt-6.1-sol / high,pass,pass,,705.553,2590709,0.11366234
r64c,kh-plan-shell-solmedplan,rails-ft-mysql-fulltext-search-foundation,2,studio,kh-gpt,gpt-6-luna + gpt-6.1-sol,gpt-6-luna / xhigh + gpt-6.1-sol / medium,pass,pass,,824.803,2873963,0.11017092000000002
r43,maxbundle-hybrid,rails-ft-mysql-fulltext-search-foundation,2,studio,kh-gpt,gpt-6-luna,low,pass,pass,,1477.207,286180,
r69,none,rails-ft-mysql-fulltext-search-foundation,2,studio,kh-gpt,gpt-6-luna,xhigh,fail,fail,,760.337,3060984,
r33,packplan-review-sol,rails-ft-mysql-fulltext-search-foundation,2,studio,kh-gpt,gpt-6-luna,low,pass,pass,,366.236,259426,
r51,pl-approach-luna-low,rails-ft-mysql-fulltext-search-foundation,2,studio,kh-gpt,gpt-6-luna + gpt-6.1-sol,gpt-6-luna / low + gpt-6.1-sol / high,fail,fail,,380.006,333713,0.04901896
r51,pl-approach-luna-max,rails-ft-mysql-fulltext-search-foundation,2,studio,kh-gpt,gpt-6-luna + gpt-6-luna + gpt-6.1-sol,gpt-6-luna / low + gpt-6-luna / xhigh + gpt-6.1-sol / high,pass,pass,,862.831,2042929,0.07411832
r51,pl-approach-sol-low,rails-ft-mysql-fulltext-search-foundation,2,studio,kh-gpt,gpt-6-luna + gpt-6.1-sol + gpt-6.1-sol,gpt-6-luna / low + gpt-6.1-sol / high + gpt-6.1-sol / low,pass,pass,,483.035,366315,0.1592449
r51,pl-criteria-luna-low,rails-ft-mysql-fulltext-search-foundation,2,studio,kh-gpt,gpt-6-luna + gpt-6.1-sol,gpt-6-luna / low + gpt-6.1-sol / high,fail,fail,,231.419,295049,0.027764320000000002
r51,pl-criteria-luna-max,rails-ft-mysql-fulltext-search-foundation,2,studio,kh-gpt,gpt-6-luna + gpt-6-luna + gpt-6.1-sol,gpt-6-luna / low + gpt-6-luna / xhigh + gpt-6.1-sol / high,pass,pass,,1141.11,2797651,0.06920458
r51,pl-criteria-sol-low,rails-ft-mysql-fulltext-search-foundation,2,studio,kh-gpt,gpt-6-luna + gpt-6.1-sol + gpt-6.1-sol,gpt-6-luna / low + gpt-6.1-sol / high + gpt-6.1-sol / low,pass,pass,,351.618,239065,0.11594558000000002
r51,pl-none-luna-low,rails-ft-mysql-fulltext-search-foundation,2,studio,kh-gpt,gpt-6-luna,gpt-6-luna / low,fail,fail,,96.4,141451,0.004322060000000001
r51,pl-none-luna-max,rails-ft-mysql-fulltext-search-foundation,2,studio,kh-gpt,gpt-6-luna,gpt-6-luna / xhigh,fail,fail,,603.88,2818980,0.05064624
r51,pl-none-sol-low,rails-ft-mysql-fulltext-search-foundation,2,studio,kh-gpt,gpt-6.1-sol,gpt-6.1-sol / low,fail,fail,,164.178,149527,0.0865692
r51,pl-steps-luna-low,rails-ft-mysql-fulltext-search-foundation,2,studio,kh-gpt,gpt-6-luna + gpt-6.1-sol,gpt-6-luna / low + gpt-6.1-sol / high,pass,pass,,431.372,405512,0.0513864
r51,pl-steps-luna-max,rails-ft-mysql-fulltext-search-foundation,2,studio,kh-gpt,gpt-6-luna + gpt-6-luna + gpt-6.1-sol,gpt-6-luna / low + gpt-6-luna / xhigh + gpt-6.1-sol / high,pass,pass,,1345.623,2006852,0.08793146
r51,pl-steps-sol-low,rails-ft-mysql-fulltext-search-foundation,2,studio,kh-gpt,gpt-6-luna + gpt-6.1-sol + gpt-6.1-sol,gpt-6-luna / low + gpt-6.1-sol / high + gpt-6.1-sol / low,pass,pass,,522.34,522339,0.22156600000000004
r46,route-cascade,rails-ft-mysql-fulltext-search-foundation,2,studio,kh-gpt,gpt-6-luna,low,fail,fail,,452.568,84867,
r47,route-jev,rails-ft-mysql-fulltext-search-foundation,2,studio,kh-gpt,gpt-6-luna,high,pass,pass,,1583.595,2651594,
r45,route-v3,rails-ft-mysql-fulltext-search-foundation,2,studio,kh-gpt,gpt-6-luna,low,pass,pass,,560.987,199743,
r57b,shell-only,rails-ft-mysql-fulltext-search-foundation,2,studio,kh-gpt,gpt-6-luna,low,fail,fail,,542.154,1736126,0.03324595999999999
r56p2,B-ctx-det,rails-ft-mysql-fulltext-search-foundation,3,studio,kh-gpt,gpt-6-luna,gpt-6-luna / xhigh,fail,fail,,691.832,3107119,0.05212053999999999
r56p2,B-ctx-ls,rails-ft-mysql-fulltext-search-foundation,3,studio,kh-gpt,gpt-6-luna,gpt-6-luna / xhigh,fail,fail,,920.653,4627354,0.07335644000000004
r56p2,B-ctx-none,rails-ft-mysql-fulltext-search-foundation,3,studio,kh-gpt,gpt-6-luna,gpt-6-luna / xhigh,fail,fail,,513.527,2122982,0.03931988000000001
r56p2,B-ctx-pack,rails-ft-mysql-fulltext-search-foundation,3,studio,kh-gpt,gpt-6-luna + gpt-6-luna,gpt-6-luna / low + gpt-6-luna / xhigh,fail,fail,,514.563,1068383,0.0277467
r56d,P-nocontract,rails-ft-mysql-fulltext-search-foundation,3,studio,kh-gpt,gpt-6-luna + gpt-6.1-sol,gpt-6-luna / xhigh + gpt-6.1-sol / high,pass,pass,,1439.471,2702389,0.4155099
r56c,P-noplan2,rails-ft-mysql-fulltext-search-foundation,3,studio,kh-gpt,gpt-6-luna + gpt-6.1-sol,gpt-6-luna / xhigh + gpt-6.1-sol / high,pass,pass,,2259.36,2792900,0.47728188
r56d,P-noreview,rails-ft-mysql-fulltext-search-foundation,3,studio,kh-gpt,gpt-6-luna + gpt-6.1-sol,gpt-6-luna / xhigh + gpt-6.1-sol / high,pass,pass,,1527.798,2906991,0.51957128
r50,P-sollow,rails-ft-mysql-fulltext-search-foundation,3,studio,kh-gpt,gpt-6.1-sol + gpt-6.1-sol,gpt-6.1-sol / high + gpt-6.1-sol / low,pass,pass,,1404.589,1264626,0.7503208000000001
r50,P-solmed,rails-ft-mysql-fulltext-search-foundation,3,studio,kh-gpt,gpt-6.1-sol + gpt-6.1-sol,gpt-6.1-sol / high + gpt-6.1-sol / medium,pass,pass,,1475.846,1557722,0.7809032
r43,bundle-v2,rails-ft-mysql-fulltext-search-foundation,3,studio,kh-gpt,gpt-6-luna,low,pass,pass,,1894.876,641552,
r37,debate-packplan-review,rails-ft-mysql-fulltext-search-foundation,3,studio,kh-gpt,gpt-6-luna,low,pass,pass,,863.804,276166,
r57b,default-tools,rails-ft-mysql-fulltext-search-foundation,3,studio,kh-gpt,gpt-6-luna,low,fail,fail,,1018.532,4475556,0.0760792
r64c,kh-plan-shell-lunahigh,rails-ft-mysql-fulltext-search-foundation,3,studio,kh-gpt,gpt-6-luna + gpt-6.1-sol,gpt-6-luna / high + gpt-6.1-sol / high,pass,pass,,329.783,325282,0.07265492000000001
r64,kh-plan-shell,rails-ft-mysql-fulltext-search-foundation,3,studio,kh-gpt,gpt-6-luna + gpt-6.1-sol,gpt-6-luna / xhigh + gpt-6.1-sol / high,pass,pass,,664.51,1438319,0.09902659999999999
r64c,kh-plan-shell-solmedplan,rails-ft-mysql-fulltext-search-foundation,3,studio,kh-gpt,gpt-6-luna + gpt-6.1-sol,gpt-6-luna / xhigh + gpt-6.1-sol / medium,pass,pass,,601.4,2240270,0.09961057999999999
r43,maxbundle-hybrid,rails-ft-mysql-fulltext-search-foundation,3,studio,kh-gpt,gpt-6-luna,low,pass,pass,,1913.553,355507,
r69,none,rails-ft-mysql-fulltext-search-foundation,3,studio,kh-gpt,gpt-6-luna,xhigh,fail,fail,,635.34,1972027,
r46,route-cascade,rails-ft-mysql-fulltext-search-foundation,3,studio,kh-gpt,gpt-6-luna,low,fail,fail,,422.217,31055,
r47,route-jev,rails-ft-mysql-fulltext-search-foundation,3,studio,kh-gpt,gpt-6-luna,high,pass,pass,,1796.538,2876333,
r45,route-v3,rails-ft-mysql-fulltext-search-foundation,3,studio,kh-gpt,gpt-6-luna,low,pass,pass,,724.188,274181,
r57b,shell-only,rails-ft-mysql-fulltext-search-foundation,3,studio,kh-gpt,gpt-6-luna,low,fail,fail,,636.53,1686858,0.03610692
r56p2,B-ctx-det,rails-ft-mysql-fulltext-search-foundation,4,studio,kh-gpt,gpt-6-luna,gpt-6-luna / xhigh,fail,fail,,746.895,3067695,0.05249917999999999
r56p2,B-ctx-ls,rails-ft-mysql-fulltext-search-foundation,4,studio,kh-gpt,gpt-6-luna,gpt-6-luna / xhigh,fail,fail,,960.232,2472224,0.04619072000000001
r56p2,B-ctx-none,rails-ft-mysql-fulltext-search-foundation,4,studio,kh-gpt,gpt-6-luna,gpt-6-luna / xhigh,fail,fail,,690.152,3390114,0.058656040000000007
r56p2,B-ctx-pack,rails-ft-mysql-fulltext-search-foundation,4,studio,kh-gpt,gpt-6-luna + gpt-6-luna,gpt-6-luna / low + gpt-6-luna / xhigh,fail,fail,,595.494,2405462,0.04557348
r56d,P-nocontract,rails-ft-mysql-fulltext-search-foundation,4,studio,kh-gpt,gpt-6-luna + gpt-6.1-sol,gpt-6-luna / xhigh + gpt-6.1-sol / high,pass,pass,,1981.17,4729823,0.54727914
r56c,P-noplan2,rails-ft-mysql-fulltext-search-foundation,4,studio,kh-gpt,gpt-6-luna + gpt-6.1-sol,gpt-6-luna / xhigh + gpt-6.1-sol / high,pass,pass,,1928.352,4599651,0.5325688
r56d,P-noreview,rails-ft-mysql-fulltext-search-foundation,4,studio,kh-gpt,gpt-6-luna + gpt-6.1-sol,gpt-6-luna / xhigh + gpt-6.1-sol / high,pass,pass,,2372.722,4977917,0.54777524
r69,accept,rails-ft-mysql-fulltext-search-foundation,4,studio,kh-gpt,gpt-6-luna,low,pass,pass,,,,
r37,debate-packplan-review,rails-ft-mysql-fulltext-search-foundation,4,studio,kh-gpt,gpt-6-luna,low,pass,pass,,662.445,148410,
r57b,default-tools,rails-ft-mysql-fulltext-search-foundation,4,studio,kh-gpt,gpt-6-luna,low,fail,fail,,718.446,2861720,0.049532799999999995
r64b,kh-plan-shell,rails-ft-mysql-fulltext-search-foundation,4,studio,kh-gpt,gpt-6-luna + gpt-6.1-sol,gpt-6-luna / xhigh + gpt-6.1-sol / high,pass,pass,,613.807,1870962,0.10395516000000002
r64e,kh-plan-shell-solmedplan,rails-ft-mysql-fulltext-search-foundation,4,studio,kh-gpt,gpt-6-luna,xhigh,pass,pass,,678.126,2386066,
r69,none,rails-ft-mysql-fulltext-search-foundation,4,studio,kh-gpt,gpt-6-luna,low,fail,fail,,,,
r57b,shell-only,rails-ft-mysql-fulltext-search-foundation,4,studio,kh-gpt,gpt-6-luna,low,fail,fail,,587.365,1363435,0.030150140000000002
r56p2,B-ctx-ls,rails-ft-mysql-fulltext-search-foundation,5,studio,kh-gpt,gpt-6-luna,gpt-6-luna / xhigh,fail,fail,,994.784,5611927,0.09799061999999999
r56p2,B-ctx-none,rails-ft-mysql-fulltext-search-foundation,5,studio,kh-gpt,gpt-6-luna,gpt-6-luna / xhigh,fail,fail,,991.251,5254623,0.08355454
r56p2,B-ctx-pack,rails-ft-mysql-fulltext-search-foundation,5,studio,kh-gpt,gpt-6-luna + gpt-6-luna,gpt-6-luna / low + gpt-6-luna / xhigh,fail,fail,,1706.69,2124613,0.04345434
r56c,P-noplan2,rails-ft-mysql-fulltext-search-foundation,5,studio,kh-gpt,gpt-6-luna + gpt-6.1-sol,gpt-6-luna / xhigh + gpt-6.1-sol / high,pass,pass,,1983.72,3235311,0.47570456000000005
r37,contract-review-sol,rails-ft-mysql-fulltext-search-foundation,5,studio,kh-gpt,gpt-6-luna,low,pass,pass,,630.288,158823,
r37,debate-packplan-review,rails-ft-mysql-fulltext-search-foundation,5,studio,kh-gpt,gpt-6-luna,low,pass,pass,,1024.217,295402,
r57b,default-tools,rails-ft-mysql-fulltext-search-foundation,5,studio,kh-gpt,gpt-6-luna,low,fail,fail,,568.327,2808577,0.04905002000000001
r64b,kh-plan-shell,rails-ft-mysql-fulltext-search-foundation,5,studio,kh-gpt,gpt-6-luna + gpt-6.1-sol,gpt-6-luna / xhigh + gpt-6.1-sol / high,pass,pass,,642.576,1641108,0.0959756
r64e,kh-plan-shell-solmedplan,rails-ft-mysql-fulltext-search-foundation,5,studio,kh-gpt,gpt-6-luna,xhigh,pass,pass,,788.87,1942334,
r57b,shell-only,rails-ft-mysql-fulltext-search-foundation,5,studio,kh-gpt,gpt-6-luna,low,fail,fail,,737.418,1828552,0.03629512
r56p2,B-ctx-det,rails-ft-mysql-fulltext-search-foundation,6,studio,kh-gpt,gpt-6-luna,gpt-6-luna / xhigh,fail,fail,,786.068,2720702,0.055141080000000016
r56p2,B-ctx-ls,rails-ft-mysql-fulltext-search-foundation,6,studio,kh-gpt,gpt-6-luna,gpt-6-luna / xhigh,fail,fail,,926.173,5262453,0.08201978
r56p2,B-ctx-none,rails-ft-mysql-fulltext-search-foundation,6,studio,kh-gpt,gpt-6-luna,gpt-6-luna / xhigh,fail,fail,,1113.736,4173852,0.06822464000000003
r56p2,B-ctx-pack,rails-ft-mysql-fulltext-search-foundation,6,studio,kh-gpt,gpt-6-luna + gpt-6-luna,gpt-6-luna / low + gpt-6-luna / xhigh,fail,fail,,739.869,2220183,0.04695702
r56c,P-noplan2,rails-ft-mysql-fulltext-search-foundation,6,studio,kh-gpt,gpt-6-luna + gpt-6.1-sol,gpt-6-luna / xhigh + gpt-6.1-sol / high,pass,pass,,1897.279,2915815,0.5351998
r57b,default-tools,rails-ft-mysql-fulltext-search-foundation,6,studio,kh-gpt,gpt-6-luna,low,fail,fail,,1123.415,3609539,0.06357510000000001
r57b,shell-only,rails-ft-mysql-fulltext-search-foundation,6,studio,kh-gpt,gpt-6-luna,low,fail,fail,,458.957,1335976,0.02911336
r56p2,B-ctx-det,rails-ft-mysql-fulltext-search-foundation,7,studio,kh-gpt,gpt-6-luna,gpt-6-luna / xhigh,fail,fail,,961.311,3941459,0.07510734000000004
r56p2,B-ctx-ls,rails-ft-mysql-fulltext-search-foundation,7,studio,kh-gpt,gpt-6-luna,gpt-6-luna / xhigh,fail,fail,,742.933,3496406,0.05921411999999999
r56p2,B-ctx-none,rails-ft-mysql-fulltext-search-foundation,7,studio,kh-gpt,gpt-6-luna,gpt-6-luna / xhigh,fail,fail,,667.245,3341385,0.055095780000000004
r56p2,B-ctx-pack,rails-ft-mysql-fulltext-search-foundation,7,studio,kh-gpt,gpt-6-luna + gpt-6-luna,gpt-6-luna / low + gpt-6-luna / xhigh,fail,fail,,666.415,1983839,0.04311622
r56c,P-noplan2,rails-ft-mysql-fulltext-search-foundation,7,studio,kh-gpt,gpt-6-luna + gpt-6.1-sol,gpt-6-luna / xhigh + gpt-6.1-sol / high,fail,fail,,2101.233,3729168,0.6247602600000001
r57b,default-tools,rails-ft-mysql-fulltext-search-foundation,7,studio,kh-gpt,gpt-6-luna,low,fail,fail,,755.433,4003679,0.06652566000000001
r57b,shell-only,rails-ft-mysql-fulltext-search-foundation,7,studio,kh-gpt,gpt-6-luna,low,fail,fail,,566.871,1393868,0.030303120000000003
r56p2,B-ctx-det,rails-ft-mysql-fulltext-search-foundation,8,studio,kh-gpt,gpt-6-luna,gpt-6-luna / xhigh,fail,fail,,949.192,4427397,0.07182946
r56p2,B-ctx-none,rails-ft-mysql-fulltext-search-foundation,8,studio,kh-gpt,gpt-6-luna,gpt-6-luna / xhigh,fail,fail,,709.8,2419131,0.04394014
r56p2,B-ctx-pack,rails-ft-mysql-fulltext-search-foundation,8,studio,kh-gpt,gpt-6-luna + gpt-6-luna,gpt-6-luna / low + gpt-6-luna / xhigh,fail,fail,,872.516,2329585,0.04763242
r56c,P-noplan2,rails-ft-mysql-fulltext-search-foundation,8,studio,kh-gpt,gpt-6-luna + gpt-6.1-sol,gpt-6-luna / xhigh + gpt-6.1-sol / high,pass,pass,,2210.676,3308102,0.49601352
r57b,default-tools,rails-ft-mysql-fulltext-search-foundation,8,studio,kh-gpt,gpt-6-luna,low,fail,fail,,725.798,2179293,0.03944378
r57b,shell-only,rails-ft-mysql-fulltext-search-foundation,8,studio,kh-gpt,gpt-6-luna,low,fail,fail,,712.161,1916166,0.037005960000000004
r56p2,B-ctx-det,rails-ft-mysql-fulltext-search-foundation,9,studio,kh-gpt,gpt-6-luna,gpt-6-luna / xhigh,fail,fail,,531.656,2091479,0.03865982
r56p2,B-ctx-ls,rails-ft-mysql-fulltext-search-foundation,9,studio,kh-gpt,gpt-6-luna,gpt-6-luna / xhigh,fail,fail,,810.967,2807600,0.05149328000000001
r56p2,B-ctx-none,rails-ft-mysql-fulltext-search-foundation,9,studio,kh-gpt,gpt-6-luna,gpt-6-luna / xhigh,fail,fail,,680.192,3647597,0.05919826000000002
r56c,P-noplan2,rails-ft-mysql-fulltext-search-foundation,9,studio,kh-gpt,gpt-6-luna + gpt-6.1-sol,gpt-6-luna / xhigh + gpt-6.1-sol / high,pass,pass,,1949.447,3809745,0.54143914
r57d,default-tools,rails-ft-mysql-fulltext-search-foundation,9,studio,kh-gpt,gpt-6-luna,low,fail,fail,,1001.825,5255677,0.08293985999999999
r57d,shell-only,rails-ft-mysql-fulltext-search-foundation,9,studio,kh-gpt,gpt-6-luna,low,fail,fail,,795.028,1783299,0.035701899999999995
r50,P-sollow,rails-ft-notification-bundle-window-overlap,1,studio,kh-gpt,gpt-6.1-sol + gpt-6.1-sol,gpt-6.1-sol / high + gpt-6.1-sol / low,fail,fail,,1975.015,2207615,1.1303915999999998
r50,P-solmed,rails-ft-notification-bundle-window-overlap,1,studio,kh-gpt,gpt-6.1-sol + gpt-6.1-sol,gpt-6.1-sol / high + gpt-6.1-sol / medium,fail,fail,,1976.308,2223275,1.1131419999999999
r48,cascade-contract,rails-ft-notification-bundle-window-overlap,1,studio,kh-gpt,gpt-6-luna,low,fail,fail,,1462.496,1045568,
r64c,kh-plan-shell-lunahigh,rails-ft-notification-bundle-window-overlap,1,studio,kh-gpt,gpt-6-luna + gpt-6.1-sol,gpt-6-luna / high + gpt-6.1-sol / high,fail,fail,,304.901,496822,0.07587802
r69,none,rails-ft-notification-bundle-window-overlap,1,studio,kh-gpt,gpt-6-luna,xhigh,fail,fail,,1275.798,2698502,
r46,route-cascade,rails-ft-notification-bundle-window-overlap,1,studio,kh-gpt,gpt-6-luna,low,fail,fail,,587.184,627319,
r45,route-v3,rails-ft-notification-bundle-window-overlap,1,studio,kh-gpt,gpt-6-luna,high,fail,fail,,1448.93,1688763,
r50,P-sollow,rails-ft-notification-bundle-window-overlap,2,studio,kh-gpt,gpt-6.1-sol + gpt-6.1-sol,gpt-6.1-sol / high + gpt-6.1-sol / low,fail,fail,,2424.923,3013358,1.2722616000000002
r50,P-solmed,rails-ft-notification-bundle-window-overlap,2,studio,kh-gpt,gpt-6.1-sol + gpt-6.1-sol,gpt-6.1-sol / high + gpt-6.1-sol / medium,fail,fail,,2432.677,2590399,1.2247484000000002
r48,cascade-contract,rails-ft-notification-bundle-window-overlap,2,studio,kh-gpt,gpt-6-luna,low,fail,fail,,526.318,218974,
r64c,kh-plan-shell-lunahigh,rails-ft-notification-bundle-window-overlap,2,studio,kh-gpt,gpt-6-luna + gpt-6.1-sol,gpt-6-luna / high + gpt-6.1-sol / high,fail,fail,,608.926,655732,0.07504706
r64c,kh-plan-shell-solmedplan,rails-ft-notification-bundle-window-overlap,2,studio,kh-gpt,gpt-6-luna + gpt-6.1-sol,gpt-6-luna / xhigh + gpt-6.1-sol / medium,fail,fail,,949.834,2637606,0.11524416000000001
r69,none,rails-ft-notification-bundle-window-overlap,2,studio,kh-gpt,gpt-6-luna,xhigh,fail,fail,,1039.403,2343795,
r33,packplan-review-sol,rails-ft-notification-bundle-window-overlap,2,studio,kh-gpt,gpt-6-luna,low,fail,fail,,1203.799,789655,
r46,route-cascade,rails-ft-notification-bundle-window-overlap,2,studio,kh-gpt,gpt-6-luna,low,fail,fail,,512.621,222718,
r45,route-v3,rails-ft-notification-bundle-window-overlap,2,studio,kh-gpt,gpt-6-luna,high,fail,fail,,1537.159,1373396,
r50,P-sollow,rails-ft-notification-bundle-window-overlap,3,studio,kh-gpt,gpt-6.1-sol + gpt-6.1-sol,gpt-6.1-sol / high + gpt-6.1-sol / low,fail,fail,,2072.596,2083809,1.0501172
r50,P-solmed,rails-ft-notification-bundle-window-overlap,3,studio,kh-gpt,gpt-6.1-sol + gpt-6.1-sol,gpt-6.1-sol / high + gpt-6.1-sol / medium,fail,fail,,2302.028,3310751,1.4281036
r64c,kh-plan-shell-lunahigh,rails-ft-notification-bundle-window-overlap,3,studio,kh-gpt,gpt-6-luna + gpt-6.1-sol,gpt-6-luna / high + gpt-6.1-sol / high,fail,fail,,260.227,333827,0.06988822
r64,kh-plan-shell,rails-ft-notification-bundle-window-overlap,3,studio,kh-gpt,gpt-6-luna + gpt-6.1-sol,gpt-6-luna / xhigh + gpt-6.1-sol / high,fail,fail,,1323.427,4312539,0.14618473999999998
r69,none,rails-ft-notification-bundle-window-overlap,3,studio,kh-gpt,gpt-6-luna,xhigh,fail,fail,,935.508,1681415,
r33,packplan-review-sol,rails-ft-notification-bundle-window-overlap,3,studio,kh-gpt,gpt-6-luna,low,fail,fail,,1071.263,2118816,
r46,route-cascade,rails-ft-notification-bundle-window-overlap,3,studio,kh-gpt,gpt-6-luna,low,fail,fail,,700.949,1038596,
r45,route-v3,rails-ft-notification-bundle-window-overlap,3,studio,kh-gpt,gpt-6-luna,high,fail,fail,,1711.728,1663368,
r69,approach,rails-ft-notification-bundle-window-overlap,4,studio,kh-gpt,gpt-6-luna,low,fail,fail,,,,
r64b,kh-plan-shell,rails-ft-notification-bundle-window-overlap,4,studio,kh-gpt,gpt-6-luna + gpt-6.1-sol,gpt-6-luna / xhigh + gpt-6.1-sol / high,fail,fail,,1154.285,4803677,0.14464773999999997
r69,none,rails-ft-notification-bundle-window-overlap,4,studio,kh-gpt,gpt-6-luna,low,fail,fail,,,,
r64b,kh-plan-shell,rails-ft-notification-bundle-window-overlap,5,studio,kh-gpt,gpt-6-luna + gpt-6.1-sol,gpt-6-luna / xhigh + gpt-6.1-sol / high,fail,fail,,1451.023,5117836,0.1556872
r50,P-sollow,rails-ft-saas-billing,1,studio,kh-gpt,gpt-6.1-sol + gpt-6.1-sol,gpt-6.1-sol / high + gpt-6.1-sol / low,fail,fail,,2243.386,2804068,1.1635728
r48,cascade-contract,rails-ft-saas-billing,1,studio,kh-gpt,gpt-6-luna,low,fail,fail,,817.933,832804,
r64c,kh-plan-shell-lunahigh,rails-ft-saas-billing,1,studio,kh-gpt,gpt-6-luna + gpt-6.1-sol,gpt-6-luna / high + gpt-6.1-sol / high,fail,fail,,407.611,795382,0.07920294
r69,none,rails-ft-saas-billing,1,studio,kh-gpt,gpt-6-luna,xhigh,fail,fail,,1172.889,3944943,
r33,packplan-review-sol,rails-ft-saas-billing,1,studio,kh-gpt,gpt-6-luna,low,fail,fail,,1502.516,1436658,
r46,route-cascade,rails-ft-saas-billing,1,studio,kh-gpt,gpt-6-luna,low,fail,fail,,658.872,441491,
r45,route-v3,rails-ft-saas-billing,1,studio,kh-gpt,gpt-6-luna,high,fail,fail,,2000.247,1605846,
r50,P-sollow,rails-ft-saas-billing,2,studio,kh-gpt,gpt-6.1-sol + gpt-6.1-sol,gpt-6.1-sol / high + gpt-6.1-sol / low,fail,fail,,2504.656,2782470,1.127668
r48,cascade-contract,rails-ft-saas-billing,2,studio,kh-gpt,gpt-6-luna,low,fail,fail,,851.747,382195,
r64c,kh-plan-shell-lunahigh,rails-ft-saas-billing,2,studio,kh-gpt,gpt-6-luna + gpt-6.1-sol,gpt-6-luna / high + gpt-6.1-sol / high,fail,fail,,242.378,347297,0.06885716
r33,packplan-review-sol,rails-ft-saas-billing,2,studio,kh-gpt,gpt-6-luna,low,fail,fail,,2369.294,1412071,
r46,route-cascade,rails-ft-saas-billing,2,studio,kh-gpt,gpt-6-luna,low,fail,fail,,470.282,488496,
r45,route-v3,rails-ft-saas-billing,2,studio,kh-gpt,gpt-6-luna,high,fail,fail,,2289.137,2975082,
r50,P-sollow,rails-ft-saas-billing,3,studio,kh-gpt,gpt-6.1-sol + gpt-6.1-sol,gpt-6.1-sol / high + gpt-6.1-sol / low,pass,pass,,2009.042,3219149,1.2589604000000003
r50,P-solmed,rails-ft-saas-billing,3,studio,kh-gpt,gpt-6.1-sol + gpt-6.1-sol,gpt-6.1-sol / high + gpt-6.1-sol / medium,fail,fail,,2476.333,3169902,1.2399944
r48,cascade-contract,rails-ft-saas-billing,3,studio,kh-gpt,gpt-6-luna,low,fail,fail,,1145.358,59383,
r64c,kh-plan-shell-lunahigh,rails-ft-saas-billing,3,studio,kh-gpt,gpt-6-luna + gpt-6.1-sol,gpt-6-luna / high + gpt-6.1-sol / high,fail,fail,,366.262,542026,0.07679144
r33,packplan-review-sol,rails-ft-saas-billing,3,studio,kh-gpt,gpt-6-luna,low,fail,fail,,978.045,1948464,
r46,route-cascade,rails-ft-saas-billing,3,studio,kh-gpt,gpt-6-luna,low,fail,fail,,780.589,1186087,
r45,route-v3,rails-ft-saas-billing,3,studio,kh-gpt,gpt-6-luna,high,fail,fail,,2205.894,2259652,
r56,B-ctx-ls,rails-hw-scoped-broadcast,1,studio,kh-gpt,gpt-6-luna,gpt-6-luna / xhigh,pass,pass,,383.079,2294132,0.03957304000000002
r56,B-ctx-none,rails-hw-scoped-broadcast,1,studio,kh-gpt,gpt-6-luna,gpt-6-luna / xhigh,pass,pass,,284.197,561273,0.013995380000000002
r56,B-ctx-pack,rails-hw-scoped-broadcast,1,studio,kh-gpt,gpt-6-luna + gpt-6-luna,gpt-6-luna / low + gpt-6-luna / xhigh,pass,pass,,569.966,728309,0.021452260000000004
r56,P-full,rails-hw-scoped-broadcast,1,studio,kh-gpt,gpt-6-luna + gpt-6.1-sol,gpt-6-luna / xhigh + gpt-6.1-sol / high,pass,pass,,1627.734,1197760,0.50851488
r56b,P-full,rails-hw-scoped-broadcast,1,studio,kh-gpt,gpt-6-luna + gpt-6.1-sol,gpt-6-luna / xhigh + gpt-6.1-sol / high,pass,pass,,1509.208,1437950,0.46116268
r56b,P-full,rails-hw-scoped-broadcast,1,studio,kh-gpt,gpt-6-luna + gpt-6.1-sol,gpt-6-luna / xhigh + gpt-6.1-sol / high,pass,pass,,1565.989,1000500,0.5105345800000001
r56b,P-full,rails-hw-scoped-broadcast,1,studio,kh-gpt,gpt-6-luna + gpt-6.1-sol,gpt-6-luna / xhigh + gpt-6.1-sol / high,pass,pass,,1544.313,1328927,0.5036710400000001
r56b,P-full,rails-hw-scoped-broadcast,1,studio,kh-gpt,gpt-6-luna + gpt-6.1-sol,gpt-6-luna / xhigh + gpt-6.1-sol / high,pass,pass,,1279.473,1683358,0.52150666
r56b,P-full,rails-hw-scoped-broadcast,1,studio,kh-gpt,gpt-6-luna + gpt-6.1-sol,gpt-6-luna / xhigh + gpt-6.1-sol / high,pass,pass,,1397.317,1456261,0.47304789999999997
r56b,P-full,rails-hw-scoped-broadcast,1,studio,kh-gpt,gpt-6-luna + gpt-6.1-sol,gpt-6-luna / xhigh + gpt-6.1-sol / high,pass,pass,,1234.958,1166986,0.42448073999999997
r56b,P-full,rails-hw-scoped-broadcast,1,studio,kh-gpt,gpt-6-luna + gpt-6.1-sol,gpt-6-luna / xhigh + gpt-6.1-sol / high,pass,pass,,1682.631,2668783,0.52031988
r56b,P-full,rails-hw-scoped-broadcast,1,studio,kh-gpt,gpt-6-luna + gpt-6.1-sol,gpt-6-luna / xhigh + gpt-6.1-sol / high,pass,pass,,1520.617,1407581,0.51690444
r56b,P-full,rails-hw-scoped-broadcast,1,studio,kh-gpt,gpt-6-luna + gpt-6.1-sol,gpt-6-luna / xhigh + gpt-6.1-sol / high,pass,pass,,1485.984,1969622,0.47533492
r50,P-lunamax,rails-hw-scoped-broadcast,1,studio,kh-gpt,gpt-6-luna + gpt-6.1-sol,gpt-6-luna / xhigh + gpt-6.1-sol / high,pass,pass,,1947.016,2019208,0.57564724
r56,P-nocontract,rails-hw-scoped-broadcast,1,studio,kh-gpt,gpt-6-luna + gpt-6.1-sol,gpt-6-luna / xhigh + gpt-6.1-sol / high,pass,pass,,1472.798,1773750,0.518711
r56b,P-nocontract,rails-hw-scoped-broadcast,1,studio,kh-gpt,gpt-6-luna + gpt-6.1-sol,gpt-6-luna / xhigh + gpt-6.1-sol / high,pass,pass,,1584.402,3174373,0.41220535999999997
r56b,P-nocontract,rails-hw-scoped-broadcast,1,studio,kh-gpt,gpt-6-luna + gpt-6.1-sol,gpt-6-luna / xhigh + gpt-6.1-sol / high,pass,pass,,1040.474,1231037,0.35945401999999993
r56b,P-nocontract,rails-hw-scoped-broadcast,1,studio,kh-gpt,gpt-6-luna + gpt-6.1-sol,gpt-6-luna / xhigh + gpt-6.1-sol / high,pass,pass,,1178.746,1920908,0.31421108
r56b,P-nocontract,rails-hw-scoped-broadcast,1,studio,kh-gpt,gpt-6-luna + gpt-6.1-sol,gpt-6-luna / xhigh + gpt-6.1-sol / high,pass,pass,,1266.544,1722841,0.41978358000000005
r56b,P-nocontract,rails-hw-scoped-broadcast,1,studio,kh-gpt,gpt-6-luna + gpt-6.1-sol,gpt-6-luna / xhigh + gpt-6.1-sol / high,pass,pass,,1001.814,1219929,0.30188608
r56b,P-nocontract,rails-hw-scoped-broadcast,1,studio,kh-gpt,gpt-6-luna + gpt-6.1-sol,gpt-6-luna / xhigh + gpt-6.1-sol / high,pass,pass,,952.275,1122116,0.2919107
r56b,P-nocontract,rails-hw-scoped-broadcast,1,studio,kh-gpt,gpt-6-luna + gpt-6.1-sol,gpt-6-luna / xhigh + gpt-6.1-sol / high,pass,pass,,854.988,928536,0.29379424
r56b,P-nocontract,rails-hw-scoped-broadcast,1,studio,kh-gpt,gpt-6-luna + gpt-6.1-sol,gpt-6-luna / xhigh + gpt-6.1-sol / high,pass,pass,,1277.304,2280805,0.35559808000000004
r56b,P-nocontract,rails-hw-scoped-broadcast,1,studio,kh-gpt,gpt-6-luna + gpt-6.1-sol,gpt-6-luna / xhigh + gpt-6.1-sol / high,pass,pass,,1031.865,1184813,0.33193372
r56b,P-nocontract,rails-hw-scoped-broadcast,1,studio,kh-gpt,gpt-6-luna + gpt-6.1-sol,gpt-6-luna / xhigh + gpt-6.1-sol / high,pass,pass,,1504.958,2458626,0.37909914
r56,P-noctx,rails-hw-scoped-broadcast,1,studio,kh-gpt,gpt-6-luna,xhigh,pass,pass,,689.049,1094772,
r56b,P-noctx2,rails-hw-scoped-broadcast,1,studio,kh-gpt,gpt-6-luna + gpt-6.1-sol,gpt-6-luna / xhigh + gpt-6.1-sol / high,pass,pass,,1277.823,1319014,0.29921962
r56b,P-noctx2,rails-hw-scoped-broadcast,1,studio,kh-gpt,gpt-6-luna + gpt-6.1-sol,gpt-6-luna / xhigh + gpt-6.1-sol / high,pass,pass,,1695.229,2009971,0.29643780000000003
r56b,P-noctx2,rails-hw-scoped-broadcast,1,studio,kh-gpt,gpt-6-luna + gpt-6.1-sol,gpt-6-luna / xhigh + gpt-6.1-sol / high,pass,pass,,1298.409,1724020,0.31695668
r56b,P-noctx2,rails-hw-scoped-broadcast,1,studio,kh-gpt,gpt-6-luna + gpt-6.1-sol,gpt-6-luna / xhigh + gpt-6.1-sol / high,pass,pass,,1238.411,1966852,0.30713996
r56b,P-noctx2,rails-hw-scoped-broadcast,1,studio,kh-gpt,gpt-6-luna + gpt-6.1-sol,gpt-6-luna / xhigh + gpt-6.1-sol / high,pass,pass,,1287.909,1906040,0.31699506
r56b,P-noctx2,rails-hw-scoped-broadcast,1,studio,kh-gpt,gpt-6-luna + gpt-6.1-sol,gpt-6-luna / xhigh + gpt-6.1-sol / high,pass,pass,,1632.682,3098705,0.34930913999999996
r56b,P-noctx2,rails-hw-scoped-broadcast,1,studio,kh-gpt,gpt-6-luna + gpt-6.1-sol,gpt-6-luna / xhigh + gpt-6.1-sol / high,pass,pass,,1061.956,2188853,0.2671626
r56b,P-noctx2,rails-hw-scoped-broadcast,1,studio,kh-gpt,gpt-6-luna + gpt-6.1-sol,gpt-6-luna / xhigh + gpt-6.1-sol / high,pass,pass,,1592.669,2494422,0.31509332
r56b,P-noctx2,rails-hw-scoped-broadcast,1,studio,kh-gpt,gpt-6-luna + gpt-6.1-sol,gpt-6-luna / xhigh + gpt-6.1-sol / high,pass,pass,,1405.229,2904126,0.3430111
r56b,P-noctx2,rails-hw-scoped-broadcast,1,studio,kh-gpt,gpt-6-luna + gpt-6.1-sol,gpt-6-luna / xhigh + gpt-6.1-sol / high,pass,pass,,1740.78,1772816,0.35430066000000005
r56b,P-noctx2,rails-hw-scoped-broadcast,1,studio,kh-gpt,gpt-6-luna + gpt-6.1-sol,gpt-6-luna / xhigh + gpt-6.1-sol / high,pass,pass,,1515.104,2468443,0.32562742
r56b,P-noctx2,rails-hw-scoped-broadcast,1,studio,kh-gpt,gpt-6-luna + gpt-6.1-sol,gpt-6-luna / xhigh + gpt-6.1-sol / high,pass,pass,,2188.954,2813414,0.32492901999999996
r56c,P-noplan2,rails-hw-scoped-broadcast,1,studio,kh-gpt,gpt-6-luna + gpt-6.1-sol,gpt-6-luna / xhigh + gpt-6.1-sol / high,pass,pass,,1828.406,2070113,0.4760373
r56,P-noreview,rails-hw-scoped-broadcast,1,studio,kh-gpt,gpt-6-luna + gpt-6.1-sol,gpt-6-luna / xhigh + gpt-6.1-sol / high,pass,pass,,1603.228,2265843,0.47085182
r56b,P-noreview,rails-hw-scoped-broadcast,1,studio,kh-gpt,gpt-6-luna + gpt-6.1-sol,gpt-6-luna / xhigh + gpt-6.1-sol / high,pass,pass,,1246.411,992313,0.3430353
r56b,P-noreview,rails-hw-scoped-broadcast,1,studio,kh-gpt,gpt-6-luna + gpt-6.1-sol,gpt-6-luna / xhigh + gpt-6.1-sol / high,pass,pass,,1143.31,1016990,0.333699
r56b,P-noreview,rails-hw-scoped-broadcast,1,studio,kh-gpt,gpt-6-luna + gpt-6.1-sol,gpt-6-luna / xhigh + gpt-6.1-sol / high,pass,pass,,1280.918,1363963,0.415861
r56b,P-noreview,rails-hw-scoped-broadcast,1,studio,kh-gpt,gpt-6-luna + gpt-6.1-sol,gpt-6-luna / xhigh + gpt-6.1-sol / high,pass,pass,,1098.795,1151114,0.35660108
r56b,P-noreview,rails-hw-scoped-broadcast,1,studio,kh-gpt,gpt-6-luna + gpt-6.1-sol,gpt-6-luna / xhigh + gpt-6.1-sol / high,pass,pass,,1065.77,1215580,0.34630582
r56b,P-noreview,rails-hw-scoped-broadcast,1,studio,kh-gpt,gpt-6-luna + gpt-6.1-sol,gpt-6-luna / xhigh + gpt-6.1-sol / high,pass,pass,,1614.261,3685846,0.41803924000000003
r56b,P-noreview,rails-hw-scoped-broadcast,1,studio,kh-gpt,gpt-6-luna + gpt-6.1-sol,gpt-6-luna / xhigh + gpt-6.1-sol / high,pass,pass,,1151.513,1601336,0.40875574000000003
r56b,P-noreview,rails-hw-scoped-broadcast,1,studio,kh-gpt,gpt-6-luna + gpt-6.1-sol,gpt-6-luna / xhigh + gpt-6.1-sol / high,pass,pass,,862.105,892235,0.29160222
r56b,P-noreview,rails-hw-scoped-broadcast,1,studio,kh-gpt,gpt-6-luna + gpt-6.1-sol,gpt-6-luna / xhigh + gpt-6.1-sol / high,pass,pass,,1361.189,1574653,0.37650804
r56b,P-noreview,rails-hw-scoped-broadcast,1,studio,kh-gpt,gpt-6-luna + gpt-6.1-sol,gpt-6-luna / xhigh + gpt-6.1-sol / high,pass,pass,,1231.994,1368823,0.44123242
r50,P-sollow,rails-hw-scoped-broadcast,1,studio,kh-gpt,gpt-6.1-sol + gpt-6.1-sol,gpt-6.1-sol / high + gpt-6.1-sol / low,pass,pass,,1377.992,1115130,0.6310232
r50,P-solmed,rails-hw-scoped-broadcast,1,studio,kh-gpt,gpt-6.1-sol + gpt-6.1-sol,gpt-6.1-sol / high + gpt-6.1-sol / medium,pass,pass,,1276.3,1033624,0.5734416
r22,Pstar-review,rails-hw-scoped-broadcast,1,studio,kh-gpt,gpt-6-luna,low,pass,pass,,553.928,511761,
r27,advisor,rails-hw-scoped-broadcast,1,studio,kh-gpt,gpt-6-luna,low,fail,fail,,44.418,46551,
r40,agentic-contract-exec-sol,rails-hw-scoped-broadcast,1,studio,kh-gpt,gpt-6-luna,low,pass,pass,,990.488,108006,
r32,agentic-repro-review-sol,rails-hw-scoped-broadcast,1,studio,kh-gpt,gpt-6-luna,low,pass,pass,,557.735,149917,
r32b,agentic30-repro-review-sol,rails-hw-scoped-broadcast,1,studio,kh-gpt,gpt-6-luna,low,pass,pass,,793.18,92276,
r22,bare,rails-hw-scoped-broadcast,1,studio,kh-gpt,gpt-6-luna,low,pass,pass,,99.46,152340,
r27,bare,rails-hw-scoped-broadcast,1,studio,kh-gpt,gpt-6-luna,low,pass,pass,,52.431,47264,
r48,cascade-contract,rails-hw-scoped-broadcast,1,studio,kh-gpt,gpt-6-luna,low,fail,fail,,392.872,51892,
r37c,contract-review-sol,rails-hw-scoped-broadcast,1,studio,kh-gpt,gpt-6-luna,low,pass,pass,,455.388,71711,
r57b,default-tools,rails-hw-scoped-broadcast,1,studio,kh-gpt,gpt-6-luna,low,fail,fail,,543.685,1914183,0.038003260000000004
r64c,kh-plan-shell-lunahigh,rails-hw-scoped-broadcast,1,studio,kh-gpt,gpt-6-luna + gpt-6.1-sol,gpt-6-luna / high + gpt-6.1-sol / high,pass,pass,,367.285,443918,0.0492732
r64,kh-plan-shell,rails-hw-scoped-broadcast,1,studio,kh-gpt,gpt-6-luna + gpt-6.1-sol,gpt-6-luna / xhigh + gpt-6.1-sol / high,pass,pass,,815.149,1489751,0.07177106
r64c,kh-plan-shell-solmedplan,rails-hw-scoped-broadcast,1,studio,kh-gpt,gpt-6-luna + gpt-6.1-sol,gpt-6-luna / xhigh + gpt-6.1-sol / medium,pass,pass,,502.51,831403,0.05324632
r49,mc-contract,rails-hw-scoped-broadcast,1,studio,kh-gpt,gpt-6-luna + gpt-6.1-sol,gpt-6-luna / max + gpt-6.1-sol / high,pass,pass,,352.661,427671,0.07540714
r69,none,rails-hw-scoped-broadcast,1,studio,kh-gpt,gpt-6-luna,xhigh,pass,pass,,546.548,1137432,
r35,packplan-execreview-sol,rails-hw-scoped-broadcast,1,studio,kh-gpt,gpt-6-luna,low,pass,pass,,1224.414,122877,
r30,packplan-review-lmax,rails-hw-scoped-broadcast,1,studio,kh-gpt,gpt-6-luna,low,fail,fail,,990.863,158542,
r30,packplan-review-sol,rails-hw-scoped-broadcast,1,studio,kh-gpt,gpt-6-luna,low,pass,pass,,393.97,64063,
r51,pl-approach-luna-low,rails-hw-scoped-broadcast,1,studio,kh-gpt,gpt-6-luna + gpt-6.1-sol,gpt-6-luna / low + gpt-6.1-sol / high,fail,fail,,267.968,170791,0.04345496
r51,pl-approach-luna-max,rails-hw-scoped-broadcast,1,studio,kh-gpt,gpt-6-luna + gpt-6-luna + gpt-6.1-sol,gpt-6-luna / low + gpt-6-luna / xhigh + gpt-6.1-sol / high,pass,pass,,791.237,855720,0.07090584
r51,pl-approach-sol-low,rails-hw-scoped-broadcast,1,studio,kh-gpt,gpt-6-luna + gpt-6.1-sol + gpt-6.1-sol,gpt-6-luna / low + gpt-6.1-sol / high + gpt-6.1-sol / low,pass,pass,,431.739,201075,0.11504814
r51,pl-criteria-luna-low,rails-hw-scoped-broadcast,1,studio,kh-gpt,gpt-6-luna + gpt-6.1-sol,gpt-6-luna / low + gpt-6.1-sol / high,fail,fail,,212.339,139833,0.02397924
r51,pl-criteria-luna-max,rails-hw-scoped-broadcast,1,studio,kh-gpt,gpt-6-luna + gpt-6-luna + gpt-6.1-sol,gpt-6-luna / low + gpt-6-luna / xhigh + gpt-6.1-sol / high,pass,pass,,919.998,3680222,0.07458026000000002
r51,pl-criteria-sol-low,rails-hw-scoped-broadcast,1,studio,kh-gpt,gpt-6-luna + gpt-6.1-sol + gpt-6.1-sol,gpt-6-luna / low + gpt-6.1-sol / high + gpt-6.1-sol / low,pass,pass,,225.134,96282,0.0790517
r51,pl-none-luna-low,rails-hw-scoped-broadcast,1,studio,kh-gpt,gpt-6-luna,gpt-6-luna / low,pass,pass,,69.853,108943,0.00318142
r51,pl-none-luna-max,rails-hw-scoped-broadcast,1,studio,kh-gpt,gpt-6-luna,gpt-6-luna / xhigh,pass,pass,,453.678,1074404,0.023221120000000005
r51,pl-none-sol-low,rails-hw-scoped-broadcast,1,studio,kh-gpt,gpt-6.1-sol,gpt-6.1-sol / low,pass,pass,,140.64,110020,0.05473120000000001
r51,pl-steps-luna-low,rails-hw-scoped-broadcast,1,studio,kh-gpt,gpt-6-luna + gpt-6.1-sol,gpt-6-luna / low + gpt-6.1-sol / high,pass,pass,,351.174,146448,0.05696972
r51,pl-steps-luna-max,rails-hw-scoped-broadcast,1,studio,kh-gpt,gpt-6-luna + gpt-6-luna + gpt-6.1-sol,gpt-6-luna / low + gpt-6-luna / xhigh + gpt-6.1-sol / high,pass,pass,,643.048,1548927,0.08015842000000001
r51,pl-steps-sol-low,rails-hw-scoped-broadcast,1,studio,kh-gpt,gpt-6-luna + gpt-6.1-sol + gpt-6.1-sol,gpt-6-luna / low + gpt-6.1-sol / high + gpt-6.1-sol / low,pass,pass,,456.228,272780,0.1846761
r29,review-only,rails-hw-scoped-broadcast,1,studio,kh-gpt,gpt-6-luna,low,fail,fail,,87.308,120759,
r22,review,rails-hw-scoped-broadcast,1,studio,kh-gpt,gpt-6-luna,low,fail,fail,,167.559,85551,
r29,route-asrun,rails-hw-scoped-broadcast,1,studio,kh-gpt,gpt-6-luna,low,pass,pass,,545.718,97317,
r46,route-cascade,rails-hw-scoped-broadcast,1,studio,kh-gpt,gpt-6-luna,low,fail,fail,,1344.834,231430,
r29,route-fixnoplan,rails-hw-scoped-broadcast,1,studio,kh-gpt,gpt-6-luna,low,fail,fail,,102.507,87755,
r47,route-jev,rails-hw-scoped-broadcast,1,studio,kh-gpt,gpt-6-luna,low,fail,fail,,94.37,95782,
r26,route,rails-hw-scoped-broadcast,1,studio,kh-gpt,gpt-6-luna,low,pass,pass,,360.84,139426,
r45,route-v3,rails-hw-scoped-broadcast,1,studio,kh-gpt,gpt-6-luna,low,fail,fail,,99.042,64398,
r57b,shell-only,rails-hw-scoped-broadcast,1,studio,kh-gpt,gpt-6-luna,low,pass,pass,,338.991,644760,0.01593544
r56c,P-noplan2,rails-hw-scoped-broadcast,10,studio,kh-gpt,gpt-6-luna + gpt-6.1-sol,gpt-6-luna / xhigh + gpt-6.1-sol / high,pass,pass,,1705.338,1493772,0.48619100000000004
r57d,default-tools,rails-hw-scoped-broadcast,10,studio,kh-gpt,gpt-6-luna,low,pass,pass,,421.631,1685161,0.0318085
r57d,shell-only,rails-hw-scoped-broadcast,10,studio,kh-gpt,gpt-6-luna,low,pass,pass,,637.985,765055,0.01987886
r56c,P-noplan2,rails-hw-scoped-broadcast,11,studio,kh-gpt,gpt-6-luna + gpt-6.1-sol,gpt-6-luna / xhigh + gpt-6.1-sol / high,pass,pass,,1150.565,1186692,0.36486510000000005
r57d,default-tools,rails-hw-scoped-broadcast,11,studio,kh-gpt,gpt-6-luna,low,pass,pass,,573.767,1789941,0.03342434
r57d,shell-only,rails-hw-scoped-broadcast,11,studio,kh-gpt,gpt-6-luna,low,pass,pass,,360.38,539640,0.016152160000000002
r56c,P-noplan2,rails-hw-scoped-broadcast,12,studio,kh-gpt,gpt-6-luna + gpt-6.1-sol,gpt-6-luna / xhigh + gpt-6.1-sol / high,pass,pass,,991.265,927047,0.28551876
r57d,default-tools,rails-hw-scoped-broadcast,12,studio,kh-gpt,gpt-6-luna,low,pass,pass,,563.178,1197967,0.02682678
r57d,shell-only,rails-hw-scoped-broadcast,12,studio,kh-gpt,gpt-6-luna,low,fail,fail,,377.985,537651,0.0164419
r57d,default-tools,rails-hw-scoped-broadcast,13,studio,kh-gpt,gpt-6-luna,low,pass,pass,,445.729,1443080,0.028512159999999995
r57d,shell-only,rails-hw-scoped-broadcast,13,studio,kh-gpt,gpt-6-luna,low,pass,pass,,395.533,780564,0.0195376
r57d,default-tools,rails-hw-scoped-broadcast,14,studio,kh-gpt,gpt-6-luna,low,pass,pass,,544.161,921033,0.02024426
r57d,shell-only,rails-hw-scoped-broadcast,14,studio,kh-gpt,gpt-6-luna,low,pass,pass,,378.524,892501,0.019666820000000005
r57d,default-tools,rails-hw-scoped-broadcast,15,studio,kh-gpt,gpt-6-luna,low,pass,pass,,470.948,788233,0.01810354
r57d,shell-only,rails-hw-scoped-broadcast,15,studio,kh-gpt,gpt-6-luna,low,pass,pass,,500.474,421333,0.013582900000000004
r57d,default-tools,rails-hw-scoped-broadcast,16,studio,kh-gpt,gpt-6-luna,low,pass,pass,,466.394,583835,0.01503966
r57d,shell-only,rails-hw-scoped-broadcast,16,studio,kh-gpt,gpt-6-luna,low,pass,pass,,581.731,811712,0.019745440000000006
r56,B-ctx-ls,rails-hw-scoped-broadcast,2,studio,kh-gpt,gpt-6-luna,gpt-6-luna / xhigh,pass,pass,,506.101,862008,0.022793919999999995
r56,B-ctx-none,rails-hw-scoped-broadcast,2,studio,kh-gpt,gpt-6-luna,gpt-6-luna / xhigh,pass,pass,,536.135,1302067,0.0285503
r56,B-ctx-pack,rails-hw-scoped-broadcast,2,studio,kh-gpt,gpt-6-luna + gpt-6-luna,gpt-6-luna / low + gpt-6-luna / xhigh,pass,pass,,493.782,1465489,0.0317689
r56,P-full,rails-hw-scoped-broadcast,2,studio,kh-gpt,gpt-6-luna + gpt-6.1-sol,gpt-6-luna / xhigh + gpt-6.1-sol / high,pass,pass,,1804.964,1634386,0.5443813599999999
r50,P-lunamax,rails-hw-scoped-broadcast,2,studio,kh-gpt,gpt-6-luna + gpt-6.1-sol,gpt-6-luna / xhigh + gpt-6.1-sol / high,pass,pass,,2033.12,2161741,0.53000706
r56,P-nocontract,rails-hw-scoped-broadcast,2,studio,kh-gpt,gpt-6-luna + gpt-6.1-sol,gpt-6-luna / xhigh + gpt-6.1-sol / high,pass,pass,,1373.36,2058601,0.50849454
r56c,P-noplan2,rails-hw-scoped-broadcast,2,studio,kh-gpt,gpt-6-luna + gpt-6.1-sol,gpt-6-luna / xhigh + gpt-6.1-sol / high,pass,pass,,1470.582,1071246,0.41930142
r56,P-noreview,rails-hw-scoped-broadcast,2,studio,kh-gpt,gpt-6-luna + gpt-6.1-sol,gpt-6-luna / xhigh + gpt-6.1-sol / high,pass,pass,,1410.939,1965629,0.39287706
r50,P-sollow,rails-hw-scoped-broadcast,2,studio,kh-gpt,gpt-6.1-sol + gpt-6.1-sol,gpt-6.1-sol / high + gpt-6.1-sol / low,pass,pass,,1564.483,992907,0.5976908
r50,P-solmed,rails-hw-scoped-broadcast,2,studio,kh-gpt,gpt-6.1-sol + gpt-6.1-sol,gpt-6.1-sol / high + gpt-6.1-sol / medium,pass,pass,,1585.014,1274170,0.6701912
r22,Pstar-review,rails-hw-scoped-broadcast,2,studio,kh-gpt,gpt-6-luna,low,pass,pass,,236.711,92124,
r27,advisor,rails-hw-scoped-broadcast,2,studio,kh-gpt,gpt-6-luna,low,fail,fail,,29.413,40075,
r35,agentic30-execreview-sol,rails-hw-scoped-broadcast,2,studio,kh-gpt,gpt-6-luna,low,pass,pass,,2482.895,135784,
r22,bare,rails-hw-scoped-broadcast,2,studio,kh-gpt,gpt-6-luna,low,fail,fail,,81.897,117566,
r27,bare,rails-hw-scoped-broadcast,2,studio,kh-gpt,gpt-6-luna,low,fail,fail,,84.655,87707,
r31,bo3-packplan-review-sol,rails-hw-scoped-broadcast,2,studio,kh-gpt,gpt-6-luna,low,pass,pass,,1378.471,377661,
r48,cascade-contract,rails-hw-scoped-broadcast,2,studio,kh-gpt,gpt-6-luna,low,fail,fail,,426.658,72638,
r48b,cascade-contract-v2,rails-hw-scoped-broadcast,2,studio,kh-gpt,gpt-6-luna + gpt-6.1-sol,gpt-6-luna / low + gpt-6.1-sol / high,pass,pass,,607.814,484786,0.25259351999999996
r36,cheapswarm-bo5-lunahigh,rails-hw-scoped-broadcast,2,studio,kh-gpt,gpt-6-luna,low,fail,fail,,937.504,364971,
r37c,contract-review-sol,rails-hw-scoped-broadcast,2,studio,kh-gpt,gpt-6-luna,low,pass,pass,,521.896,86732,
r37,debate-packplan-review,rails-hw-scoped-broadcast,2,studio,kh-gpt,gpt-6-luna,low,pass,pass,,1085.209,74290,
r57b,default-tools,rails-hw-scoped-broadcast,2,studio,kh-gpt,gpt-6-luna,low,pass,pass,,462.415,930117,0.022729620000000002
r64c,kh-plan-shell-lunahigh,rails-hw-scoped-broadcast,2,studio,kh-gpt,gpt-6-luna + gpt-6.1-sol,gpt-6-luna / high + gpt-6.1-sol / high,pass,pass,,251.398,242018,0.0459393
r64,kh-plan-shell,rails-hw-scoped-broadcast,2,studio,kh-gpt,gpt-6-luna + gpt-6.1-sol,gpt-6-luna / xhigh + gpt-6.1-sol / high,pass,pass,,670.631,751717,0.05852242
r64c,kh-plan-shell-solmedplan,rails-hw-scoped-broadcast,2,studio,kh-gpt,gpt-6-luna + gpt-6.1-sol,gpt-6-luna / xhigh + gpt-6.1-sol / medium,pass,pass,,934.822,800484,0.05918224
r69,none,rails-hw-scoped-broadcast,2,studio,kh-gpt,gpt-6-luna,xhigh,pass,pass,,331.356,417632,
r35,packplan-execreview-sol,rails-hw-scoped-broadcast,2,studio,kh-gpt,gpt-6-luna,low,pass,pass,,908.231,124900,
r30,packplan-review-lmax,rails-hw-scoped-broadcast,2,studio,kh-gpt,gpt-6-luna,low,pass,pass,,1207.17,339614,
r30,packplan-review-sol,rails-hw-scoped-broadcast,2,studio,kh-gpt,gpt-6-luna,low,pass,pass,,477.727,214835,
r51,pl-approach-luna-low,rails-hw-scoped-broadcast,2,studio,kh-gpt,gpt-6-luna + gpt-6.1-sol,gpt-6-luna / low + gpt-6.1-sol / high,pass,pass,,335.023,119791,0.04790258
r51,pl-approach-luna-max,rails-hw-scoped-broadcast,2,studio,kh-gpt,gpt-6-luna + gpt-6-luna + gpt-6.1-sol,gpt-6-luna / low + gpt-6-luna / xhigh + gpt-6.1-sol / high,pass,pass,,755.485,1161291,0.08728854
r51,pl-approach-sol-low,rails-hw-scoped-broadcast,2,studio,kh-gpt,gpt-6-luna + gpt-6.1-sol + gpt-6.1-sol,gpt-6-luna / low + gpt-6.1-sol / high + gpt-6.1-sol / low,pass,pass,,493.177,190297,0.13879070000000002
r51,pl-criteria-luna-low,rails-hw-scoped-broadcast,2,studio,kh-gpt,gpt-6-luna + gpt-6.1-sol,gpt-6-luna / low + gpt-6.1-sol / high,pass,pass,,228.85,132856,0.02433262
r51,pl-criteria-luna-max,rails-hw-scoped-broadcast,2,studio,kh-gpt,gpt-6-luna + gpt-6-luna + gpt-6.1-sol,gpt-6-luna / low + gpt-6-luna / xhigh + gpt-6.1-sol / high,pass,pass,,1019.732,2125630,0.059853719999999985
r51,pl-criteria-sol-low,rails-hw-scoped-broadcast,2,studio,kh-gpt,gpt-6-luna + gpt-6.1-sol + gpt-6.1-sol,gpt-6-luna / low + gpt-6.1-sol / high + gpt-6.1-sol / low,pass,pass,,347.343,147712,0.08559098000000001
r51,pl-none-luna-low,rails-hw-scoped-broadcast,2,studio,kh-gpt,gpt-6-luna,gpt-6-luna / low,fail,fail,,55.844,46353,0.00233618
r51,pl-none-luna-max,rails-hw-scoped-broadcast,2,studio,kh-gpt,gpt-6-luna,gpt-6-luna / xhigh,pass,pass,,530.647,1035309,0.021556820000000004
r51,pl-none-sol-low,rails-hw-scoped-broadcast,2,studio,kh-gpt,gpt-6.1-sol,gpt-6.1-sol / low,fail,fail,,165.165,77647,0.07978840000000001
r51,pl-steps-luna-low,rails-hw-scoped-broadcast,2,studio,kh-gpt,gpt-6-luna + gpt-6.1-sol,gpt-6-luna / low + gpt-6.1-sol / high,pass,pass,,400.498,133449,0.05565018
r51,pl-steps-luna-max,rails-hw-scoped-broadcast,2,studio,kh-gpt,gpt-6-luna + gpt-6-luna + gpt-6.1-sol,gpt-6-luna / low + gpt-6-luna / xhigh + gpt-6.1-sol / high,pass,pass,,665.724,671345,0.07195616
r51,pl-steps-sol-low,rails-hw-scoped-broadcast,2,studio,kh-gpt,gpt-6-luna + gpt-6.1-sol + gpt-6.1-sol,gpt-6-luna / low + gpt-6.1-sol / high + gpt-6.1-sol / low,pass,pass,,446.892,164969,0.13353007999999997
r29,review-only,rails-hw-scoped-broadcast,2,studio,kh-gpt,gpt-6-luna,low,fail,fail,,80.569,65445,
r22,review,rails-hw-scoped-broadcast,2,studio,kh-gpt,gpt-6-luna,low,fail,fail,,294.479,183291,
r29,route-asrun,rails-hw-scoped-broadcast,2,studio,kh-gpt,gpt-6-luna,low,pass,pass,,541.964,682751,
r46,route-cascade,rails-hw-scoped-broadcast,2,studio,kh-gpt,gpt-6-luna,low,fail,fail,,1247.206,263667,
r29,route-fixnoplan,rails-hw-scoped-broadcast,2,studio,kh-gpt,gpt-6-luna,low,fail,fail,,197.128,129066,
r47,route-jev,rails-hw-scoped-broadcast,2,studio,kh-gpt,gpt-6-luna,low,fail,fail,,86.278,32237,
r26,route,rails-hw-scoped-broadcast,2,studio,kh-gpt,gpt-6-luna,low,pass,pass,,342.814,91464,
r45,route-v3,rails-hw-scoped-broadcast,2,studio,kh-gpt,gpt-6-luna,low,fail,fail,,103.211,56774,
r57b,shell-only,rails-hw-scoped-broadcast,2,studio,kh-gpt,gpt-6-luna,low,pass,pass,,308.29,689935,0.01671686
r50,P-lunamax,rails-hw-scoped-broadcast,3,studio,kh-gpt,gpt-6-luna + gpt-6.1-sol,gpt-6-luna / xhigh + gpt-6.1-sol / high,pass,pass,,1727.652,2650176,0.5666021400000001
r56c,P-noplan2,rails-hw-scoped-broadcast,3,studio,kh-gpt,gpt-6-luna + gpt-6.1-sol,gpt-6-luna / xhigh + gpt-6.1-sol / high,pass,pass,,1207.886,1144762,0.38893300000000003
r50,P-sollow,rails-hw-scoped-broadcast,3,studio,kh-gpt,gpt-6.1-sol + gpt-6.1-sol,gpt-6.1-sol / high + gpt-6.1-sol / low,pass,pass,,1399.803,1126011,0.6458828
r50,P-solmed,rails-hw-scoped-broadcast,3,studio,kh-gpt,gpt-6.1-sol + gpt-6.1-sol,gpt-6.1-sol / high + gpt-6.1-sol / medium,pass,pass,,1189.092,1114499,0.6139564
r22,Pstar-review,rails-hw-scoped-broadcast,3,studio,kh-gpt,gpt-6-luna,low,pass,pass,,260.376,137395,
r27,advisor,rails-hw-scoped-broadcast,3,studio,kh-gpt,gpt-6-luna,low,fail,fail,,16.37,10580,
r40,agentic-contract-exec-sol,rails-hw-scoped-broadcast,3,studio,kh-gpt,gpt-6-luna,low,pass,pass,,791.228,112256,
r32,agentic-repro-review-sol,rails-hw-scoped-broadcast,3,studio,kh-gpt,gpt-6-luna,low,pass,pass,,422.839,86984,
r35,agentic30-execreview-sol,rails-hw-scoped-broadcast,3,studio,kh-gpt,gpt-6-luna,low,pass,pass,,665.143,160889,
r32b,agentic30-repro-review-sol,rails-hw-scoped-broadcast,3,studio,kh-gpt,gpt-6-luna,low,pass,pass,,785.974,293320,
r22,bare,rails-hw-scoped-broadcast,3,studio,kh-gpt,gpt-6-luna,low,fail,fail,,75.336,81859,
r27,bare,rails-hw-scoped-broadcast,3,studio,kh-gpt,gpt-6-luna,low,fail,fail,,53.394,63521,
r31,bo3-packplan-review-sol,rails-hw-scoped-broadcast,3,studio,kh-gpt,gpt-6-luna,low,pass,pass,,750.237,508448,
r48,cascade-contract,rails-hw-scoped-broadcast,3,studio,kh-gpt,gpt-6-luna,low,pass,pass,,1083.453,96303,
r36,cheapswarm-bo5-lunahigh,rails-hw-scoped-broadcast,3,studio,kh-gpt,gpt-6-luna,low,fail,fail,,1231.908,1465007,
r37c,contract-review-sol,rails-hw-scoped-broadcast,3,studio,kh-gpt,gpt-6-luna,low,pass,pass,,477.266,73253,
r57b,default-tools,rails-hw-scoped-broadcast,3,studio,kh-gpt,gpt-6-luna,low,pass,pass,,325.16,720102,0.017383239999999998
r64c,kh-plan-shell-lunahigh,rails-hw-scoped-broadcast,3,studio,kh-gpt,gpt-6-luna + gpt-6.1-sol,gpt-6-luna / high + gpt-6.1-sol / high,pass,pass,,306.635,268900,0.04577914
r64,kh-plan-shell,rails-hw-scoped-broadcast,3,studio,kh-gpt,gpt-6-luna + gpt-6.1-sol,gpt-6-luna / xhigh + gpt-6.1-sol / high,pass,pass,,591.07,930027,0.06221024
r64c,kh-plan-shell-solmedplan,rails-hw-scoped-broadcast,3,studio,kh-gpt,gpt-6-luna + gpt-6.1-sol,gpt-6-luna / xhigh + gpt-6.1-sol / medium,pass,pass,,558.185,1244849,0.05728008000000001
r49,mc-contract,rails-hw-scoped-broadcast,3,studio,kh-gpt,gpt-6-luna + gpt-6.1-sol,gpt-6-luna / max + gpt-6.1-sol / high,pass,pass,,866.431,982955,0.19001634
r49,mc-review,rails-hw-scoped-broadcast,3,studio,kh-gpt,gpt-6-luna + gpt-6.1-sol,gpt-6-luna / max + gpt-6.1-sol / high,pass,pass,,1171.285,1593727,0.11314958
r69,none,rails-hw-scoped-broadcast,3,studio,kh-gpt,gpt-6-luna,xhigh,pass,pass,,438.249,672079,
r35,packplan-execreview-sol,rails-hw-scoped-broadcast,3,studio,kh-gpt,gpt-6-luna,low,pass,pass,,642.865,72718,
r30,packplan-review-lmax,rails-hw-scoped-broadcast,3,studio,kh-gpt,gpt-6-luna,low,pass,pass,,772.619,235324,
r30,packplan-review-sol,rails-hw-scoped-broadcast,3,studio,kh-gpt,gpt-6-luna,low,pass,pass,,452.449,91176,
r29,review-only,rails-hw-scoped-broadcast,3,studio,kh-gpt,gpt-6-luna,low,fail,fail,,96.743,70185,
r22,review,rails-hw-scoped-broadcast,3,studio,kh-gpt,gpt-6-luna,low,fail,fail,,93.48,89273,
r29,route-asrun,rails-hw-scoped-broadcast,3,studio,kh-gpt,gpt-6-luna,low,pass,pass,,627.781,179229,
r46,route-cascade,rails-hw-scoped-broadcast,3,studio,kh-gpt,gpt-6-luna,low,pass,pass,,678.605,215495,
r29,route-fixnoplan,rails-hw-scoped-broadcast,3,studio,kh-gpt,gpt-6-luna,low,fail,fail,,121.156,62806,
r47,route-jev,rails-hw-scoped-broadcast,3,studio,kh-gpt,gpt-6-luna,low,fail,fail,,99.293,84864,
r28,route-lmax,rails-hw-scoped-broadcast,3,studio,kh-gpt,gpt-6-luna,low,pass,pass,,1069.837,467781,
r26,route,rails-hw-scoped-broadcast,3,studio,kh-gpt,gpt-6-luna,low,pass,pass,,776.754,534183,
r45,route-v3,rails-hw-scoped-broadcast,3,studio,kh-gpt,gpt-6-luna,low,fail,fail,,101.202,54302,
r57b,shell-only,rails-hw-scoped-broadcast,3,studio,kh-gpt,gpt-6-luna,low,pass,pass,,346.465,494952,0.014488400000000002
r56c,P-noplan2,rails-hw-scoped-broadcast,4,studio,kh-gpt,gpt-6-luna + gpt-6.1-sol,gpt-6-luna / xhigh + gpt-6.1-sol / high,pass,pass,,1427.446,1038846,0.39775351999999997
r22,Pstar-review,rails-hw-scoped-broadcast,4,studio,kh-gpt,gpt-6-luna,low,pass,pass,,508.789,430873,
r69,accept,rails-hw-scoped-broadcast,4,studio,kh-gpt,gpt-6-luna,low,pass,pass,,,,
r27,advisor,rails-hw-scoped-broadcast,4,studio,kh-gpt,gpt-6-luna,low,pass,pass,,52.545,64006,
r32,agentic-repro-review-sol,rails-hw-scoped-broadcast,4,studio,kh-gpt,gpt-6-luna,low,pass,pass,,484.915,262259,
r35,agentic30-execreview-sol,rails-hw-scoped-broadcast,4,studio,kh-gpt,gpt-6-luna,low,pass,pass,,656.326,187692,
r32b,agentic30-repro-review-sol,rails-hw-scoped-broadcast,4,studio,kh-gpt,gpt-6-luna,low,pass,pass,,550.734,171296,
r69,approach,rails-hw-scoped-broadcast,4,studio,kh-gpt,gpt-6-luna,low,pass,pass,,,,
r22,bare,rails-hw-scoped-broadcast,4,studio,kh-gpt,gpt-6-luna,low,fail,fail,,47.771,69546,
r27,bare,rails-hw-scoped-broadcast,4,studio,kh-gpt,gpt-6-luna,low,fail,fail,,71.529,130320,
r31,bo3-packplan-review-sol,rails-hw-scoped-broadcast,4,studio,kh-gpt,gpt-6-luna,low,pass,pass,,625.151,1158423,
r37c,contract-review-sol,rails-hw-scoped-broadcast,4,studio,kh-gpt,gpt-6-luna,low,pass,pass,,463.522,88160,
r37,debate-packplan-review,rails-hw-scoped-broadcast,4,studio,kh-gpt,gpt-6-luna,low,pass,pass,,946.459,35185,
r57b,default-tools,rails-hw-scoped-broadcast,4,studio,kh-gpt,gpt-6-luna,low,pass,pass,,574.766,1674473,0.03255970000000001
r64b,kh-plan-shell,rails-hw-scoped-broadcast,4,studio,kh-gpt,gpt-6-luna + gpt-6.1-sol,gpt-6-luna / xhigh + gpt-6.1-sol / high,pass,pass,,599.494,1173172,0.06647676
r64e,kh-plan-shell-solmedplan,rails-hw-scoped-broadcast,4,studio,kh-gpt,gpt-6-luna,xhigh,pass,pass,,618.854,1388743,
r69,none,rails-hw-scoped-broadcast,4,studio,kh-gpt,gpt-6-luna,low,pass,pass,,,,
r35,packplan-execreview-sol,rails-hw-scoped-broadcast,4,studio,kh-gpt,gpt-6-luna,low,pass,pass,,608.191,142495,
r30,packplan-review-lmax,rails-hw-scoped-broadcast,4,studio,kh-gpt,gpt-6-luna,low,pass,pass,,1090.175,146886,
r30,packplan-review-sol,rails-hw-scoped-broadcast,4,studio,kh-gpt,gpt-6-luna,low,pass,pass,,491.456,134441,
r29,review-only,rails-hw-scoped-broadcast,4,studio,kh-gpt,gpt-6-luna,low,fail,fail,,207.568,151663,
r22,review,rails-hw-scoped-broadcast,4,studio,kh-gpt,gpt-6-luna,low,fail,fail,,182.264,109843,
r29,route-asrun,rails-hw-scoped-broadcast,4,studio,kh-gpt,gpt-6-luna,low,pass,pass,,770.404,427176,
r29,route-fixnoplan,rails-hw-scoped-broadcast,4,studio,kh-gpt,gpt-6-luna,low,fail,fail,,153.631,100971,
r28,route-lmax,rails-hw-scoped-broadcast,4,studio,kh-gpt,gpt-6-luna,low,fail,fail,,761.959,320170,
r26,route,rails-hw-scoped-broadcast,4,studio,kh-gpt,gpt-6-luna,low,pass,pass,,345.008,73296,
r57b,shell-only,rails-hw-scoped-broadcast,4,studio,kh-gpt,gpt-6-luna,low,fail,fail,,409.091,2174005,0.040735860000000006
r69,spec,rails-hw-scoped-broadcast,4,studio,kh-gpt,gpt-6-luna,low,pass,pass,,,,
r56c,P-noplan2,rails-hw-scoped-broadcast,5,studio,kh-gpt,gpt-6-luna + gpt-6.1-sol,gpt-6-luna / xhigh + gpt-6.1-sol / high,pass,pass,,1259.198,758941,0.3541691
r22,Pstar-review,rails-hw-scoped-broadcast,5,studio,kh-gpt,gpt-6-luna,low,pass,pass,,268.418,217329,
r27,advisor,rails-hw-scoped-broadcast,5,studio,kh-gpt,gpt-6-luna,low,fail,fail,,59.461,49013,
r32,agentic-repro-review-sol,rails-hw-scoped-broadcast,5,studio,kh-gpt,gpt-6-luna,low,pass,pass,,407.392,141672,
r35,agentic30-execreview-sol,rails-hw-scoped-broadcast,5,studio,kh-gpt,gpt-6-luna,low,pass,pass,,768.891,244229,
r32b,agentic30-repro-review-sol,rails-hw-scoped-broadcast,5,studio,kh-gpt,gpt-6-luna,low,pass,pass,,582.183,132897,
r22,bare,rails-hw-scoped-broadcast,5,studio,kh-gpt,gpt-6-luna,low,fail,fail,,36.845,108723,
r27,bare,rails-hw-scoped-broadcast,5,studio,kh-gpt,gpt-6-luna,low,fail,fail,,43.577,94019,
r31,bo3-packplan-review-sol,rails-hw-scoped-broadcast,5,studio,kh-gpt,gpt-6-luna,low,pass,pass,,535.254,293089,
r37,contract-review-sol,rails-hw-scoped-broadcast,5,studio,kh-gpt,gpt-6-luna,low,pass,pass,,475.323,57146,
r37c,contract-review-sol,rails-hw-scoped-broadcast,5,studio,kh-gpt,gpt-6-luna,low,pass,pass,,470.671,64466,
r37,debate-packplan-review,rails-hw-scoped-broadcast,5,studio,kh-gpt,gpt-6-luna,low,pass,pass,,976.401,88422,
r57b,default-tools,rails-hw-scoped-broadcast,5,studio,kh-gpt,gpt-6-luna,low,pass,pass,,425.747,1184033,0.027278500000000004
r64b,kh-plan-shell,rails-hw-scoped-broadcast,5,studio,kh-gpt,gpt-6-luna + gpt-6.1-sol,gpt-6-luna / xhigh + gpt-6.1-sol / high,pass,pass,,518.035,923115,0.06879134
r64e,kh-plan-shell-solmedplan,rails-hw-scoped-broadcast,5,studio,kh-gpt,gpt-6-luna,xhigh,pass,pass,,720.312,1886147,
r35,packplan-execreview-sol,rails-hw-scoped-broadcast,5,studio,kh-gpt,gpt-6-luna,low,pass,pass,,451.466,159550,
r30,packplan-review-lmax,rails-hw-scoped-broadcast,5,studio,kh-gpt,gpt-6-luna,low,pass,pass,,1046.692,972958,
r30,packplan-review-sol,rails-hw-scoped-broadcast,5,studio,kh-gpt,gpt-6-luna,low,fail,fail,,364.319,58491,
r29,review-only,rails-hw-scoped-broadcast,5,studio,kh-gpt,gpt-6-luna,low,fail,fail,,82.718,56360,
r22,review,rails-hw-scoped-broadcast,5,studio,kh-gpt,gpt-6-luna,low,fail,fail,,189.622,111252,
r29,route-asrun,rails-hw-scoped-broadcast,5,studio,kh-gpt,gpt-6-luna,low,pass,pass,,359.415,65486,
r29,route-fixnoplan,rails-hw-scoped-broadcast,5,studio,kh-gpt,gpt-6-luna,low,fail,fail,,86.528,133021,
r26,route,rails-hw-scoped-broadcast,5,studio,kh-gpt,gpt-6-luna,low,pass,pass,,486.779,237139,
r57b,shell-only,rails-hw-scoped-broadcast,5,studio,kh-gpt,gpt-6-luna,low,pass,pass,,423.221,665944,0.016440160000000002
r56c,P-noplan2,rails-hw-scoped-broadcast,6,studio,kh-gpt,gpt-6-luna + gpt-6.1-sol,gpt-6-luna / xhigh + gpt-6.1-sol / high,pass,pass,,1289.834,1047855,0.38455786000000003
r57b,default-tools,rails-hw-scoped-broadcast,6,studio,kh-gpt,gpt-6-luna,low,pass,pass,,788.58,1269756,0.026015999999999997
r57b,shell-only,rails-hw-scoped-broadcast,6,studio,kh-gpt,gpt-6-luna,low,fail,fail,,454.819,885334,0.02358772
r56c,P-noplan2,rails-hw-scoped-broadcast,7,studio,kh-gpt,gpt-6-luna + gpt-6.1-sol,gpt-6-luna / xhigh + gpt-6.1-sol / high,pass,pass,,1193.915,893768,0.30836132
r57b,default-tools,rails-hw-scoped-broadcast,7,studio,kh-gpt,gpt-6-luna,low,pass,pass,,840.331,2930027,0.05133814000000001
r57b,shell-only,rails-hw-scoped-broadcast,7,studio,kh-gpt,gpt-6-luna,low,pass,pass,,437.383,766628,0.019151280000000003
r56c,P-noplan2,rails-hw-scoped-broadcast,8,studio,kh-gpt,gpt-6-luna + gpt-6.1-sol,gpt-6-luna / xhigh + gpt-6.1-sol / high,pass,pass,,1070.143,1014316,0.37241838000000005
r57b,default-tools,rails-hw-scoped-broadcast,8,studio,kh-gpt,gpt-6-luna,low,pass,pass,,414.161,722564,0.01799952
r57b,shell-only,rails-hw-scoped-broadcast,8,studio,kh-gpt,gpt-6-luna,low,pass,pass,,405.063,667410,0.0168966
r56c,P-noplan2,rails-hw-scoped-broadcast,9,studio,kh-gpt,gpt-6-luna + gpt-6.1-sol,gpt-6-luna / xhigh + gpt-6.1-sol / high,pass,pass,,1299.15,753795,0.38827904
r57d,default-tools,rails-hw-scoped-broadcast,9,studio,kh-gpt,gpt-6-luna,low,pass,pass,,370.402,1366830,0.028153239999999996
r57d,shell-only,rails-hw-scoped-broadcast,9,studio,kh-gpt,gpt-6-luna,low,pass,pass,,454.717,803648,0.021568160000000003
r50,P-lunamax,rails-sec-audit-sweep,1,studio,kh-gpt,gpt-6-luna + gpt-6.1-sol,gpt-6-luna / xhigh + gpt-6.1-sol / high,pass,pass,,1979.7,2174331,0.6003000000000001
r50,P-sollow,rails-sec-audit-sweep,1,studio,kh-gpt,gpt-6.1-sol + gpt-6.1-sol,gpt-6.1-sol / high + gpt-6.1-sol / low,pass,pass,,1680.449,1465349,0.7388372000000001
r50,P-solmed,rails-sec-audit-sweep,1,studio,kh-gpt,gpt-6.1-sol + gpt-6.1-sol,gpt-6.1-sol / high + gpt-6.1-sol / medium,pass,pass,,2078.826,1565260,0.9025744
r17,Pstar,rails-sec-audit-sweep,1,studio,kh-gpt,gpt-6-luna,low,fail,fail,,256.136,233254,
r22,Pstar-review,rails-sec-audit-sweep,1,studio,kh-gpt,gpt-6-luna,low,pass,pass,,1330.714,1305586,
r27,advisor,rails-sec-audit-sweep,1,studio,kh-gpt,gpt-6-luna,low,fail,fail,,80.08,79800,
r17,bare,rails-sec-audit-sweep,1,studio,kh-gpt,gpt-6-luna,low,pass,pass,,73.786,203104,
r22,bare,rails-sec-audit-sweep,1,studio,kh-gpt,gpt-6-luna,low,pass,pass,,266.182,649149,
r27,bare,rails-sec-audit-sweep,1,studio,kh-gpt,gpt-6-luna,low,fail,fail,,79.045,180488,
r48,cascade-contract,rails-sec-audit-sweep,1,studio,kh-gpt,gpt-6-luna,low,fail,fail,,692.133,299126,
r64c,kh-plan-shell-lunahigh,rails-sec-audit-sweep,1,studio,kh-gpt,gpt-6-luna + gpt-6.1-sol,gpt-6-luna / high + gpt-6.1-sol / high,pass,pass,,285.219,287635,0.04496796
r64,kh-plan-shell,rails-sec-audit-sweep,1,studio,kh-gpt,gpt-6-luna + gpt-6.1-sol,gpt-6-luna / xhigh + gpt-6.1-sol / high,pass,pass,,668.057,1960326,0.07219544
r64c,kh-plan-shell-solmedplan,rails-sec-audit-sweep,1,studio,kh-gpt,gpt-6-luna + gpt-6.1-sol,gpt-6-luna / xhigh + gpt-6.1-sol / medium,pass,pass,,600.671,2493587,0.07573878
r69,none,rails-sec-audit-sweep,1,studio,kh-gpt,gpt-6-luna,xhigh,pass,pass,,706.127,1271336,
r30,packplan-review-lmax,rails-sec-audit-sweep,1,studio,kh-gpt,gpt-6-luna,low,pass,pass,,789.841,176425,
r30,packplan-review-sol,rails-sec-audit-sweep,1,studio,kh-gpt,gpt-6-luna,low,pass,pass,,369.512,96089,
r22,review,rails-sec-audit-sweep,1,studio,kh-gpt,gpt-6-luna,low,pass,pass,,370.383,487132,
r46,route-cascade,rails-sec-audit-sweep,1,studio,kh-gpt,gpt-6-luna,low,fail,fail,,431.191,191142,
r47,route-jev,rails-sec-audit-sweep,1,studio,kh-gpt,gpt-6-luna,high,pass,pass,,632.922,367998,
r28,route-lmax,rails-sec-audit-sweep,1,studio,kh-gpt,gpt-6-luna,low,pass,pass,,714.911,1183607,
r26,route,rails-sec-audit-sweep,1,studio,kh-gpt,gpt-6-luna,low,pass,pass,,631.858,262219,
r45,route-v3,rails-sec-audit-sweep,1,studio,kh-gpt,gpt-6-luna,low,pass,pass,,773.748,144365,
r50,P-lunamax,rails-sec-audit-sweep,2,studio,kh-gpt,gpt-6-luna + gpt-6.1-sol,gpt-6-luna / xhigh + gpt-6.1-sol / high,pass,pass,,2552.646,2714835,0.6330446000000001
r50,P-sollow,rails-sec-audit-sweep,2,studio,kh-gpt,gpt-6.1-sol + gpt-6.1-sol,gpt-6.1-sol / high + gpt-6.1-sol / low,pass,pass,,1623.343,1291022,0.8142472
r50,P-solmed,rails-sec-audit-sweep,2,studio,kh-gpt,gpt-6.1-sol + gpt-6.1-sol,gpt-6.1-sol / high + gpt-6.1-sol / medium,pass,pass,,1915.764,1333286,0.7227832000000001
r17,Pstar,rails-sec-audit-sweep,2,studio,kh-gpt,gpt-6-luna,low,pass,pass,,257.072,274836,
r22,Pstar-review,rails-sec-audit-sweep,2,studio,kh-gpt,gpt-6-luna,low,pass,pass,,340.573,242431,
r27,advisor,rails-sec-audit-sweep,2,studio,kh-gpt,gpt-6-luna,low,fail,fail,,69.556,125917,
r17,bare,rails-sec-audit-sweep,2,studio,kh-gpt,gpt-6-luna,low,pass,pass,,65.264,122009,
r22,bare,rails-sec-audit-sweep,2,studio,kh-gpt,gpt-6-luna,low,fail,fail,,64.532,115944,
r27,bare,rails-sec-audit-sweep,2,studio,kh-gpt,gpt-6-luna,low,fail,fail,,68.998,168003,
r48,cascade-contract,rails-sec-audit-sweep,2,studio,kh-gpt,gpt-6-luna,low,fail,fail,,685.272,159576,
r48b,cascade-contract-v2,rails-sec-audit-sweep,2,studio,kh-gpt,gpt-6-luna + gpt-6.1-sol,gpt-6-luna / low + gpt-6.1-sol / high,pass,pass,,828.131,791038,0.35896838
r64c,kh-plan-shell-lunahigh,rails-sec-audit-sweep,2,studio,kh-gpt,gpt-6-luna + gpt-6.1-sol,gpt-6-luna / high + gpt-6.1-sol / high,pass,pass,,234.813,318886,0.042086559999999995
r64,kh-plan-shell,rails-sec-audit-sweep,2,studio,kh-gpt,gpt-6-luna + gpt-6.1-sol,gpt-6-luna / xhigh + gpt-6.1-sol / high,pass,pass,,1162.367,2735883,0.08720430000000001
r64c,kh-plan-shell-solmedplan,rails-sec-audit-sweep,2,studio,kh-gpt,gpt-6-luna + gpt-6.1-sol,gpt-6-luna / xhigh + gpt-6.1-sol / medium,pass,pass,,1142.4,4390797,0.10753926
r69,none,rails-sec-audit-sweep,2,studio,kh-gpt,gpt-6-luna,xhigh,pass,pass,,468.772,1004262,
r30,packplan-review-lmax,rails-sec-audit-sweep,2,studio,kh-gpt,gpt-6-luna,low,pass,pass,,655.868,459877,
r30,packplan-review-sol,rails-sec-audit-sweep,2,studio,kh-gpt,gpt-6-luna,low,pass,pass,,350.148,73128,
r22,review,rails-sec-audit-sweep,2,studio,kh-gpt,gpt-6-luna,low,pass,pass,,107.137,102279,
r46,route-cascade,rails-sec-audit-sweep,2,studio,kh-gpt,gpt-6-luna,low,fail,fail,,387.733,250584,
r47,route-jev,rails-sec-audit-sweep,2,studio,kh-gpt,gpt-6-luna,high,pass,pass,,811.813,486187,
r26,route,rails-sec-audit-sweep,2,studio,kh-gpt,gpt-6-luna,low,pass,pass,,572.501,80449,
r45,route-v3,rails-sec-audit-sweep,2,studio,kh-gpt,gpt-6-luna,low,pass,pass,,793.067,271274,
r50,P-lunamax,rails-sec-audit-sweep,3,studio,kh-gpt,gpt-6-luna + gpt-6.1-sol,gpt-6-luna / xhigh + gpt-6.1-sol / high,pass,pass,,1798.678,2551563,0.59267442
r50,P-sollow,rails-sec-audit-sweep,3,studio,kh-gpt,gpt-6.1-sol + gpt-6.1-sol,gpt-6.1-sol / high + gpt-6.1-sol / low,pass,pass,,1291.525,1046202,0.5856471999999999
r50,P-solmed,rails-sec-audit-sweep,3,studio,kh-gpt,gpt-6.1-sol + gpt-6.1-sol,gpt-6.1-sol / high + gpt-6.1-sol / medium,pass,pass,,1478.127,1429848,0.6861071999999999
r17,Pstar,rails-sec-audit-sweep,3,studio,kh-gpt,gpt-6-luna,low,pass,pass,,387.822,428043,
r22,Pstar-review,rails-sec-audit-sweep,3,studio,kh-gpt,gpt-6-luna,low,fail,fail,,1078.187,1997121,
r27,advisor,rails-sec-audit-sweep,3,studio,kh-gpt,gpt-6-luna,low,pass,pass,,107.158,242180,
r17,bare,rails-sec-audit-sweep,3,studio,kh-gpt,gpt-6-luna,low,fail,fail,,60.896,63126,
r22,bare,rails-sec-audit-sweep,3,studio,kh-gpt,gpt-6-luna,low,fail,fail,,109.372,156339,
r27,bare,rails-sec-audit-sweep,3,studio,kh-gpt,gpt-6-luna,low,pass,pass,,80.073,118479,
r48,cascade-contract,rails-sec-audit-sweep,3,studio,kh-gpt,gpt-6-luna,low,fail,fail,,1105.482,243607,
r48b,cascade-contract-v2,rails-sec-audit-sweep,3,studio,kh-gpt,gpt-6-luna + gpt-6.1-sol,gpt-6-luna / low + gpt-6.1-sol / high,fail,fail,,1037.953,695490,0.38296516
r64c,kh-plan-shell-lunahigh,rails-sec-audit-sweep,3,studio,kh-gpt,gpt-6-luna + gpt-6.1-sol,gpt-6-luna / high + gpt-6.1-sol / high,pass,pass,,269.58,292915,0.04535892
r64,kh-plan-shell,rails-sec-audit-sweep,3,studio,kh-gpt,gpt-6-luna + gpt-6.1-sol,gpt-6-luna / xhigh + gpt-6.1-sol / high,pass,pass,,963.511,3204959,0.08977536
r64c,kh-plan-shell-solmedplan,rails-sec-audit-sweep,3,studio,kh-gpt,gpt-6-luna + gpt-6.1-sol,gpt-6-luna / xhigh + gpt-6.1-sol / medium,pass,pass,,1073.322,3106951,0.09178938
r49,mc-contract,rails-sec-audit-sweep,3,studio,kh-gpt,gpt-6-luna + gpt-6.1-sol,gpt-6-luna / max + gpt-6.1-sol / high,pass,pass,,930.63,1027004,0.23199676
r49,mc-review,rails-sec-audit-sweep,3,studio,kh-gpt,gpt-6-luna,gpt-6-luna / max,pass,pass,,918.364,2190793,0.04602802
r69,none,rails-sec-audit-sweep,3,studio,kh-gpt,gpt-6-luna,xhigh,pass,pass,,448.708,597537,
r30,packplan-review-lmax,rails-sec-audit-sweep,3,studio,kh-gpt,gpt-6-luna,low,pass,pass,,742.86,361874,
r30,packplan-review-sol,rails-sec-audit-sweep,3,studio,kh-gpt,gpt-6-luna,low,pass,pass,,329.539,77305,
r22,review,rails-sec-audit-sweep,3,studio,kh-gpt,gpt-6-luna,low,pass,pass,,1079.931,144103,
r46,route-cascade,rails-sec-audit-sweep,3,studio,kh-gpt,gpt-6-luna,low,fail,fail,,444.319,104873,
r47,route-jev,rails-sec-audit-sweep,3,studio,kh-gpt,gpt-6-luna,high,pass,pass,,934.07,475277,
r28,route-lmax,rails-sec-audit-sweep,3,studio,kh-gpt,gpt-6-luna,low,fail,fail,,657.067,250872,
r26,route,rails-sec-audit-sweep,3,studio,kh-gpt,gpt-6-luna,low,pass,pass,,708.912,386871,
r45,route-v3,rails-sec-audit-sweep,3,studio,kh-gpt,gpt-6-luna,low,pass,pass,,873.35,371973,
r17,Pstar,rails-sec-audit-sweep,4,studio,kh-gpt,gpt-6-luna,low,pass,pass,,386.136,707324,
r22,Pstar-review,rails-sec-audit-sweep,4,studio,kh-gpt,gpt-6-luna,low,pass,pass,,399.915,199845,
r69,accept,rails-sec-audit-sweep,4,studio,kh-gpt,gpt-6-luna,low,pass,pass,,,,
r27,advisor,rails-sec-audit-sweep,4,studio,kh-gpt,gpt-6-luna,low,fail,fail,,74.672,147283,
r69,approach,rails-sec-audit-sweep,4,studio,kh-gpt,gpt-6-luna,low,pass,pass,,,,
r17,bare,rails-sec-audit-sweep,4,studio,kh-gpt,gpt-6-luna,low,fail,fail,,94.502,195354,
r22,bare,rails-sec-audit-sweep,4,studio,kh-gpt,gpt-6-luna,low,fail,fail,,66.794,120651,
r27,bare,rails-sec-audit-sweep,4,studio,kh-gpt,gpt-6-luna,low,fail,fail,,231.178,596232,
r64b,kh-plan-shell,rails-sec-audit-sweep,4,studio,kh-gpt,gpt-6-luna + gpt-6.1-sol,gpt-6-luna / xhigh + gpt-6.1-sol / high,pass,pass,,808.007,3045020,0.09732584000000001
r64e,kh-plan-shell-solmedplan,rails-sec-audit-sweep,4,studio,kh-gpt,gpt-6-luna,xhigh,pass,pass,,763.252,1923856,
r69,none,rails-sec-audit-sweep,4,studio,kh-gpt,gpt-6-luna,low,pass,pass,,,,
r30,packplan-review-lmax,rails-sec-audit-sweep,4,studio,kh-gpt,gpt-6-luna,low,pass,pass,,992.633,194550,
r30,packplan-review-sol,rails-sec-audit-sweep,4,studio,kh-gpt,gpt-6-luna,low,pass,pass,,562.593,164426,
r22,review,rails-sec-audit-sweep,4,studio,kh-gpt,gpt-6-luna,low,pass,pass,,215.501,269424,
r26,route,rails-sec-audit-sweep,4,studio,kh-gpt,gpt-6-luna,low,pass,pass,,501.31,87694,
r69,spec,rails-sec-audit-sweep,4,studio,kh-gpt,gpt-6-luna,low,pass,pass,,,,
r17,Pstar,rails-sec-audit-sweep,5,studio,kh-gpt,gpt-6-luna,low,fail,fail,,267.689,317871,
r22,Pstar-review,rails-sec-audit-sweep,5,studio,kh-gpt,gpt-6-luna,low,pass,pass,,300.532,321216,
r27,advisor,rails-sec-audit-sweep,5,studio,kh-gpt,gpt-6-luna,low,fail,fail,,242.659,721085,
r17,bare,rails-sec-audit-sweep,5,studio,kh-gpt,gpt-6-luna,low,fail,fail,,69.511,195407,
r22,bare,rails-sec-audit-sweep,5,studio,kh-gpt,gpt-6-luna,low,fail,fail,,67.388,151588,
r27,bare,rails-sec-audit-sweep,5,studio,kh-gpt,gpt-6-luna,low,fail,fail,,76.566,88190,
r64e,kh-plan-shell-solmedplan,rails-sec-audit-sweep,5,studio,kh-gpt,gpt-6-luna,xhigh,pass,pass,,1075.409,2614269,
r30,packplan-review-lmax,rails-sec-audit-sweep,5,studio,kh-gpt,gpt-6-luna,low,pass,pass,,660.564,109961,
r30,packplan-review-sol,rails-sec-audit-sweep,5,studio,kh-gpt,gpt-6-luna,low,pass,pass,,459.753,84042,
r22,review,rails-sec-audit-sweep,5,studio,kh-gpt,gpt-6-luna,low,pass,pass,,1094.356,205073,
r28,route-lmax,rails-sec-audit-sweep,5,studio,kh-gpt,gpt-6-luna,low,pass,pass,,1200.501,598363,
r8,B1,rails-sup-legacy-conversions,1,studio,kh-gpt,gpt-6-luna,low,fail,fail,,140.837,246207,
r8,B1p12,rails-sup-legacy-conversions,1,studio,kh-gpt,gpt-6-luna,low,fail,fail,,163.69,149633,
r8,B1w7,rails-sup-legacy-conversions,1,studio,kh-gpt,gpt-6-luna,low,fail,fail,,156.928,221660,
r50,P-lunamax,rails-sup-legacy-conversions,1,studio,kh-gpt,gpt-6-luna + gpt-6.1-sol,gpt-6-luna / xhigh + gpt-6.1-sol / high,pass,pass,,1634.501,1609035,0.59739734
r50,P-sollow,rails-sup-legacy-conversions,1,studio,kh-gpt,gpt-6.1-sol + gpt-6.1-sol,gpt-6.1-sol / high + gpt-6.1-sol / low,fail,fail,,1383.651,1090703,0.6259547999999999
r50,P-solmed,rails-sup-legacy-conversions,1,studio,kh-gpt,gpt-6.1-sol + gpt-6.1-sol,gpt-6.1-sol / high + gpt-6.1-sol / medium,pass,pass,,1563.021,1050830,0.7017272
r17,Pstar,rails-sup-legacy-conversions,1,studio,kh-gpt,gpt-6-luna,low,fail,fail,,316.742,564760,
r21,Pstar-review,rails-sup-legacy-conversions,1,studio,kh-gpt,gpt-6-luna,low,pass,pass,,432.869,226376,
r27,advisor,rails-sup-legacy-conversions,1,studio,kh-gpt,gpt-6-luna,low,pass,pass,,72.552,35921,
r35,agentic30-execreview-sol,rails-sup-legacy-conversions,1,studio,kh-gpt,gpt-6-luna,low,pass,pass,,654.712,187371,
r19,bare,rails-sup-legacy-conversions,1,studio,kh-gpt,gpt-6-luna,low,fail,fail,,86.517,79769,
r27,bare,rails-sup-legacy-conversions,1,studio,kh-gpt,gpt-6-luna,low,pass,pass,,93.565,58379,
r8,bare,rails-sup-legacy-conversions,1,studio,kh-gpt,gpt-6-luna,low,fail,fail,,72.096,210054,
r48,cascade-contract,rails-sup-legacy-conversions,1,studio,kh-gpt,gpt-6-luna,low,pass,pass,,552.647,49017,
r36,cheapswarm-bo5-lunahigh,rails-sup-legacy-conversions,1,studio,kh-gpt,gpt-6-luna,low,pass,pass,,1821.461,430209,
r64c,kh-plan-shell-lunahigh,rails-sup-legacy-conversions,1,studio,kh-gpt,gpt-6-luna + gpt-6.1-sol,gpt-6-luna / high + gpt-6.1-sol / high,pass,pass,,333.981,340787,0.038229299999999994
r64,kh-plan-shell,rails-sup-legacy-conversions,1,studio,kh-gpt,gpt-6-luna + gpt-6.1-sol,gpt-6-luna / xhigh + gpt-6.1-sol / high,pass,pass,,537.284,813628,0.06128594
r64c,kh-plan-shell-solmedplan,rails-sup-legacy-conversions,1,studio,kh-gpt,gpt-6-luna + gpt-6.1-sol,gpt-6-luna / xhigh + gpt-6.1-sol / medium,pass,pass,,695.658,979914,0.05369128000000001
r49,mc-review,rails-sup-legacy-conversions,1,studio,kh-gpt,gpt-6-luna,gpt-6-luna / max,fail,fail,,849.341,1106148,0.03314328
r69,none,rails-sup-legacy-conversions,1,studio,kh-gpt,gpt-6-luna,xhigh,pass,pass,,466.235,406820,
r30,packplan-review-lmax,rails-sup-legacy-conversions,1,studio,kh-gpt,gpt-6-luna,low,fail,fail,,1209.769,190040,
r30,packplan-review-sol,rails-sup-legacy-conversions,1,studio,kh-gpt,gpt-6-luna,low,pass,pass,,401.055,78234,
r9,plan-lunamax,rails-sup-legacy-conversions,1,studio,kh-gpt,gpt-6-luna,low,pass,pass,,544.399,288315,
r9,plan-sol-nc-B1,rails-sup-legacy-conversions,1,studio,kh-gpt,gpt-6-luna,low,pass,pass,,335.028,981282,
r9,plan-sol-nocontext,rails-sup-legacy-conversions,1,studio,kh-gpt,gpt-6-luna,low,pass,pass,,367.471,881887,
r9,plan-sol,rails-sup-legacy-conversions,1,studio,kh-gpt,gpt-6-luna,low,pass,pass,,484.664,93088,
r19,review,rails-sup-legacy-conversions,1,studio,kh-gpt,gpt-6-luna,low,pass,pass,,401.574,136776,
r46,route-cascade,rails-sup-legacy-conversions,1,studio,kh-gpt,gpt-6-luna,low,fail,fail,,434.355,58643,
r47,route-jev,rails-sup-legacy-conversions,1,studio,kh-gpt,gpt-6-luna,high,pass,pass,,445.869,304132,
r28,route-lmax,rails-sup-legacy-conversions,1,studio,kh-gpt,gpt-6-luna,low,pass,pass,,951.454,180943,
r26,route,rails-sup-legacy-conversions,1,studio,kh-gpt,gpt-6-luna,low,pass,pass,,445.746,188534,
r45,route-v3,rails-sup-legacy-conversions,1,studio,kh-gpt,gpt-6-luna,low,pass,pass,,336.938,123333,
r8,B1,rails-sup-legacy-conversions,2,studio,kh-gpt,gpt-6-luna,low,fail,fail,,101.115,68740,
r8,B1p12,rails-sup-legacy-conversions,2,studio,kh-gpt,gpt-6-luna,low,pass,pass,,98.646,105550,
r8,B1w7,rails-sup-legacy-conversions,2,studio,kh-gpt,gpt-6-luna,low,fail,fail,,156.923,179701,
r50,P-lunamax,rails-sup-legacy-conversions,2,studio,kh-gpt,gpt-6-luna + gpt-6.1-sol,gpt-6-luna / xhigh + gpt-6.1-sol / high,pass,pass,,1723.831,2221239,0.54985714
r50,P-sollow,rails-sup-legacy-conversions,2,studio,kh-gpt,gpt-6.1-sol + gpt-6.1-sol,gpt-6.1-sol / high + gpt-6.1-sol / low,pass,pass,,1292.236,887061,0.595842
r50,P-solmed,rails-sup-legacy-conversions,2,studio,kh-gpt,gpt-6.1-sol + gpt-6.1-sol,gpt-6.1-sol / high + gpt-6.1-sol / medium,pass,pass,,1386.67,1032007,0.6653083999999999
r17,Pstar,rails-sup-legacy-conversions,2,studio,kh-gpt,gpt-6-luna,low,fail,fail,,225.037,87173,
r21,Pstar-review,rails-sup-legacy-conversions,2,studio,kh-gpt,gpt-6-luna,low,pass,pass,,373.032,365872,
r27,advisor,rails-sup-legacy-conversions,2,studio,kh-gpt,gpt-6-luna,low,fail,fail,,70.775,65738,
r35,agentic30-execreview-sol,rails-sup-legacy-conversions,2,studio,kh-gpt,gpt-6-luna,low,pass,pass,,865.72,124706,
r19,bare,rails-sup-legacy-conversions,2,studio,kh-gpt,gpt-6-luna,low,pass,pass,,84.921,77700,
r27,bare,rails-sup-legacy-conversions,2,studio,kh-gpt,gpt-6-luna,low,pass,pass,,82.837,59452,
r8,bare,rails-sup-legacy-conversions,2,studio,kh-gpt,gpt-6-luna,low,fail,fail,,110.158,88760,
r48,cascade-contract,rails-sup-legacy-conversions,2,studio,kh-gpt,gpt-6-luna,low,fail,fail,,632.129,45865,
r36,cheapswarm-bo5-lunahigh,rails-sup-legacy-conversions,2,studio,kh-gpt,gpt-6-luna,low,pass,pass,,1517.745,736604,
r64c,kh-plan-shell-lunahigh,rails-sup-legacy-conversions,2,studio,kh-gpt,gpt-6-luna + gpt-6.1-sol,gpt-6-luna / high + gpt-6.1-sol / high,pass,pass,,515.853,1076586,0.05892504
r64,kh-plan-shell,rails-sup-legacy-conversions,2,studio,kh-gpt,gpt-6-luna + gpt-6.1-sol,gpt-6-luna / xhigh + gpt-6.1-sol / high,pass,pass,,1147.379,2014090,0.07471734000000002
r64c,kh-plan-shell-solmedplan,rails-sup-legacy-conversions,2,studio,kh-gpt,gpt-6-luna + gpt-6.1-sol,gpt-6-luna / xhigh + gpt-6.1-sol / medium,fail,fail,,920.494,1088799,0.05839544000000001
r69,none,rails-sup-legacy-conversions,2,studio,kh-gpt,gpt-6-luna,xhigh,pass,pass,,348.41,323471,
r35,packplan-execreview-sol,rails-sup-legacy-conversions,2,studio,kh-gpt,gpt-6-luna,low,pass,pass,,436.517,99552,
r30,packplan-review-lmax,rails-sup-legacy-conversions,2,studio,kh-gpt,gpt-6-luna,low,pass,pass,,779.525,64651,
r30,packplan-review-sol,rails-sup-legacy-conversions,2,studio,kh-gpt,gpt-6-luna,low,pass,pass,,488.821,194842,
r9,plan-lunamax,rails-sup-legacy-conversions,2,studio,kh-gpt,gpt-6-luna,low,pass,pass,,454.528,129213,
r9,plan-sol-nc-B1,rails-sup-legacy-conversions,2,studio,kh-gpt,gpt-6-luna,low,pass,pass,,203.262,127560,
r9,plan-sol-nocontext,rails-sup-legacy-conversions,2,studio,kh-gpt,gpt-6-luna,low,pass,pass,,297.099,379521,
r9,plan-sol,rails-sup-legacy-conversions,2,studio,kh-gpt,gpt-6-luna,low,pass,pass,,414.201,195543,
r19,review,rails-sup-legacy-conversions,2,studio,kh-gpt,gpt-6-luna,low,pass,pass,,133.291,69185,
r46,route-cascade,rails-sup-legacy-conversions,2,studio,kh-gpt,gpt-6-luna,low,pass,pass,,254.198,257346,
r47,route-jev,rails-sup-legacy-conversions,2,studio,kh-gpt,gpt-6-luna,high,pass,pass,,490.509,237096,
r28,route-lmax,rails-sup-legacy-conversions,2,studio,kh-gpt,gpt-6-luna,low,pass,pass,,1041.428,71367,
r26,route,rails-sup-legacy-conversions,2,studio,kh-gpt,gpt-6-luna,low,pass,pass,,666.845,401321,
r45,route-v3,rails-sup-legacy-conversions,2,studio,kh-gpt,gpt-6-luna,low,pass,pass,,740.601,193257,
r8,B1,rails-sup-legacy-conversions,3,studio,kh-gpt,gpt-6-luna,low,pass,pass,,110.711,316876,
r8,B1p12,rails-sup-legacy-conversions,3,studio,kh-gpt,gpt-6-luna,low,pass,pass,,116.184,140866,
r8,B1w7,rails-sup-legacy-conversions,3,studio,kh-gpt,gpt-6-luna,low,fail,fail,,181.534,199515,
r50,P-lunamax,rails-sup-legacy-conversions,3,studio,kh-gpt,gpt-6-luna + gpt-6.1-sol,gpt-6-luna / xhigh + gpt-6.1-sol / high,pass,pass,,1647.609,1530364,0.60152552
r50,P-sollow,rails-sup-legacy-conversions,3,studio,kh-gpt,gpt-6.1-sol + gpt-6.1-sol,gpt-6.1-sol / high + gpt-6.1-sol / low,pass,pass,,1184.251,994271,0.5349356
r50,P-solmed,rails-sup-legacy-conversions,3,studio,kh-gpt,gpt-6.1-sol + gpt-6.1-sol,gpt-6.1-sol / high + gpt-6.1-sol / medium,pass,pass,,1181.575,918551,0.593286
r17,Pstar,rails-sup-legacy-conversions,3,studio,kh-gpt,gpt-6-luna,low,pass,pass,,239.265,229932,
r21,Pstar-review,rails-sup-legacy-conversions,3,studio,kh-gpt,gpt-6-luna,low,pass,pass,,290.555,126564,
r27,advisor,rails-sup-legacy-conversions,3,studio,kh-gpt,gpt-6-luna,low,fail,fail,,107.551,38983,
r19,bare,rails-sup-legacy-conversions,3,studio,kh-gpt,gpt-6-luna,low,pass,pass,,76.352,42276,
r27,bare,rails-sup-legacy-conversions,3,studio,kh-gpt,gpt-6-luna,low,fail,fail,,121.747,336882,
r8,bare,rails-sup-legacy-conversions,3,studio,kh-gpt,gpt-6-luna,low,pass,pass,,64.565,30844,
r48,cascade-contract,rails-sup-legacy-conversions,3,studio,kh-gpt,gpt-6-luna,low,pass,pass,,746.504,83826,
r36,cheapswarm-bo5-lunahigh,rails-sup-legacy-conversions,3,studio,kh-gpt,gpt-6-luna,low,pass,pass,,646.2,416985,
r64c,kh-plan-shell-lunahigh,rails-sup-legacy-conversions,3,studio,kh-gpt,gpt-6-luna + gpt-6.1-sol,gpt-6-luna / high + gpt-6.1-sol / high,fail,fail,,212.417,206365,0.03952952
r64,kh-plan-shell,rails-sup-legacy-conversions,3,studio,kh-gpt,gpt-6-luna + gpt-6.1-sol,gpt-6-luna / xhigh + gpt-6.1-sol / high,pass,pass,,647.486,1326810,0.0636014
r64c,kh-plan-shell-solmedplan,rails-sup-legacy-conversions,3,studio,kh-gpt,gpt-6-luna + gpt-6.1-sol,gpt-6-luna / xhigh + gpt-6.1-sol / medium,pass,pass,,528.542,1436706,0.06022356
r49,mc-contract,rails-sup-legacy-conversions,3,studio,kh-gpt,gpt-6-luna + gpt-6.1-sol,gpt-6-luna / max + gpt-6.1-sol / high,pass,pass,,1350.893,1444508,0.20962062
r49,mc-review,rails-sup-legacy-conversions,3,studio,kh-gpt,gpt-6-luna,gpt-6-luna / max,pass,pass,,880.415,1482684,0.03366648
r69,none,rails-sup-legacy-conversions,3,studio,kh-gpt,gpt-6-luna,xhigh,pass,pass,,292.622,263269,
r35,packplan-execreview-sol,rails-sup-legacy-conversions,3,studio,kh-gpt,gpt-6-luna,low,pass,pass,,406.703,68527,
r30,packplan-review-lmax,rails-sup-legacy-conversions,3,studio,kh-gpt,gpt-6-luna,low,pass,pass,,819.642,141966,
r30,packplan-review-sol,rails-sup-legacy-conversions,3,studio,kh-gpt,gpt-6-luna,low,pass,pass,,360.851,184064,
r9,plan-lunamax,rails-sup-legacy-conversions,3,studio,kh-gpt,gpt-6-luna,low,pass,pass,,354.269,148671,
r9,plan-sol-nc-B1,rails-sup-legacy-conversions,3,studio,kh-gpt,gpt-6-luna,low,pass,pass,,246.44,206300,
r9,plan-sol-nocontext,rails-sup-legacy-conversions,3,studio,kh-gpt,gpt-6-luna,low,pass,pass,,210.509,136615,
r9,plan-sol,rails-sup-legacy-conversions,3,studio,kh-gpt,gpt-6-luna,low,pass,pass,,332.141,35280,
r19,review,rails-sup-legacy-conversions,3,studio,kh-gpt,gpt-6-luna,low,pass,pass,,266.798,106951,
r46,route-cascade,rails-sup-legacy-conversions,3,studio,kh-gpt,gpt-6-luna,low,pass,pass,,261.145,42370,
r47,route-jev,rails-sup-legacy-conversions,3,studio,kh-gpt,gpt-6-luna,high,pass,pass,,508.512,272908,
r28,route-lmax,rails-sup-legacy-conversions,3,studio,kh-gpt,gpt-6-luna,low,pass,pass,,605.389,292648,
r26,route,rails-sup-legacy-conversions,3,studio,kh-gpt,gpt-6-luna,low,pass,pass,,454.803,82772,
r45,route-v3,rails-sup-legacy-conversions,3,studio,kh-gpt,gpt-6-luna,low,pass,pass,,687.592,231387,
r8,B1,rails-sup-legacy-conversions,4,studio,kh-gpt,gpt-6-luna,low,fail,fail,,106.254,70970,
r8,B1p12,rails-sup-legacy-conversions,4,studio,kh-gpt,gpt-6-luna,low,fail,fail,,119.541,198398,
r8,B1w7,rails-sup-legacy-conversions,4,studio,kh-gpt,gpt-6-luna,low,fail,fail,,129.16,126770,
r21,Pstar-review,rails-sup-legacy-conversions,4,studio,kh-gpt,gpt-6-luna,low,pass,pass,,488.101,492314,
r69,accept,rails-sup-legacy-conversions,4,studio,kh-gpt,gpt-6-luna,low,pass,pass,,,,
r27,advisor,rails-sup-legacy-conversions,4,studio,kh-gpt,gpt-6-luna,low,pass,pass,,92.175,110486,
r35,agentic30-execreview-sol,rails-sup-legacy-conversions,4,studio,kh-gpt,gpt-6-luna,low,pass,pass,,800.929,347314,
r69,approach,rails-sup-legacy-conversions,4,studio,kh-gpt,gpt-6-luna,low,pass,pass,,,,
r19,bare,rails-sup-legacy-conversions,4,studio,kh-gpt,gpt-6-luna,low,fail,fail,,87.253,205523,
r27,bare,rails-sup-legacy-conversions,4,studio,kh-gpt,gpt-6-luna,low,fail,fail,,65.021,58979,
r8,bare,rails-sup-legacy-conversions,4,studio,kh-gpt,gpt-6-luna,low,pass,pass,,81.588,63091,
r64b,kh-plan-shell,rails-sup-legacy-conversions,4,studio,kh-gpt,gpt-6-luna + gpt-6.1-sol,gpt-6-luna / xhigh + gpt-6.1-sol / high,pass,pass,,589.939,1190747,0.06321588
r64e,kh-plan-shell-solmedplan,rails-sup-legacy-conversions,4,studio,kh-gpt,gpt-6-luna,xhigh,pass,pass,,617.275,1031636,
r69,none,rails-sup-legacy-conversions,4,studio,kh-gpt,gpt-6-luna,low,pass,pass,,,,
r35,packplan-execreview-sol,rails-sup-legacy-conversions,4,studio,kh-gpt,gpt-6-luna,low,pass,pass,,585.71,158237,
r30,packplan-review-lmax,rails-sup-legacy-conversions,4,studio,kh-gpt,gpt-6-luna,low,pass,pass,,515.601,156726,
r30,packplan-review-sol,rails-sup-legacy-conversions,4,studio,kh-gpt,gpt-6-luna,low,pass,pass,,376.049,286865,
r9,plan-lunamax,rails-sup-legacy-conversions,4,studio,kh-gpt,gpt-6-luna,low,pass,pass,,373.508,219679,
r9,plan-sol-nc-B1,rails-sup-legacy-conversions,4,studio,kh-gpt,gpt-6-luna,low,pass,pass,,305.563,257442,
r9,plan-sol-nocontext,rails-sup-legacy-conversions,4,studio,kh-gpt,gpt-6-luna,low,pass,pass,,227.791,159395,
r9,plan-sol,rails-sup-legacy-conversions,4,studio,kh-gpt,gpt-6-luna,low,pass,pass,,353.913,120499,
r19,review,rails-sup-legacy-conversions,4,studio,kh-gpt,gpt-6-luna,low,pass,pass,,408.639,148168,
r28,route-lmax,rails-sup-legacy-conversions,4,studio,kh-gpt,gpt-6-luna,low,pass,pass,,497.823,89727,
r26,route,rails-sup-legacy-conversions,4,studio,kh-gpt,gpt-6-luna,low,pass,pass,,542.357,179197,
r69,spec,rails-sup-legacy-conversions,4,studio,kh-gpt,gpt-6-luna,low,pass,pass,,,,
r8,B1,rails-sup-legacy-conversions,5,studio,kh-gpt,gpt-6-luna,low,pass,pass,,121.3,116812,
r8,B1p12,rails-sup-legacy-conversions,5,studio,kh-gpt,gpt-6-luna,low,fail,fail,,118.955,199677,
r8,B1w7,rails-sup-legacy-conversions,5,studio,kh-gpt,gpt-6-luna,low,fail,fail,,151.602,288216,
r21,Pstar-review,rails-sup-legacy-conversions,5,studio,kh-gpt,gpt-6-luna,low,pass,pass,,427.853,221647,
r27,advisor,rails-sup-legacy-conversions,5,studio,kh-gpt,gpt-6-luna,low,fail,fail,,75.048,20425,
r35,agentic30-execreview-sol,rails-sup-legacy-conversions,5,studio,kh-gpt,gpt-6-luna,low,pass,pass,,613.447,288076,
r19,bare,rails-sup-legacy-conversions,5,studio,kh-gpt,gpt-6-luna,low,fail,fail,,86.791,110674,
r27,bare,rails-sup-legacy-conversions,5,studio,kh-gpt,gpt-6-luna,low,fail,fail,,105.154,405996,
r8,bare,rails-sup-legacy-conversions,5,studio,kh-gpt,gpt-6-luna,low,fail,fail,,76.575,34166,
r64b,kh-plan-shell,rails-sup-legacy-conversions,5,studio,kh-gpt,gpt-6-luna + gpt-6.1-sol,gpt-6-luna / xhigh + gpt-6.1-sol / high,pass,pass,,693.225,1084653,0.06341846
r64e,kh-plan-shell-solmedplan,rails-sup-legacy-conversions,5,studio,kh-gpt,gpt-6-luna,xhigh,fail,fail,,814.867,1674113,
r35,packplan-execreview-sol,rails-sup-legacy-conversions,5,studio,kh-gpt,gpt-6-luna,low,pass,pass,,1047.86,714095,
r30,packplan-review-lmax,rails-sup-legacy-conversions,5,studio,kh-gpt,gpt-6-luna,low,pass,pass,,699.775,104419,
r30,packplan-review-sol,rails-sup-legacy-conversions,5,studio,kh-gpt,gpt-6-luna,low,pass,pass,,392.028,44499,
r9,plan-lunamax,rails-sup-legacy-conversions,5,studio,kh-gpt,gpt-6-luna,low,pass,pass,,431.458,103298,
r9,plan-sol-nc-B1,rails-sup-legacy-conversions,5,studio,kh-gpt,gpt-6-luna,low,pass,pass,,211.955,148050,
r9,plan-sol-nocontext,rails-sup-legacy-conversions,5,studio,kh-gpt,gpt-6-luna,low,pass,pass,,217.814,127766,
r9,plan-sol,rails-sup-legacy-conversions,5,studio,kh-gpt,gpt-6-luna,low,pass,pass,,365.728,91971,
r19,review,rails-sup-legacy-conversions,5,studio,kh-gpt,gpt-6-luna,low,pass,pass,,158.273,46549,
r28,route-lmax,rails-sup-legacy-conversions,5,studio,kh-gpt,gpt-6-luna,low,pass,pass,,493.093,284050,
r26,route,rails-sup-legacy-conversions,5,studio,kh-gpt,gpt-6-luna,low,pass,pass,,387.627,105400,
r69,accept,syn-01-live-ticket-filters,1,studio,kh-gpt,gpt-6-luna,low,pass,pass,,,,
r69,approach,syn-01-live-ticket-filters,1,studio,kh-gpt,gpt-6-luna,low,pass,pass,,,,
r69,none,syn-01-live-ticket-filters,1,studio,kh-gpt,gpt-6-luna,xhigh,pass,pass,,223.232,98054,
r69,spec,syn-01-live-ticket-filters,1,studio,kh-gpt,gpt-6-luna,low,pass,pass,,,,
r69,none,syn-01-live-ticket-filters,2,studio,kh-gpt,gpt-6-luna,xhigh,pass,pass,,151.822,125080,
r69,none,syn-01-live-ticket-filters,3,studio,kh-gpt,gpt-6-luna,xhigh,pass,pass,,189.568,156858,
r69,none,syn-01-live-ticket-filters,4,studio,kh-gpt,gpt-6-luna,xhigh,pass,pass,,154.337,86240,
r69,accept,syn-06-migration-ticket-numbers,1,studio,kh-gpt,gpt-6-luna,low,pass,pass,,,,
r69,approach,syn-06-migration-ticket-numbers,1,studio,kh-gpt,gpt-6-luna,low,pass,pass,,,,
r69,none,syn-06-migration-ticket-numbers,1,studio,kh-gpt,gpt-6-luna,xhigh,pass,pass,,377.841,284980,
r69,spec,syn-06-migration-ticket-numbers,1,studio,kh-gpt,gpt-6-luna,low,pass,pass,,,,
r69,none,syn-06-migration-ticket-numbers,2,studio,kh-gpt,gpt-6-luna,xhigh,pass,pass,,249.175,262201,
r69,none,syn-06-migration-ticket-numbers,3,studio,kh-gpt,gpt-6-luna,xhigh,pass,pass,,321.802,390907,
r69,none,syn-06-migration-ticket-numbers,4,studio,kh-gpt,gpt-6-luna,xhigh,pass,pass,,268.059,237923,
r21,Pstar-review,syn-13-bug-empty-filter-crash,1,studio,kh-gpt,gpt-6-luna,low,pass,pass,,1185.773,275832,
r23,agentic,syn-13-bug-empty-filter-crash,1,studio,kh-gpt,gpt-6-luna,low,pass,pass,,504.826,613368,
r15,bare,syn-13-bug-empty-filter-crash,1,studio,kh-gpt,gpt-6-luna,low,pass,pass,,43.039,99567,
r19,bare,syn-13-bug-empty-filter-crash,1,studio,kh-gpt,gpt-6-luna,low,pass,pass,,950.695,94067,
r57e,default-tools,syn-13-bug-empty-filter-crash,1,studio,kh-gpt,gpt-6-luna,xhigh,pass,pass,,312.588,517859,
r15,plan-sol-nc-ex,syn-13-bug-empty-filter-crash,1,studio,kh-gpt,gpt-6-luna,low,fail,fail,,283.386,291302,
r15,plan-sol-nc-gx,syn-13-bug-empty-filter-crash,1,studio,kh-gpt,gpt-6-luna,low,pass,pass,,333.129,605497,
r15,plan-sol-nc,syn-13-bug-empty-filter-crash,1,studio,kh-gpt,gpt-6-luna,low,fail,fail,,248.425,396952,
r23,review-esc,syn-13-bug-empty-filter-crash,1,studio,kh-gpt,gpt-6-luna,low,pass,pass,,377.129,194584,
r19,review,syn-13-bug-empty-filter-crash,1,studio,kh-gpt,gpt-6-luna,low,pass,pass,,240.007,218675,
r57e,shell-only,syn-13-bug-empty-filter-crash,1,studio,kh-gpt,gpt-6-luna,xhigh,pass,pass,,171.471,163675,
r21,Pstar-review,syn-13-bug-empty-filter-crash,2,studio,kh-gpt,gpt-6-luna,low,pass,pass,,313.513,196690,
r23,agentic,syn-13-bug-empty-filter-crash,2,studio,kh-gpt,gpt-6-luna,low,pass,pass,,571.621,427050,
r15,bare,syn-13-bug-empty-filter-crash,2,studio,kh-gpt,gpt-6-luna,low,pass,pass,,48.829,107991,
r19,bare,syn-13-bug-empty-filter-crash,2,studio,kh-gpt,gpt-6-luna,low,pass,pass,,54.333,114532,
r57e,default-tools,syn-13-bug-empty-filter-crash,2,studio,kh-gpt,gpt-6-luna,xhigh,pass,pass,,319.77,656836,
r15,plan-sol-nc-ex,syn-13-bug-empty-filter-crash,2,studio,kh-gpt,gpt-6-luna,low,fail,fail,,213.69,327758,
r15,plan-sol-nc-gx,syn-13-bug-empty-filter-crash,2,studio,kh-gpt,gpt-6-luna,low,pass,pass,,251.791,448610,
r15,plan-sol-nc,syn-13-bug-empty-filter-crash,2,studio,kh-gpt,gpt-6-luna,low,fail,fail,,170.801,220195,
r23,review-esc,syn-13-bug-empty-filter-crash,2,studio,kh-gpt,gpt-6-luna,low,pass,pass,,197.927,210669,
r19,review,syn-13-bug-empty-filter-crash,2,studio,kh-gpt,gpt-6-luna,low,pass,pass,,308.022,291961,
r57e,shell-only,syn-13-bug-empty-filter-crash,2,studio,kh-gpt,gpt-6-luna,xhigh,pass,pass,,151.622,92524,
r21,Pstar-review,syn-13-bug-empty-filter-crash,3,studio,kh-gpt,gpt-6-luna,low,pass,pass,,505.027,764187,
r23,agentic,syn-13-bug-empty-filter-crash,3,studio,kh-gpt,gpt-6-luna,low,pass,pass,,449.024,213573,
r15,bare,syn-13-bug-empty-filter-crash,3,studio,kh-gpt,gpt-6-luna,low,pass,pass,,51.157,104503,
r19,bare,syn-13-bug-empty-filter-crash,3,studio,kh-gpt,gpt-6-luna,low,pass,pass,,51.728,79090,
r57e,default-tools,syn-13-bug-empty-filter-crash,3,studio,kh-gpt,gpt-6-luna,xhigh,pass,pass,,340.531,657002,
r15,plan-sol-nc-ex,syn-13-bug-empty-filter-crash,3,studio,kh-gpt,gpt-6-luna,low,pass,pass,,248.567,325778,
r15,plan-sol-nc-gx,syn-13-bug-empty-filter-crash,3,studio,kh-gpt,gpt-6-luna,low,fail,fail,,225.999,216892,
r15,plan-sol-nc,syn-13-bug-empty-filter-crash,3,studio,kh-gpt,gpt-6-luna,low,fail,fail,,191.825,331292,
r23,review-esc,syn-13-bug-empty-filter-crash,3,studio,kh-gpt,gpt-6-luna,low,pass,pass,,160.379,159948,
r19,review,syn-13-bug-empty-filter-crash,3,studio,kh-gpt,gpt-6-luna,low,pass,pass,,212.227,226538,
r57e,shell-only,syn-13-bug-empty-filter-crash,3,studio,kh-gpt,gpt-6-luna,xhigh,pass,pass,,161.231,98671,
r21,Pstar-review,syn-13-bug-empty-filter-crash,4,studio,kh-gpt,gpt-6-luna,low,pass,pass,,440.314,439699,
r15,bare,syn-13-bug-empty-filter-crash,4,studio,kh-gpt,gpt-6-luna,low,pass,pass,,43.693,110290,
r19,bare,syn-13-bug-empty-filter-crash,4,studio,kh-gpt,gpt-6-luna,low,pass,pass,,59.01,121344,
r57e,default-tools,syn-13-bug-empty-filter-crash,4,studio,kh-gpt,gpt-6-luna,xhigh,pass,pass,,275.809,281696,
r15,plan-sol-nc-ex,syn-13-bug-empty-filter-crash,4,studio,kh-gpt,gpt-6-luna,low,fail,fail,,226.639,189561,
r15,plan-sol-nc-gx,syn-13-bug-empty-filter-crash,4,studio,kh-gpt,gpt-6-luna,low,pass,pass,,270.867,317530,
r15,plan-sol-nc,syn-13-bug-empty-filter-crash,4,studio,kh-gpt,gpt-6-luna,low,fail,fail,,181.017,135740,
r19,review,syn-13-bug-empty-filter-crash,4,studio,kh-gpt,gpt-6-luna,low,pass,pass,,280.218,188802,
r57e,shell-only,syn-13-bug-empty-filter-crash,4,studio,kh-gpt,gpt-6-luna,xhigh,pass,pass,,172.263,110189,
r21,Pstar-review,syn-13-bug-empty-filter-crash,5,studio,kh-gpt,gpt-6-luna,low,pass,pass,,441.031,581946,
r15,bare,syn-13-bug-empty-filter-crash,5,studio,kh-gpt,gpt-6-luna,low,pass,pass,,49.336,108932,
r19,bare,syn-13-bug-empty-filter-crash,5,studio,kh-gpt,gpt-6-luna,low,pass,pass,,48.828,114036,
r57e,default-tools,syn-13-bug-empty-filter-crash,5,studio,kh-gpt,gpt-6-luna,xhigh,pass,pass,,475.282,623853,
r15,plan-sol-nc-ex,syn-13-bug-empty-filter-crash,5,studio,kh-gpt,gpt-6-luna,low,pass,pass,,242.671,295310,
r15,plan-sol-nc-gx,syn-13-bug-empty-filter-crash,5,studio,kh-gpt,gpt-6-luna,low,pass,pass,,256.513,426463,
r15,plan-sol-nc,syn-13-bug-empty-filter-crash,5,studio,kh-gpt,gpt-6-luna,low,fail,fail,,186.13,263902,
r19,review,syn-13-bug-empty-filter-crash,5,studio,kh-gpt,gpt-6-luna,low,fail,fail,,311.042,284644,
r57e,default-tools,syn-13-bug-empty-filter-crash,6,studio,kh-gpt,gpt-6-luna,xhigh,pass,pass,,302.675,363164,
r57e,shell-only,syn-13-bug-empty-filter-crash,6,studio,kh-gpt,gpt-6-luna,xhigh,pass,pass,,272.501,279306,
r57e,default-tools,syn-13-bug-empty-filter-crash,7,studio,kh-gpt,gpt-6-luna,xhigh,pass,pass,,226.99,433031,
r57e,shell-only,syn-13-bug-empty-filter-crash,7,studio,kh-gpt,gpt-6-luna,xhigh,pass,pass,,169.655,61868,
r57e,default-tools,syn-13-bug-empty-filter-crash,8,studio,kh-gpt,gpt-6-luna,xhigh,pass,pass,,259.053,385127,
r57e,shell-only,syn-13-bug-empty-filter-crash,8,studio,kh-gpt,gpt-6-luna,xhigh,pass,pass,,187.233,160904,
r24,Pstar-review,syn-14-bug-sla-business-hours,1,studio,kh-gpt,gpt-6-luna,low,fail,fail,,284.536,145477,
r24,Pstar-review-v2,syn-14-bug-sla-business-hours,1,studio,kh-gpt,gpt-6-luna,low,fail,fail,,260.679,331272,
r1,acct-smoke-kh,syn-14-bug-sla-business-hours,1,studio,kh-gpt,gpt-6-luna,xhigh,pass,not_scored,smoke or control row; retained outside scored denominator,172.043,197171,
r57e,default-tools,syn-14-bug-sla-business-hours,1,studio,kh-gpt,gpt-6-luna,xhigh,pass,pass,,97.704,145329,
r57e,shell-only,syn-14-bug-sla-business-hours,1,studio,kh-gpt,gpt-6-luna,xhigh,pass,pass,,53.242,28883,
r24,Pstar-review,syn-14-bug-sla-business-hours,2,studio,kh-gpt,gpt-6-luna,low,fail,fail,,267.355,136254,
r24,Pstar-review-v2,syn-14-bug-sla-business-hours,2,studio,kh-gpt,gpt-6-luna,low,fail,fail,,344.974,584496,
r57e,default-tools,syn-14-bug-sla-business-hours,2,studio,kh-gpt,gpt-6-luna,xhigh,pass,pass,,98.409,133602,
r57e,shell-only,syn-14-bug-sla-business-hours,2,studio,kh-gpt,gpt-6-luna,xhigh,pass,pass,,119.473,109670,
r24,Pstar-review,syn-14-bug-sla-business-hours,3,studio,kh-gpt,gpt-6-luna,low,pass,pass,,235.131,123507,
r24,Pstar-review-v2,syn-14-bug-sla-business-hours,3,studio,kh-gpt,gpt-6-luna,low,pass,pass,,402.404,400399,
r57e,default-tools,syn-14-bug-sla-business-hours,3,studio,kh-gpt,gpt-6-luna,xhigh,pass,pass,,105.874,130857,
r57e,shell-only,syn-14-bug-sla-business-hours,3,studio,kh-gpt,gpt-6-luna,xhigh,pass,pass,,105.77,54205,
r24,Pstar-review,syn-14-bug-sla-business-hours,4,studio,kh-gpt,gpt-6-luna,low,fail,fail,,334.95,367782,
r24,Pstar-review-v2,syn-14-bug-sla-business-hours,4,studio,kh-gpt,gpt-6-luna,low,fail,fail,,229.458,165128,
r57e,default-tools,syn-14-bug-sla-business-hours,4,studio,kh-gpt,gpt-6-luna,xhigh,pass,pass,,131.236,107583,
r57e,shell-only,syn-14-bug-sla-business-hours,4,studio,kh-gpt,gpt-6-luna,xhigh,pass,pass,,85.357,111813,
r24,Pstar-review,syn-14-bug-sla-business-hours,5,studio,kh-gpt,gpt-6-luna,low,fail,fail,,186.061,149110,
r24,Pstar-review-v2,syn-14-bug-sla-business-hours,5,studio,kh-gpt,gpt-6-luna,low,fail,fail,,404.539,482416,
r57e,default-tools,syn-14-bug-sla-business-hours,5,studio,kh-gpt,gpt-6-luna,xhigh,pass,pass,,172.815,141713,
r57e,shell-only,syn-14-bug-sla-business-hours,5,studio,kh-gpt,gpt-6-luna,xhigh,pass,pass,,55.82,29991,
r57e,default-tools,syn-14-bug-sla-business-hours,6,studio,kh-gpt,gpt-6-luna,xhigh,pass,pass,,152.145,150352,
r57e,shell-only,syn-14-bug-sla-business-hours,6,studio,kh-gpt,gpt-6-luna,xhigh,pass,pass,,115.515,38239,
r57e,default-tools,syn-14-bug-sla-business-hours,7,studio,kh-gpt,gpt-6-luna,xhigh,pass,pass,,144.69,160299,
r57e,shell-only,syn-14-bug-sla-business-hours,7,studio,kh-gpt,gpt-6-luna,xhigh,pass,pass,,86.851,82108,
r57e,default-tools,syn-14-bug-sla-business-hours,8,studio,kh-gpt,gpt-6-luna,xhigh,pass,pass,,110.527,150118,
r57e,shell-only,syn-14-bug-sla-business-hours,8,studio,kh-gpt,gpt-6-luna,xhigh,pass,pass,,119.973,143193,
r69,accept,syn-15-validation-ticket-form,1,studio,kh-gpt,gpt-6-luna,low,pass,pass,,,,
r69,approach,syn-15-validation-ticket-form,1,studio,kh-gpt,gpt-6-luna,low,pass,pass,,,,
r69,spec,syn-15-validation-ticket-form,1,studio,kh-gpt,gpt-6-luna,low,pass,pass,,,,
r69,none,syn-15-validation-ticket-form,2,studio,kh-gpt,gpt-6-luna,xhigh,pass,pass,,215.471,185905,
r69,none,syn-15-validation-ticket-form,3,studio,kh-gpt,gpt-6-luna,xhigh,pass,pass,,244.292,174158,
r69,none,syn-15-validation-ticket-form,4,studio,kh-gpt,gpt-6-luna,xhigh,pass,pass,,175.225,159550,
r69,accept,syn-20-email-invite-flow,1,studio,kh-gpt,gpt-6-luna,low,pass,pass,,,,
r69,approach,syn-20-email-invite-flow,1,studio,kh-gpt,gpt-6-luna,low,pass,pass,,,,
r69,none,syn-20-email-invite-flow,1,studio,kh-gpt,gpt-6-luna,xhigh,pass,pass,,526.319,809594,
r69,spec,syn-20-email-invite-flow,1,studio,kh-gpt,gpt-6-luna,low,fail,fail,,,,
r69,none,syn-20-email-invite-flow,2,studio,kh-gpt,gpt-6-luna,xhigh,pass,pass,,259.712,186070,
r69,none,syn-20-email-invite-flow,3,studio,kh-gpt,gpt-6-luna,xhigh,pass,pass,,403.505,562933,
r69,none,syn-20-email-invite-flow,4,studio,kh-gpt,gpt-6-luna,xhigh,pass,pass,,254.688,262665,
r69,accept,syn-24-csv-import,1,studio,kh-gpt,gpt-6-luna,low,pass,pass,,,,
r69,approach,syn-24-csv-import,1,studio,kh-gpt,gpt-6-luna,low,pass,pass,,,,
r69,none,syn-24-csv-import,1,studio,kh-gpt,gpt-6-luna,xhigh,pass,pass,,611.653,541905,
r69,spec,syn-24-csv-import,1,studio,kh-gpt,gpt-6-luna,low,pass,pass,,,,
r69,none,syn-24-csv-import,2,studio,kh-gpt,gpt-6-luna,xhigh,pass,pass,,456.877,586544,
r69,none,syn-24-csv-import,3,studio,kh-gpt,gpt-6-luna,xhigh,pass,pass,,1140.616,584083,
r69,none,syn-24-csv-import,4,studio,kh-gpt,gpt-6-luna,xhigh,pass,pass,,379.463,850510,
r69,accept,syn-31-inbound-email-webhook,1,studio,kh-gpt,gpt-6-luna,low,pass,pass,,,,
r69,approach,syn-31-inbound-email-webhook,1,studio,kh-gpt,gpt-6-luna,low,pass,pass,,,,
r69,none,syn-31-inbound-email-webhook,1,studio,kh-gpt,gpt-6-luna,xhigh,pass,pass,,443.736,481748,
r69,spec,syn-31-inbound-email-webhook,1,studio,kh-gpt,gpt-6-luna,low,pass,pass,,,,
r69,none,syn-31-inbound-email-webhook,2,studio,kh-gpt,gpt-6-luna,xhigh,pass,pass,,676.079,456248,
r69,none,syn-31-inbound-email-webhook,3,studio,kh-gpt,gpt-6-luna,xhigh,fail,fail,,591.706,401966,
r69,none,syn-31-inbound-email-webhook,4,studio,kh-gpt,gpt-6-luna,xhigh,fail,fail,,397.524,583382,
r20,solhigh-direct,rails-ar-bulk-access-grants,1,studio,kh-gpt,gpt-6.1-sol,high,fail,fail,,352.626,147066,
r20,solhigh-direct,rails-ar-bulk-access-grants,2,studio,kh-gpt,gpt-6.1-sol,high,fail,fail,,346.557,156360,
r20,solhigh-direct,rails-ar-bulk-access-grants,3,studio,kh-gpt,gpt-6.1-sol,high,pass,pass,,237.181,121664,
r20,solhigh-direct,rails-as-variant-processed-once,1,studio,kh-gpt,gpt-6.1-sol,high,pass,pass,,215.124,427292,
r20,solhigh-direct,rails-as-variant-processed-once,2,studio,kh-gpt,gpt-6.1-sol,high,pass,pass,,292.24,673095,
r20,solhigh-direct,rails-as-variant-processed-once,3,studio,kh-gpt,gpt-6.1-sol,high,pass,pass,,215.246,243710,
r1,lr1:bare,rails-ar-archive-book-access,1,kogen-bench-eu,kh-lev,gpt-6-luna,low,pass,pass,,430.779,83792,
r1,lr1:bare,rails-ar-archive-book-access,2,kogen-bench-eu,kh-lev,gpt-6-luna,low,pass,pass,,153.134,54960,
r1,lr1:bare,rails-ar-archive-book-access,3,kogen-bench-eu,kh-lev,gpt-6-luna,low,pass,pass,,197.087,101384,
r1,lr1:w1+w2+w5,rails-ar-archive-book-access,1,kogen-bench-eu,kh-lev,gpt-6-luna,low,fail,fail,,613.654,22704,
r1,lr1:w1+w2+w5,rails-ar-archive-book-access,2,kogen-bench-eu,kh-lev,gpt-6-luna,low,pass,pass,,767.513,19652,
r1,lr1:w1+w2+w5,rails-ar-archive-book-access,3,kogen-bench-eu,kh-lev,gpt-6-luna,low,pass,pass,,603.016,33331,
r1,lr1:w1+w5,rails-ar-archive-book-access,1,kogen-bench-eu,kh-lev,gpt-6-luna,low,fail,fail,,546.529,9687,
r1,lr1:w1+w5,rails-ar-archive-book-access,2,kogen-bench-eu,kh-lev,gpt-6-luna,low,fail,fail,,577.226,8988,
r1,lr1:w1+w5,rails-ar-archive-book-access,3,kogen-bench-eu,kh-lev,gpt-6-luna,low,fail,fail,,578.024,7042,
r1,lr1:w2+w5,rails-ar-archive-book-access,1,kogen-bench-eu,kh-lev,gpt-6-luna,low,pass,pass,,122.878,69791,
r1,lr1:w2+w5,rails-ar-archive-book-access,2,kogen-bench-eu,kh-lev,gpt-6-luna,low,fail,fail,,191.819,45388,
r1,lr1:w2+w5,rails-ar-archive-book-access,3,kogen-bench-eu,kh-lev,gpt-6-luna,low,pass,pass,,199.443,34756,
r1,lr1:w5,rails-ar-archive-book-access,1,kogen-bench-eu,kh-lev,gpt-6-luna,low,pass,pass,,81.507,51847,
r1,lr1:w5,rails-ar-archive-book-access,2,kogen-bench-eu,kh-lev,gpt-6-luna,low,fail,fail,,41.102,17209,
r1,lr1:w5,rails-ar-archive-book-access,3,kogen-bench-eu,kh-lev,gpt-6-luna,low,pass,pass,,112.981,27130,
r1,lr1:bare,rails-ar-archive-book-access,1,kogen-bench-us,kh-lev,gpt-6-luna,low,pass,pass,,377.14,34526,
r1,lr1:bare,rails-ar-archive-book-access,2,kogen-bench-us,kh-lev,gpt-6-luna,low,pass,pass,,168.827,54799,
r1,lr1:bare,rails-ar-archive-book-access,3,kogen-bench-us,kh-lev,gpt-6-luna,low,pass,pass,,171.625,22484,
r1,lr1:w1+w2,rails-ar-archive-book-access,1,kogen-bench-us,kh-lev,gpt-6-luna,low,pass,pass,,663.025,82012,
r1,lr1:w1+w2,rails-ar-archive-book-access,2,kogen-bench-us,kh-lev,gpt-6-luna,low,pass,pass,,609.857,46429,
r1,lr1:w1+w2,rails-ar-archive-book-access,3,kogen-bench-us,kh-lev,gpt-6-luna,low,pass,pass,,594.298,37684,
r1,lr1:w1,rails-ar-archive-book-access,1,kogen-bench-us,kh-lev,gpt-6-luna,low,pass,pass,,640.17,30430,
r1,lr1:w1,rails-ar-archive-book-access,2,kogen-bench-us,kh-lev,gpt-6-luna,low,pass,pass,,588.641,36693,
r1,lr1:w1,rails-ar-archive-book-access,3,kogen-bench-us,kh-lev,gpt-6-luna,low,pass,pass,,620.215,48194,
r1,lr1:w2,rails-ar-archive-book-access,1,kogen-bench-us,kh-lev,gpt-6-luna,low,pass,pass,,379.972,38707,
r1,lr1:w2,rails-ar-archive-book-access,2,kogen-bench-us,kh-lev,gpt-6-luna,low,pass,pass,,157.297,38108,
r1,lr1:w2,rails-ar-archive-book-access,3,kogen-bench-us,kh-lev,gpt-6-luna,low,pass,pass,,316.825,117376,
r2,lr2:bare,rails-ar-archive-book-access,1,kogen-bench-eu,kh-fac,gpt-6-luna,low,pass,pass,,35.435,19348,
r2,lr2:bare,rails-ar-archive-book-access,2,kogen-bench-eu,kh-fac,gpt-6-luna,low,pass,pass,,197.011,134063,
r2,lr2:k-nocontext,rails-ar-archive-book-access,1,kogen-bench-eu,kh-fac,gpt-6-luna,low,pass,pass,,117.689,50409,
r2,lr2:k-nocontext,rails-ar-archive-book-access,2,kogen-bench-eu,kh-fac,gpt-6-luna,low,pass,pass,,295.427,102349,
r2,lr2:m-p09+p10,rails-ar-archive-book-access,1,kogen-bench-eu,kh-fac,gpt-6-luna,low,fail,fail,,701.588,118086,
r2,lr2:m-p09+p10,rails-ar-archive-book-access,2,kogen-bench-eu,kh-fac,gpt-6-luna,low,pass,pass,,130.863,83057,
r2,lr2:p02,rails-ar-archive-book-access,1,kogen-bench-eu,kh-fac,gpt-6-luna,low,pass,pass,,66.003,29608,
r2,lr2:p02,rails-ar-archive-book-access,2,kogen-bench-eu,kh-fac,gpt-6-luna,low,pass,pass,,48.266,45966,
r2,lr2:w1+p04,rails-ar-archive-book-access,1,kogen-bench-eu,kh-fac,gpt-6-luna,low,pass,pass,,948.605,39021,
r2,lr2:w1+p04,rails-ar-archive-book-access,2,kogen-bench-eu,kh-fac,gpt-6-luna,low,fail,fail,,943.047,38187,
r2,lr2:w1+p09,rails-ar-archive-book-access,1,kogen-bench-eu,kh-fac,gpt-6-luna,low,pass,pass,,778.095,22108,
r2,lr2:w1+p09,rails-ar-archive-book-access,2,kogen-bench-eu,kh-fac,gpt-6-luna,low,fail,fail,,923.965,45851,
r2,lr2:w1+p14,rails-ar-archive-book-access,1,kogen-bench-eu,kh-fac,gpt-6-luna,low,pass,pass,,812.768,59416,
r2,lr2:bare,rails-ar-archive-book-access,1,kogen-bench-us,kh-fac,gpt-6-luna,low,fail,fail,,170.531,32447,
r2,lr2:k-turns200,rails-ar-archive-book-access,1,kogen-bench-us,kh-fac,gpt-6-luna,low,pass,pass,,73.976,58435,
r2,lr2:m-p04+p17,rails-ar-archive-book-access,1,kogen-bench-us,kh-fac,gpt-6-luna,low,pass,pass,,81.491,50756,
r2,lr2:p01,rails-ar-archive-book-access,1,kogen-bench-us,kh-fac,gpt-6-luna,low,fail,fail,,508.274,52449,
r2,lr2:p04,rails-ar-archive-book-access,1,kogen-bench-us,kh-fac,gpt-6-luna,low,pass,pass,,168.819,48523,
r2,lr2:p05,rails-ar-archive-book-access,1,kogen-bench-us,kh-fac,gpt-6-luna,low,pass,pass,,88.102,41111,
r2,lr2:p06,rails-ar-archive-book-access,1,kogen-bench-us,kh-fac,gpt-6-luna,low,pass,pass,,233.987,44495,
r2,lr2:p07,rails-ar-archive-book-access,1,kogen-bench-us,kh-fac,gpt-6-luna,low,pass,pass,,93.381,25292,
r2,lr2:p08,rails-ar-archive-book-access,1,kogen-bench-us,kh-fac,gpt-6-luna,low,pass,pass,,470.547,51849,
r2,lr2:p11,rails-ar-archive-book-access,1,kogen-bench-us,kh-fac,gpt-6-luna,low,pass,pass,,298.479,39595,
r2,lr2:w1+p06,rails-ar-archive-book-access,1,kogen-bench-us,kh-fac,gpt-6-luna,low,fail,fail,,673.694,48959,
r2,lr2:w1+p18,rails-ar-archive-book-access,1,kogen-bench-us,kh-fac,gpt-6-luna,low,fail,fail,,561.677,31145,
r10,r10sl:B2,rails-sup-legacy-conversions,1,kogen-bench-eu,kh-w1f,gpt-6-luna,low,fail,fail,,194.985,111419,
r10,r10sl:B2,rails-sup-legacy-conversions,2,kogen-bench-eu,kh-w1f,gpt-6-luna,low,pass,pass,,196.153,283987,
r10,r10sl:B2,rails-sup-legacy-conversions,3,kogen-bench-eu,kh-w1f,gpt-6-luna,low,fail,fail,,185.838,213651,
r10,r10sl:bare,rails-sup-legacy-conversions,1,kogen-bench-eu,kh-w1f,gpt-6-luna,low,pass,pass,,175.144,93695,
r10,r10sl:bare,rails-sup-legacy-conversions,2,kogen-bench-eu,kh-w1f,gpt-6-luna,low,pass,pass,,148.067,82629,
r10,r10sl:bare,rails-sup-legacy-conversions,3,kogen-bench-eu,kh-w1f,gpt-6-luna,low,fail,fail,,132.58,81209,
r10,r10sl:B3,rails-sup-legacy-conversions,1,kogen-bench-us,kh-w1f,gpt-6-luna,low,pass,pass,,147.037,90272,
r10,r10sl:B3,rails-sup-legacy-conversions,2,kogen-bench-us,kh-w1f,gpt-6-luna,low,pass,pass,,155.587,68314,
r10,r10sl:B3,rails-sup-legacy-conversions,3,kogen-bench-us,kh-w1f,gpt-6-luna,low,pass,pass,,98.47,117605,
r10,r10sl:bare,rails-sup-legacy-conversions,1,kogen-bench-us,kh-w1f,gpt-6-luna,low,fail,fail,,112.025,47523,
r10,r10sl:bare,rails-sup-legacy-conversions,2,kogen-bench-us,kh-w1f,gpt-6-luna,low,fail,fail,,130.044,37717,
r10,r10sl:bare,rails-sup-legacy-conversions,3,kogen-bench-us,kh-w1f,gpt-6-luna,low,fail,fail,,72.928,52960,
r12,r12:B3,syn-13-bug-empty-filter-crash,1,kogen-bench-eu,kh-plan,gpt-6-luna,low,pass,unresolved,environment label requires evidence review; no exclusion asserted,78.58,185890,
r12,r12:B3,syn-13-bug-empty-filter-crash,2,kogen-bench-eu,kh-plan,gpt-6-luna,low,pass,unresolved,environment label requires evidence review; no exclusion asserted,42.109,103047,
r12,r12:B3,syn-13-bug-empty-filter-crash,3,kogen-bench-eu,kh-plan,gpt-6-luna,low,pass,unresolved,environment label requires evidence review; no exclusion asserted,47.751,224263,
r12,r12:bare,syn-13-bug-empty-filter-crash,1,kogen-bench-eu,kh-plan,gpt-6-luna,low,pass,unresolved,environment label requires evidence review; no exclusion asserted,45.07,170287,
r12,r12:bare,syn-13-bug-empty-filter-crash,2,kogen-bench-eu,kh-plan,gpt-6-luna,low,pass,unresolved,environment label requires evidence review; no exclusion asserted,45.111,122880,
r12,r12:bare,syn-13-bug-empty-filter-crash,3,kogen-bench-eu,kh-plan,gpt-6-luna,low,pass,unresolved,environment label requires evidence review; no exclusion asserted,59.823,182726,
r12,r12:plan-sol-nc,syn-13-bug-empty-filter-crash,1,kogen-bench-eu,kh-plan,gpt-6-luna,low,fail,unresolved,environment label requires evidence review; no exclusion asserted,208.701,263598,
r12,r12:plan-sol-nc,syn-13-bug-empty-filter-crash,2,kogen-bench-eu,kh-plan,gpt-6-luna,low,fail,unresolved,environment label requires evidence review; no exclusion asserted,205.664,180797,
r12,r12:plan-sol-nc,syn-13-bug-empty-filter-crash,3,kogen-bench-eu,kh-plan,gpt-6-luna,low,fail,unresolved,environment label requires evidence review; no exclusion asserted,162.43,175944,
r12,r12:plan-sol,syn-13-bug-empty-filter-crash,1,kogen-bench-eu,kh-plan,gpt-6-luna,low,fail,unresolved,environment label requires evidence review; no exclusion asserted,307.629,161787,
r12,r12:plan-sol,syn-13-bug-empty-filter-crash,2,kogen-bench-eu,kh-plan,gpt-6-luna,low,fail,unresolved,environment label requires evidence review; no exclusion asserted,281.662,202496,
r12,r12:plan-sol,syn-13-bug-empty-filter-crash,3,kogen-bench-eu,kh-plan,gpt-6-luna,low,pass,unresolved,environment label requires evidence review; no exclusion asserted,319.483,241330,
r12,r12:B3,elx-07-cli-stats,1,kogen-bench-us,kh-plan,gpt-6-luna,low,fail,unresolved,environment label requires evidence review; no exclusion asserted,80.524,99507,
r12,r12:B3,elx-07-cli-stats,2,kogen-bench-us,kh-plan,gpt-6-luna,low,fail,unresolved,environment label requires evidence review; no exclusion asserted,151.817,186890,
r12,r12:B3,elx-07-cli-stats,3,kogen-bench-us,kh-plan,gpt-6-luna,low,fail,unresolved,environment label requires evidence review; no exclusion asserted,277.189,172120,
r12,r12:bare,elx-07-cli-stats,1,kogen-bench-us,kh-plan,gpt-6-luna,low,fail,unresolved,environment label requires evidence review; no exclusion asserted,87.9,80697,
r12,r12:bare,elx-07-cli-stats,2,kogen-bench-us,kh-plan,gpt-6-luna,low,fail,unresolved,environment label requires evidence review; no exclusion asserted,102.55,117600,
r12,r12:bare,elx-07-cli-stats,3,kogen-bench-us,kh-plan,gpt-6-luna,low,fail,unresolved,environment label requires evidence review; no exclusion asserted,106.33,101425,
r12,r12:plan-sol-nc,elx-07-cli-stats,1,kogen-bench-us,kh-plan,gpt-6-luna,low,pass,unresolved,environment label requires evidence review; no exclusion asserted,230.039,146373,
r12,r12:plan-sol-nc,elx-07-cli-stats,2,kogen-bench-us,kh-plan,gpt-6-luna,low,pass,unresolved,environment label requires evidence review; no exclusion asserted,242.384,164616,
r12,r12:plan-sol-nc,elx-07-cli-stats,3,kogen-bench-us,kh-plan,gpt-6-luna,low,pass,unresolved,environment label requires evidence review; no exclusion asserted,230.736,146950,
r12,r12:plan-sol,elx-07-cli-stats,1,kogen-bench-us,kh-plan,gpt-6-luna,low,fail,unresolved,environment label requires evidence review; no exclusion asserted,330.576,92543,
r12,r12:plan-sol,elx-07-cli-stats,2,kogen-bench-us,kh-plan,gpt-6-luna,low,pass,unresolved,environment label requires evidence review; no exclusion asserted,303.529,59270,
r12,r12:plan-sol,elx-07-cli-stats,3,kogen-bench-us,kh-plan,gpt-6-luna,low,pass,unresolved,environment label requires evidence review; no exclusion asserted,375.139,125905,
r16,r16:bare,syn-13-bug-empty-filter-crash,1,kogen-bench-eu,kh-plan,gpt-6-luna,low,pass,pass,,32.805,115512,
r16,r16:bare,syn-13-bug-empty-filter-crash,2,kogen-bench-eu,kh-plan,gpt-6-luna,low,pass,pass,,38.111,78420,
r16,r16:bare,syn-13-bug-empty-filter-crash,3,kogen-bench-eu,kh-plan,gpt-6-luna,low,pass,pass,,48.803,106546,
r16,r16:plan-sol-nc-gx,syn-13-bug-empty-filter-crash,1,kogen-bench-eu,kh-plan,gpt-6-luna,low,pass,pass,,206.988,257084,
r16,r16:plan-sol-nc-gx,syn-13-bug-empty-filter-crash,2,kogen-bench-eu,kh-plan,gpt-6-luna,low,pass,pass,,223.741,269824,
r16,r16:plan-sol-nc-gx,syn-13-bug-empty-filter-crash,3,kogen-bench-eu,kh-plan,gpt-6-luna,low,pass,pass,,194.213,285279,
r16,r16:plan-sol-nc,syn-13-bug-empty-filter-crash,1,kogen-bench-eu,kh-plan,gpt-6-luna,low,fail,fail,,240.474,227623,
r16,r16:plan-sol-nc,syn-13-bug-empty-filter-crash,2,kogen-bench-eu,kh-plan,gpt-6-luna,low,fail,fail,,153.583,91438,
r16,r16:plan-sol-nc,syn-13-bug-empty-filter-crash,3,kogen-bench-eu,kh-plan,gpt-6-luna,low,fail,fail,,153.762,143399,
r16,r16:bare,elx-07-cli-stats,1,kogen-bench-us,kh-plan,gpt-6-luna,low,fail,fail,,98.272,97599,
r16,r16:bare,elx-07-cli-stats,2,kogen-bench-us,kh-plan,gpt-6-luna,low,fail,fail,,77.218,91812,
r16,r16:bare,elx-07-cli-stats,3,kogen-bench-us,kh-plan,gpt-6-luna,low,fail,fail,,65.709,47341,
r16,r16:plan-sol-nc-gx,elx-07-cli-stats,1,kogen-bench-us,kh-plan,gpt-6-luna,low,pass,pass,,255.432,192567,
r16,r16:plan-sol-nc-gx,elx-07-cli-stats,2,kogen-bench-us,kh-plan,gpt-6-luna,low,pass,pass,,253.438,217347,
r16,r16:plan-sol-nc-gx,elx-07-cli-stats,3,kogen-bench-us,kh-plan,gpt-6-luna,low,pass,pass,,219.11,102890,
r16,r16:plan-sol-nc,elx-07-cli-stats,1,kogen-bench-us,kh-plan,gpt-6-luna,low,pass,pass,,233.29,92568,
r16,r16:plan-sol-nc,elx-07-cli-stats,2,kogen-bench-us,kh-plan,gpt-6-luna,low,pass,pass,,169.234,63514,
r16,r16:plan-sol-nc,elx-07-cli-stats,3,kogen-bench-us,kh-plan,gpt-6-luna,low,pass,pass,,250.881,115318,
r17,r17reg:Pstar,syn-14-bug-sla-business-hours,1,kogen-bench-eu,kh-plan,gpt-6-luna,low,fail,fail,,182.539,165290,
r17,r17reg:Pstar,syn-14-bug-sla-business-hours,2,kogen-bench-eu,kh-plan,gpt-6-luna,low,fail,fail,,268.72,214839,
r17,r17reg:Pstar,syn-14-bug-sla-business-hours,3,kogen-bench-eu,kh-plan,gpt-6-luna,low,pass,pass,,170.251,195412,
r17,r17reg:Pstar,elx-05-cache-single-flight,1,kogen-bench-us,kh-plan,gpt-6-luna,low,pass,pass,,184.589,40759,
r17,r17reg:Pstar,elx-05-cache-single-flight,2,kogen-bench-us,kh-plan,gpt-6-luna,low,pass,pass,,215.192,45825,
r17,r17reg:Pstar,elx-05-cache-single-flight,3,kogen-bench-us,kh-plan,gpt-6-luna,low,pass,pass,,210.784,49009,
r19,r19rev:bare,syn-14-bug-sla-business-hours,1,kogen-bench-eu,kh-plan,gpt-6-luna,low,pass,pass,,42.891,67377,
r19,r19rev:bare,syn-14-bug-sla-business-hours,2,kogen-bench-eu,kh-plan,gpt-6-luna,low,pass,pass,,41.678,58332,
r19,r19rev:bare,syn-14-bug-sla-business-hours,3,kogen-bench-eu,kh-plan,gpt-6-luna,low,pass,pass,,37.119,67353,
r19,r19rev:review,syn-14-bug-sla-business-hours,1,kogen-bench-eu,kh-plan,gpt-6-luna,low,pass,pass,,42.83,58305,
r19,r19rev:review,syn-14-bug-sla-business-hours,2,kogen-bench-eu,kh-plan,gpt-6-luna,low,pass,pass,,51.449,67367,
r19,r19rev:review,syn-14-bug-sla-business-hours,3,kogen-bench-eu,kh-plan,gpt-6-luna,low,pass,pass,,46.708,91922,
r19,r19rev:bare,elx-07-cli-stats,1,kogen-bench-us,kh-plan,gpt-6-luna,low,fail,fail,,98.799,53271,
r19,r19rev:bare,elx-07-cli-stats,2,kogen-bench-us,kh-plan,gpt-6-luna,low,fail,fail,,61.496,41758,
r19,r19rev:bare,elx-07-cli-stats,3,kogen-bench-us,kh-plan,gpt-6-luna,low,fail,fail,,96.835,77018,
r19,r19rev:review,elx-07-cli-stats,1,kogen-bench-us,kh-plan,gpt-6-luna,low,fail,fail,,227.125,115892,
r19,r19rev:review,elx-07-cli-stats,2,kogen-bench-us,kh-plan,gpt-6-luna,low,fail,fail,,229.722,120638,
r19,r19rev:review,elx-07-cli-stats,3,kogen-bench-us,kh-plan,gpt-6-luna,low,fail,fail,,224.232,163899,
r21,r21pr:Pstar,syn-14-bug-sla-business-hours,1,kogen-bench-eu,kh-plan,gpt-6-luna,low,fail,fail,,260.428,280358,
r21,r21pr:Pstar,syn-14-bug-sla-business-hours,2,kogen-bench-eu,kh-plan,gpt-6-luna,low,pass,pass,,182.554,150163,
r21,r21pr:Pstar,syn-14-bug-sla-business-hours,3,kogen-bench-eu,kh-plan,gpt-6-luna,low,fail,fail,,215.99,217499,
r21,r21pr:Pstar-review,syn-14-bug-sla-business-hours,1,kogen-bench-eu,kh-plan,gpt-6-luna,low,fail,fail,,320.826,236679,
r21,r21pr:Pstar-review,syn-14-bug-sla-business-hours,2,kogen-bench-eu,kh-plan,gpt-6-luna,low,fail,fail,,306.37,309863,
r21,r21pr:Pstar-review,syn-14-bug-sla-business-hours,3,kogen-bench-eu,kh-plan,gpt-6-luna,low,fail,fail,,315.9,265261,
r21,r21pr:Pstar,elx-07-cli-stats,1,kogen-bench-us,kh-plan,gpt-6-luna,low,pass,pass,,213.536,84221,
r21,r21pr:Pstar,elx-07-cli-stats,2,kogen-bench-us,kh-plan,gpt-6-luna,low,fail,fail,,191.784,92640,
r21,r21pr:Pstar,elx-07-cli-stats,3,kogen-bench-us,kh-plan,gpt-6-luna,low,pass,pass,,201.568,99485,
r21,r21pr:Pstar-review,elx-07-cli-stats,1,kogen-bench-us,kh-plan,gpt-6-luna,low,fail,fail,,410.47,314282,
r21,r21pr:Pstar-review,elx-07-cli-stats,2,kogen-bench-us,kh-plan,gpt-6-luna,low,fail,fail,,419.589,331646,
r21,r21pr:Pstar-review,elx-07-cli-stats,3,kogen-bench-us,kh-plan,gpt-6-luna,low,pass,pass,,382.329,255386,
r22,r22up:Pstar-review,elx-12-retry-api-deprecation,1,kogen-bench-eu,kh-plan,gpt-6-luna,low,pass,pass,,396.379,167877,
r22,r22up:Pstar-review,elx-12-retry-api-deprecation,2,kogen-bench-eu,kh-plan,gpt-6-luna,low,pass,pass,,280.737,122401,
r22,r22up:Pstar-review,elx-12-retry-api-deprecation,3,kogen-bench-eu,kh-plan,gpt-6-luna,low,pass,pass,,288.406,189222,
r22,r22up:bare,elx-12-retry-api-deprecation,1,kogen-bench-eu,kh-plan,gpt-6-luna,low,pass,pass,,52.763,45493,
r22,r22up:bare,elx-12-retry-api-deprecation,2,kogen-bench-eu,kh-plan,gpt-6-luna,low,pass,pass,,61.377,26235,
r22,r22up:bare,elx-12-retry-api-deprecation,3,kogen-bench-eu,kh-plan,gpt-6-luna,low,pass,pass,,74.362,37920,
r22,r22up:review,elx-12-retry-api-deprecation,1,kogen-bench-eu,kh-plan,gpt-6-luna,low,pass,pass,,189.198,110455,
r22,r22up:review,elx-12-retry-api-deprecation,2,kogen-bench-eu,kh-plan,gpt-6-luna,low,pass,pass,,138.453,65379,
r22,r22up:review,elx-12-retry-api-deprecation,3,kogen-bench-eu,kh-plan,gpt-6-luna,low,pass,pass,,206.592,90806,
r23,r23:agentic,elx-07-cli-stats,1,kogen-bench-us,kh-plan,gpt-6-luna,low,pass,pass,,450.274,73512,
r23,r23:agentic,elx-07-cli-stats,2,kogen-bench-us,kh-plan,gpt-6-luna,low,pass,pass,,447.444,75890,
r23,r23:agentic,elx-07-cli-stats,3,kogen-bench-us,kh-plan,gpt-6-luna,low,pass,pass,,439.092,73374,
r23,r23:review-esc,elx-07-cli-stats,1,kogen-bench-us,kh-plan,gpt-6-luna,low,fail,fail,,378.277,129896,
r23,r23:review-esc,elx-07-cli-stats,2,kogen-bench-us,kh-plan,gpt-6-luna,low,fail,fail,,265.924,87564,
r23,r23:review-esc,elx-07-cli-stats,3,kogen-bench-us,kh-plan,gpt-6-luna,low,fail,fail,,363.409,157967,
r24,r24:Pstar-review,syn-14-bug-sla-business-hours,1,kogen-bench-eu,kh-plan,gpt-6-luna,low,pass,pass,,258.945,172490,
r24,r24:Pstar-review,syn-14-bug-sla-business-hours,2,kogen-bench-eu,kh-plan,gpt-6-luna,low,fail,fail,,195.664,141403,
r24,r24:Pstar-review,syn-14-bug-sla-business-hours,3,kogen-bench-eu,kh-plan,gpt-6-luna,low,fail,fail,,303.307,419001,
r24,r24:Pstar-review,syn-14-bug-sla-business-hours,4,kogen-bench-eu,kh-plan,gpt-6-luna,low,fail,fail,,300.07,406617,
r24,r24:Pstar-review,syn-14-bug-sla-business-hours,5,kogen-bench-eu,kh-plan,gpt-6-luna,low,fail,fail,,272.691,256132,
r24,r24:Pstar-review-v2,syn-14-bug-sla-business-hours,1,kogen-bench-eu,kh-plan,gpt-6-luna,low,fail,fail,,243.959,340597,
r24,r24:Pstar-review-v2,syn-14-bug-sla-business-hours,2,kogen-bench-eu,kh-plan,gpt-6-luna,low,fail,fail,,236.022,103582,
r24,r24:Pstar-review-v2,syn-14-bug-sla-business-hours,3,kogen-bench-eu,kh-plan,gpt-6-luna,low,fail,fail,,222.842,185934,
r24,r24:Pstar-review-v2,syn-14-bug-sla-business-hours,4,kogen-bench-eu,kh-plan,gpt-6-luna,low,fail,fail,,208.517,160283,
r24,r24:Pstar-review-v2,syn-14-bug-sla-business-hours,5,kogen-bench-eu,kh-plan,gpt-6-luna,low,fail,fail,,199.466,133849,
r24,r24:Pstar-review,elx-07-cli-stats,1,kogen-bench-us,kh-plan,gpt-6-luna,low,pass,pass,,361.967,233733,
r24,r24:Pstar-review,elx-07-cli-stats,2,kogen-bench-us,kh-plan,gpt-6-luna,low,fail,fail,,1127.258,116381,
r24,r24:Pstar-review,elx-07-cli-stats,3,kogen-bench-us,kh-plan,gpt-6-luna,low,pass,pass,,426.811,211442,
r24,r24:Pstar-review,elx-07-cli-stats,4,kogen-bench-us,kh-plan,gpt-6-luna,low,fail,fail,,420.489,311589,
r24,r24:Pstar-review,elx-07-cli-stats,5,kogen-bench-us,kh-plan,gpt-6-luna,low,pass,pass,,415.523,223750,
r24,r24:Pstar-review-v2,elx-07-cli-stats,1,kogen-bench-us,kh-plan,gpt-6-luna,low,pass,pass,,390.878,222322,
r24,r24:Pstar-review-v2,elx-07-cli-stats,2,kogen-bench-us,kh-plan,gpt-6-luna,low,pass,pass,,353.136,167232,
r24,r24:Pstar-review-v2,elx-07-cli-stats,3,kogen-bench-us,kh-plan,gpt-6-luna,low,fail,fail,,399.666,333518,
r24,r24:Pstar-review-v2,elx-07-cli-stats,4,kogen-bench-us,kh-plan,gpt-6-luna,low,pass,pass,,368.55,284095,
r24,r24:Pstar-review-v2,elx-07-cli-stats,5,kogen-bench-us,kh-plan,gpt-6-luna,low,pass,pass,,342.606,273778,
r25,r25codex:bare,elx-12-retry-api-deprecation,1,kogen-bench-eu,codex,gpt-6-luna,low,pass,pass,,68.563,158693,0.0041867399999999996
r25,r25codex:bare,elx-12-retry-api-deprecation,2,kogen-bench-eu,codex,gpt-6-luna,low,fail,fail,,57.363,113638,0.00311772
r25,r25codex:bare,elx-12-retry-api-deprecation,3,kogen-bench-eu,codex,gpt-6-luna,low,pass,pass,,43.539,68964,0.00299864
r25,r25codex:bare,rails-ar-bulk-access-grants,1,kogen-bench-eu,codex,gpt-6-luna,low,fail,fail,,30.887,90130,0.00256732
r25,r25codex:bare,rails-ar-bulk-access-grants,2,kogen-bench-eu,codex,gpt-6-luna,low,fail,fail,,46.139,91417,0.00219802
r25,r25codex:bare,rails-ar-bulk-access-grants,3,kogen-bench-eu,codex,gpt-6-luna,low,fail,fail,,57.982,144398,0.0032582
r25,r25codex:bare,rails-hw-scoped-broadcast,1,kogen-bench-eu,codex,gpt-6-luna,low,fail,fail,,27.46,136268,0.0032626400000000002
r25,r25codex:bare,rails-hw-scoped-broadcast,2,kogen-bench-eu,codex,gpt-6-luna,low,fail,fail,,49.837,151755,0.00302662
r25,r25codex:bare,rails-hw-scoped-broadcast,3,kogen-bench-eu,codex,gpt-6-luna,low,fail,fail,,45.082,217878,0.0045318
r25,r25codex:bare,rails-sup-legacy-conversions,1,kogen-bench-eu,codex,gpt-6-luna,low,pass,pass,,64.32,178658,0.00485748
r25,r25codex:bare,rails-sup-legacy-conversions,2,kogen-bench-eu,codex,gpt-6-luna,low,fail,fail,,39.818,157173,0.0034782600000000004
r25,r25codex:bare,rails-sup-legacy-conversions,3,kogen-bench-eu,codex,gpt-6-luna,low,pass,pass,,28.483,85598,0.0023106
r25,r25codex:bare,syn-13-bug-empty-filter-crash,1,kogen-bench-eu,codex,gpt-6-luna,low,pass,pass,,34.405,144802,0.0037825200000000006
r25,r25codex:bare,syn-13-bug-empty-filter-crash,2,kogen-bench-eu,codex,gpt-6-luna,low,pass,pass,,47.062,185368,0.00473736
r25,r25codex:bare,syn-13-bug-empty-filter-crash,3,kogen-bench-eu,codex,gpt-6-luna,low,pass,pass,,39.583,175917,0.00436522
r25,r25codex:bare,syn-14-bug-sla-business-hours,1,kogen-bench-eu,codex,gpt-6-luna,low,pass,pass,,35.53,135326,0.00431204
r25,r25codex:bare,syn-14-bug-sla-business-hours,2,kogen-bench-eu,codex,gpt-6-luna,low,pass,pass,,45.868,204722,0.0041277200000000005
r25,r25codex:bare,syn-14-bug-sla-business-hours,3,kogen-bench-eu,codex,gpt-6-luna,low,pass,pass,,31.943,97880,0.00256408
r25,r25codex:bare,elx-07-cli-stats,1,kogen-bench-us,codex,gpt-6-luna,low,fail,fail,,85.573,163114,0.004682680000000001
r25,r25codex:bare,elx-07-cli-stats,2,kogen-bench-us,codex,gpt-6-luna,low,fail,fail,,85.36,155964,0.00544384
r25,r25codex:bare,elx-07-cli-stats,3,kogen-bench-us,codex,gpt-6-luna,low,fail,fail,,66.7,122331,0.0049435799999999995
r25,r25codex:bare,rails-ac-throttle-search,1,kogen-bench-us,codex,gpt-6-luna,low,fail,fail,,88.057,293116,0.0060538400000000004
r25,r25codex:bare,rails-ac-throttle-search,2,kogen-bench-us,codex,gpt-6-luna,low,fail,fail,,28.465,139671,0.0034259800000000003
r25,r25codex:bare,rails-ac-throttle-search,3,kogen-bench-us,codex,gpt-6-luna,low,fail,fail,,32.079,99073,0.0026111400000000005
r25,r25codex:bare,rails-aj-enqueue-after-commit,1,kogen-bench-us,codex,gpt-6-luna,low,fail,fail,,30.087,102756,0.00278648
r25,r25codex:bare,rails-aj-enqueue-after-commit,2,kogen-bench-us,codex,gpt-6-luna,low,pass,pass,,87.122,342074,0.0067721199999999995
r25,r25codex:bare,rails-aj-enqueue-after-commit,3,kogen-bench-us,codex,gpt-6-luna,low,pass,pass,,32.91,187660,0.00381632
r25,r25codex:bare,rails-ar-archive-book-access,1,kogen-bench-us,codex,gpt-6-luna,low,fail,fail,,14.439,54047,0.0013995
r25,r25codex:bare,rails-ar-archive-book-access,2,kogen-bench-us,codex,gpt-6-luna,low,pass,pass,,36.099,121731,0.0028261400000000004
r25,r25codex:bare,rails-ar-archive-book-access,3,kogen-bench-us,codex,gpt-6-luna,low,pass,pass,,21.05,94786,0.0020482800000000004
r25,r25codex:bare,rails-as-variant-processed-once,1,kogen-bench-us,codex,gpt-6-luna,low,fail,fail,,71.834,444007,0.00783782
r25,r25codex:bare,rails-as-variant-processed-once,2,kogen-bench-us,codex,gpt-6-luna,low,fail,fail,,20.272,84306,0.001949
r25,r25codex:bare,rails-as-variant-processed-once,3,kogen-bench-us,codex,gpt-6-luna,low,fail,fail,,94.459,372938,0.007149239999999999
r25,r25codex:bare,rails-sec-audit-sweep,1,kogen-bench-us,codex,gpt-6-luna,low,fail,fail,,232.749,1986019,0.02891886
r25,r25codex:bare,rails-sec-audit-sweep,2,kogen-bench-us,codex,gpt-6-luna,low,fail,fail,,50.97,252275,0.00620606
r25,r25codex:bare,rails-sec-audit-sweep,3,kogen-bench-us,codex,gpt-6-luna,low,fail,fail,,120.927,377436,0.00741792
r26,r26-elx05:route,elx-05-cache-single-flight,1,kogen-bench-us,kh-plan,gpt-6-luna,low,pass,pass,,230.709,49221,
r26,r26-elx05:route,elx-05-cache-single-flight,2,kogen-bench-us,kh-plan,gpt-6-luna,low,pass,pass,,212.128,41841,
r26,r26-elx05:route,elx-05-cache-single-flight,3,kogen-bench-us,kh-plan,gpt-6-luna,low,pass,pass,,282.869,216757,
r26,r26-elx07:route,elx-07-cli-stats,1,kogen-bench-us,kh-plan,gpt-6-luna,low,pass,pass,,497.242,361980,
r26,r26-elx07:route,elx-07-cli-stats,2,kogen-bench-us,kh-plan,gpt-6-luna,low,pass,pass,,449.722,381148,
r26,r26-elx07:route,elx-07-cli-stats,3,kogen-bench-us,kh-plan,gpt-6-luna,low,pass,pass,,414.35,221940,
r26,r26-elx12:route,elx-12-retry-api-deprecation,1,kogen-bench-eu,kh-plan,gpt-6-luna,low,pass,pass,,282.641,220964,
r26,r26-elx12:route,elx-12-retry-api-deprecation,2,kogen-bench-eu,kh-plan,gpt-6-luna,low,fail,fail,,409.942,319234,
r26,r26-elx12:route,elx-12-retry-api-deprecation,3,kogen-bench-eu,kh-plan,gpt-6-luna,low,pass,pass,,332.006,188526,
r26,r26-syn13:route,syn-13-bug-empty-filter-crash,1,kogen-bench-eu,kh-plan,gpt-6-luna,low,pass,pass,,354.006,310428,
r26,r26-syn13:route,syn-13-bug-empty-filter-crash,2,kogen-bench-eu,kh-plan,gpt-6-luna,low,pass,pass,,327.289,188664,
r26,r26-syn13:route,syn-13-bug-empty-filter-crash,3,kogen-bench-eu,kh-plan,gpt-6-luna,low,pass,pass,,362.377,287450,
r26,r26-syn14:route,syn-14-bug-sla-business-hours,1,kogen-bench-eu,kh-plan,gpt-6-luna,low,pass,pass,,317.539,116178,
r26,r26-syn14:route,syn-14-bug-sla-business-hours,2,kogen-bench-eu,kh-plan,gpt-6-luna,low,pass,pass,,220.086,79835,
r26,r26-syn14:route,syn-14-bug-sla-business-hours,3,kogen-bench-eu,kh-plan,gpt-6-luna,low,pass,pass,,237.919,124485,
r27,r27-elx07:advisor,elx-07-cli-stats,1,kogen-bench-us,kh-adv,gpt-6-luna,low,fail,fail,,94.279,75887,
r27,r27-elx07:advisor,elx-07-cli-stats,2,kogen-bench-us,kh-adv,gpt-6-luna,low,fail,fail,,102.489,77107,
r27,r27-elx07:advisor,elx-07-cli-stats,3,kogen-bench-us,kh-adv,gpt-6-luna,low,fail,fail,,76.97,66365,
r27,r27-elx07:bare,elx-07-cli-stats,1,kogen-bench-us,kh-adv,gpt-6-luna,low,fail,fail,,121.679,50896,
r27,r27-elx07:bare,elx-07-cli-stats,2,kogen-bench-us,kh-adv,gpt-6-luna,low,fail,fail,,104.869,83954,
r27,r27-elx07:bare,elx-07-cli-stats,3,kogen-bench-us,kh-adv,gpt-6-luna,low,fail,fail,,53.603,49399,
r27,r27-syn13:advisor,syn-13-bug-empty-filter-crash,1,kogen-bench-eu,kh-adv,gpt-6-luna,low,pass,pass,,48.713,100084,
r27,r27-syn13:advisor,syn-13-bug-empty-filter-crash,2,kogen-bench-eu,kh-adv,gpt-6-luna,low,pass,pass,,44.209,108033,
r27,r27-syn13:advisor,syn-13-bug-empty-filter-crash,3,kogen-bench-eu,kh-adv,gpt-6-luna,low,pass,pass,,52.313,117876,
r27,r27-syn13:bare,syn-13-bug-empty-filter-crash,1,kogen-bench-eu,kh-adv,gpt-6-luna,low,pass,pass,,57.365,115215,
r27,r27-syn13:bare,syn-13-bug-empty-filter-crash,2,kogen-bench-eu,kh-adv,gpt-6-luna,low,pass,pass,,41.669,116765,
r27,r27-syn13:bare,syn-13-bug-empty-filter-crash,3,kogen-bench-eu,kh-adv,gpt-6-luna,low,pass,pass,,38.176,77924,
r27,r27-syn14:advisor,syn-14-bug-sla-business-hours,1,kogen-bench-eu,kh-adv,gpt-6-luna,low,pass,pass,,31.391,68780,
r27,r27-syn14:advisor,syn-14-bug-sla-business-hours,2,kogen-bench-eu,kh-adv,gpt-6-luna,low,pass,pass,,35.971,68776,
r27,r27-syn14:advisor,syn-14-bug-sla-business-hours,3,kogen-bench-eu,kh-adv,gpt-6-luna,low,pass,pass,,36.235,123444,
r27,r27-syn14:bare,syn-14-bug-sla-business-hours,1,kogen-bench-eu,kh-adv,gpt-6-luna,low,pass,pass,,40.69,59241,
r27,r27-syn14:bare,syn-14-bug-sla-business-hours,2,kogen-bench-eu,kh-adv,gpt-6-luna,low,pass,pass,,36.613,68413,
r27,r27-syn14:bare,syn-14-bug-sla-business-hours,3,kogen-bench-eu,kh-adv,gpt-6-luna,low,pass,pass,,29.679,69722,
r27,r27lmax:bare,elx-12-retry-api-deprecation,1,kogen-bench-eu,codex,gpt-6-luna,max,pass,pass,,519.374,709583,0.018892779999999998
r27,r27lmax:bare,elx-12-retry-api-deprecation,2,kogen-bench-eu,codex,gpt-6-luna,max,fail,fail,,294.064,227153,0.0088461
r27,r27lmax:bare,elx-12-retry-api-deprecation,3,kogen-bench-eu,codex,gpt-6-luna,max,fail,fail,,338.204,437966,0.012752280000000001
r27,r27lmax:bare,rails-ar-bulk-access-grants,1,kogen-bench-eu,codex,gpt-6-luna,max,pass,pass,,297.346,154001,0.0075577
r27,r27lmax:bare,rails-ar-bulk-access-grants,2,kogen-bench-eu,codex,gpt-6-luna,max,pass,pass,,438.478,198497,0.01189114
r27,r27lmax:bare,rails-ar-bulk-access-grants,3,kogen-bench-eu,codex,gpt-6-luna,max,fail,fail,,637.887,305947,0.01560478
r27,r27lmax:bare,rails-hw-scoped-broadcast,1,kogen-bench-eu,codex,gpt-6-luna,max,pass,pass,,212.699,288461,0.010694180000000001
r27,r27lmax:bare,rails-hw-scoped-broadcast,2,kogen-bench-eu,codex,gpt-6-luna,max,fail,fail,,155.323,270939,0.009592459999999999
r27,r27lmax:bare,rails-hw-scoped-broadcast,3,kogen-bench-eu,codex,gpt-6-luna,max,pass,pass,,159.675,251572,0.008490639999999999
r27,r27lmax:bare,rails-sup-legacy-conversions,1,kogen-bench-eu,codex,gpt-6-luna,max,pass,pass,,171.744,336708,0.00934832
r27,r27lmax:bare,rails-sup-legacy-conversions,2,kogen-bench-eu,codex,gpt-6-luna,max,pass,pass,,316.299,485141,0.01592602
r27,r27lmax:bare,rails-sup-legacy-conversions,3,kogen-bench-eu,codex,gpt-6-luna,max,pass,pass,,245.539,249613,0.007740820000000001
r27,r27lmax:bare,syn-13-bug-empty-filter-crash,1,kogen-bench-eu,codex,gpt-6-luna,max,pass,pass,,187.109,367074,0.010893880000000002
r27,r27lmax:bare,syn-13-bug-empty-filter-crash,2,kogen-bench-eu,codex,gpt-6-luna,max,pass,pass,,368.852,610232,0.0158936
r27,r27lmax:bare,syn-13-bug-empty-filter-crash,3,kogen-bench-eu,codex,gpt-6-luna,max,pass,pass,,266.557,517019,0.01559966
r27,r27lmax:bare,syn-14-bug-sla-business-hours,1,kogen-bench-eu,codex,gpt-6-luna,max,pass,pass,,96.436,260936,0.00721616
r27,r27lmax:bare,syn-14-bug-sla-business-hours,2,kogen-bench-eu,codex,gpt-6-luna,max,pass,pass,,108.449,246595,0.0059123000000000005
r27,r27lmax:bare,syn-14-bug-sla-business-hours,3,kogen-bench-eu,codex,gpt-6-luna,max,pass,pass,,91.791,235563,0.00693526
r27,r27lmax:bare,elx-07-cli-stats,1,kogen-bench-us,codex,gpt-6-luna,max,fail,fail,,329.216,563792,0.0164304
r27,r27lmax:bare,elx-07-cli-stats,2,kogen-bench-us,codex,gpt-6-luna,max,pass,pass,,365.623,397577,0.012827380000000001
r27,r27lmax:bare,elx-07-cli-stats,3,kogen-bench-us,codex,gpt-6-luna,max,fail,fail,,275.527,598911,0.01676406
r27,r27lmax:bare,rails-ac-throttle-search,1,kogen-bench-us,codex,gpt-6-luna,max,pass,pass,,684.364,732242,0.01889988
r27,r27lmax:bare,rails-ac-throttle-search,2,kogen-bench-us,codex,gpt-6-luna,max,pass,pass,,485.106,1054076,0.02225496
r27,r27lmax:bare,rails-ac-throttle-search,3,kogen-bench-us,codex,gpt-6-luna,max,pass,pass,,559.146,859748,0.023916240000000002
r27,r27lmax:bare,rails-aj-enqueue-after-commit,1,kogen-bench-us,codex,gpt-6-luna,max,pass,pass,,251.136,682730,0.014533959999999999
r27,r27lmax:bare,rails-aj-enqueue-after-commit,2,kogen-bench-us,codex,gpt-6-luna,max,pass,pass,,163.997,631291,0.012067979999999999
r27,r27lmax:bare,rails-aj-enqueue-after-commit,3,kogen-bench-us,codex,gpt-6-luna,max,pass,pass,,254.558,527569,0.0102977
r27,r27lmax:bare,rails-ar-archive-book-access,1,kogen-bench-us,codex,gpt-6-luna,max,pass,pass,,58.621,78383,0.0031352600000000004
r27,r27lmax:bare,rails-ar-archive-book-access,2,kogen-bench-us,codex,gpt-6-luna,max,pass,pass,,92.163,98281,0.0043321
r27,r27lmax:bare,rails-ar-archive-book-access,3,kogen-bench-us,codex,gpt-6-luna,max,pass,pass,,116.576,165487,0.00797942
r27,r27lmax:bare,rails-as-variant-processed-once,1,kogen-bench-us,codex,gpt-6-luna,max,fail,fail,,312.168,864741,0.01969466
r27,r27lmax:bare,rails-as-variant-processed-once,2,kogen-bench-us,codex,gpt-6-luna,max,fail,fail,,185.36,522963,0.014852299999999999
r27,r27lmax:bare,rails-as-variant-processed-once,3,kogen-bench-us,codex,gpt-6-luna,max,fail,fail,,660.972,939286,0.024804279999999998
r27,r27lmax:bare,rails-sec-audit-sweep,1,kogen-bench-us,codex,gpt-6-luna,max,pass,pass,,152.267,248556,0.00909808
r27,r27lmax:bare,rails-sec-audit-sweep,2,kogen-bench-us,codex,gpt-6-luna,max,pass,pass,,133.514,195703,0.00769422
r27,r27lmax:bare,rails-sec-audit-sweep,3,kogen-bench-us,codex,gpt-6-luna,max,pass,pass,,148.987,304194,0.0092162
r27,r27sol:bare,elx-12-retry-api-deprecation,1,kogen-bench-eu,codex,gpt-6.1-sol,high,pass,pass,,189.734,128869,0.11229
r27,r27sol:bare,elx-12-retry-api-deprecation,2,kogen-bench-eu,codex,gpt-6.1-sol,high,pass,pass,,176.98,123843,0.1024828
r27,r27sol:bare,elx-12-retry-api-deprecation,3,kogen-bench-eu,codex,gpt-6.1-sol,high,pass,pass,,161.973,119888,0.095752
r27,r27sol:bare,rails-ar-bulk-access-grants,1,kogen-bench-eu,codex,gpt-6.1-sol,high,pass,pass,,505.175,721478,0.2846264
r27,r27sol:bare,rails-ar-bulk-access-grants,2,kogen-bench-eu,codex,gpt-6.1-sol,high,pass,pass,,450.104,450076,0.2478256
r27,r27sol:bare,rails-ar-bulk-access-grants,3,kogen-bench-eu,codex,gpt-6.1-sol,high,fail,fail,,261.169,244798,0.1647224
r27,r27sol:bare,rails-hw-scoped-broadcast,1,kogen-bench-eu,codex,gpt-6.1-sol,high,pass,pass,,271.486,468637,0.1562468
r27,r27sol:bare,rails-hw-scoped-broadcast,2,kogen-bench-eu,codex,gpt-6.1-sol,high,pass,pass,,250.0,442962,0.160468
r27,r27sol:bare,rails-hw-scoped-broadcast,3,kogen-bench-eu,codex,gpt-6.1-sol,high,pass,pass,,267.408,436705,0.15923879999999999
r27,r27sol:bare,rails-sup-legacy-conversions,1,kogen-bench-eu,codex,gpt-6.1-sol,high,pass,pass,,327.485,1009671,0.3047948
r27,r27sol:bare,rails-sup-legacy-conversions,2,kogen-bench-eu,codex,gpt-6.1-sol,high,pass,pass,,365.182,1158985,0.2934468
r27,r27sol:bare,rails-sup-legacy-conversions,3,kogen-bench-eu,codex,gpt-6.1-sol,high,pass,pass,,334.586,833802,0.29518
r27,r27sol:bare,syn-13-bug-empty-filter-crash,1,kogen-bench-eu,codex,gpt-6.1-sol,high,pass,pass,,268.423,614971,0.2228268
r27,r27sol:bare,syn-13-bug-empty-filter-crash,2,kogen-bench-eu,codex,gpt-6.1-sol,high,pass,pass,,222.149,487652,0.17794079999999998
r27,r27sol:bare,syn-13-bug-empty-filter-crash,3,kogen-bench-eu,codex,gpt-6.1-sol,high,pass,pass,,200.774,382372,0.16411520000000002
r27,r27sol:bare,syn-14-bug-sla-business-hours,1,kogen-bench-eu,codex,gpt-6.1-sol,high,pass,pass,,144.774,318964,0.1581648
r27,r27sol:bare,syn-14-bug-sla-business-hours,2,kogen-bench-eu,codex,gpt-6.1-sol,high,pass,pass,,138.961,291425,0.12525
r27,r27sol:bare,syn-14-bug-sla-business-hours,3,kogen-bench-eu,codex,gpt-6.1-sol,high,pass,pass,,136.053,260038,0.1189112
r27,r27sol:bare,elx-07-cli-stats,1,kogen-bench-us,codex,gpt-6.1-sol,high,pass,pass,,257.62,217490,0.1452072
r27,r27sol:bare,elx-07-cli-stats,2,kogen-bench-us,codex,gpt-6.1-sol,high,pass,pass,,235.26,181746,0.1139944
r27,r27sol:bare,elx-07-cli-stats,3,kogen-bench-us,codex,gpt-6.1-sol,high,pass,pass,,225.839,133795,0.1099404
r27,r27sol:bare,rails-ac-throttle-search,1,kogen-bench-us,codex,gpt-6.1-sol,high,fail,fail,,295.722,729286,0.2061192
r27,r27sol:bare,rails-ac-throttle-search,2,kogen-bench-us,codex,gpt-6.1-sol,high,fail,fail,,392.564,922327,0.236414
r27,r27sol:bare,rails-ac-throttle-search,3,kogen-bench-us,codex,gpt-6.1-sol,high,fail,fail,,349.684,846129,0.261018
r27,r27sol:bare,rails-aj-enqueue-after-commit,1,kogen-bench-us,codex,gpt-6.1-sol,high,pass,pass,,280.541,500480,0.1726288
r27,r27sol:bare,rails-aj-enqueue-after-commit,2,kogen-bench-us,codex,gpt-6.1-sol,high,pass,pass,,381.38,796059,0.29891
r27,r27sol:bare,rails-aj-enqueue-after-commit,3,kogen-bench-us,codex,gpt-6.1-sol,high,pass,pass,,366.656,899566,0.29412879999999997
r27,r27sol:bare,rails-ar-archive-book-access,1,kogen-bench-us,codex,gpt-6.1-sol,high,pass,pass,,233.909,367680,0.1515104
r27,r27sol:bare,rails-ar-archive-book-access,2,kogen-bench-us,codex,gpt-6.1-sol,high,pass,pass,,252.728,526656,0.23590239999999998
r27,r27sol:bare,rails-ar-archive-book-access,3,kogen-bench-us,codex,gpt-6.1-sol,high,pass,pass,,294.315,600443,0.24327320000000002
r27,r27sol:bare,rails-as-variant-processed-once,1,kogen-bench-us,codex,gpt-6.1-sol,high,pass,pass,,257.157,778730,0.2443592
r27,r27sol:bare,rails-as-variant-processed-once,2,kogen-bench-us,codex,gpt-6.1-sol,high,pass,pass,,221.44,700104,0.2651792
r27,r27sol:bare,rails-as-variant-processed-once,3,kogen-bench-us,codex,gpt-6.1-sol,high,pass,pass,,180.388,487776,0.1882448
r27,r27sol:bare,rails-sec-audit-sweep,1,kogen-bench-us,codex,gpt-6.1-sol,high,pass,pass,,598.224,2206288,0.52112
r27,r27sol:bare,rails-sec-audit-sweep,2,kogen-bench-us,codex,gpt-6.1-sol,high,pass,pass,,404.899,887496,0.305928
r27,r27sol:bare,rails-sec-audit-sweep,3,kogen-bench-us,codex,gpt-6.1-sol,high,pass,pass,,352.63,671396,0.2244896
r28,r28-elx05:route-lmax,elx-05-cache-single-flight,1,kogen-bench-us,kh-plan,gpt-6-luna,low,pass,pass,,521.915,99288,
r28,r28-elx05:route-lmax,elx-05-cache-single-flight,2,kogen-bench-us,kh-plan,gpt-6-luna,low,pass,pass,,636.763,49850,
r28,r28-elx05:route-lmax,elx-05-cache-single-flight,3,kogen-bench-us,kh-plan,gpt-6-luna,low,fail,fail,,858.96,798325,
r28,r28-elx07:route-lmax,elx-07-cli-stats,1,kogen-bench-us,kh-plan,gpt-6-luna,low,fail,fail,,1012.62,139547,
r28,r28-elx07:route-lmax,elx-07-cli-stats,2,kogen-bench-us,kh-plan,gpt-6-luna,low,pass,pass,,1210.836,269964,
r28,r28-elx12:route-lmax,elx-12-retry-api-deprecation,1,kogen-bench-eu,kh-plan,gpt-6-luna,low,pass,pass,,790.099,131719,
r28,r28-elx12:route-lmax,elx-12-retry-api-deprecation,2,kogen-bench-eu,kh-plan,gpt-6-luna,low,fail,fail,,819.715,217741,
r28,r28-elx12:route-lmax,elx-12-retry-api-deprecation,3,kogen-bench-eu,kh-plan,gpt-6-luna,low,fail,fail,,369.162,63741,
r28,r28-syn13:route-lmax,syn-13-bug-empty-filter-crash,1,kogen-bench-eu,kh-plan,gpt-6-luna,low,pass,pass,,626.645,87418,
r28,r28-syn13:route-lmax,syn-13-bug-empty-filter-crash,2,kogen-bench-eu,kh-plan,gpt-6-luna,requested low (stage efforts not recovered),fail,fail,,993.291,,
r28,r28-syn13:route-lmax,syn-13-bug-empty-filter-crash,3,kogen-bench-eu,kh-plan,gpt-6-luna,low,pass,pass,,968.602,288517,
r28,r28-syn14:route-lmax,syn-14-bug-sla-business-hours,1,kogen-bench-eu,kh-plan,gpt-6-luna,low,pass,pass,,375.48,128098,
r28,r28-syn14:route-lmax,syn-14-bug-sla-business-hours,2,kogen-bench-eu,kh-plan,gpt-6-luna,low,pass,pass,,350.142,105601,
r28,r28-syn14:route-lmax,syn-14-bug-sla-business-hours,3,kogen-bench-eu,kh-plan,gpt-6-luna,low,pass,pass,,512.978,78739,
r29,r29-syn13:review-only,syn-13-bug-empty-filter-crash,1,kogen-bench-eu,kh-plan,gpt-6-luna,low,pass,pass,,317.857,344261,
r29,r29-syn13:review-only,syn-13-bug-empty-filter-crash,2,kogen-bench-eu,kh-plan,gpt-6-luna,low,pass,pass,,380.198,256162,
r29,r29-syn13:review-only,syn-13-bug-empty-filter-crash,3,kogen-bench-eu,kh-plan,gpt-6-luna,low,pass,pass,,306.786,290463,
r29,r29-syn13:review-only,syn-13-bug-empty-filter-crash,4,kogen-bench-eu,kh-plan,gpt-6-luna,low,pass,pass,,282.924,225700,
r29,r29-syn13:review-only,syn-13-bug-empty-filter-crash,5,kogen-bench-eu,kh-plan,gpt-6-luna,low,pass,pass,,255.013,241930,
r29,r29-syn13:route-asrun,syn-13-bug-empty-filter-crash,1,kogen-bench-eu,kh-plan,gpt-6-luna,low,pass,pass,,514.74,432662,
r29,r29-syn13:route-asrun,syn-13-bug-empty-filter-crash,2,kogen-bench-eu,kh-plan,gpt-6-luna,low,pass,pass,,463.886,225495,
r29,r29-syn13:route-asrun,syn-13-bug-empty-filter-crash,3,kogen-bench-eu,kh-plan,gpt-6-luna,low,pass,pass,,380.161,376502,
r29,r29-syn13:route-asrun,syn-13-bug-empty-filter-crash,4,kogen-bench-eu,kh-plan,gpt-6-luna,low,pass,pass,,347.679,289493,
r29,r29-syn13:route-asrun,syn-13-bug-empty-filter-crash,5,kogen-bench-eu,kh-plan,gpt-6-luna,low,pass,pass,,418.585,338788,
r29,r29-syn13:route-fixnoplan,syn-13-bug-empty-filter-crash,1,kogen-bench-eu,kh-plan,gpt-6-luna,low,pass,pass,,344.258,291628,
r29,r29-syn13:route-fixnoplan,syn-13-bug-empty-filter-crash,2,kogen-bench-eu,kh-plan,gpt-6-luna,low,pass,pass,,282.265,245119,
r29,r29-syn13:route-fixnoplan,syn-13-bug-empty-filter-crash,3,kogen-bench-eu,kh-plan,gpt-6-luna,low,pass,pass,,295.269,229029,
r29,r29-syn13:route-fixnoplan,syn-13-bug-empty-filter-crash,4,kogen-bench-eu,kh-plan,gpt-6-luna,low,pass,pass,,283.291,242883,
r29,r29-syn13:route-fixnoplan,syn-13-bug-empty-filter-crash,5,kogen-bench-eu,kh-plan,gpt-6-luna,low,pass,pass,,394.905,307741,
r29,r29-syn14:review-only,syn-14-bug-sla-business-hours,1,kogen-bench-eu,kh-plan,gpt-6-luna,low,pass,pass,,55.468,58384,
r29,r29-syn14:review-only,syn-14-bug-sla-business-hours,2,kogen-bench-eu,kh-plan,gpt-6-luna,low,pass,pass,,47.731,58173,
r29,r29-syn14:review-only,syn-14-bug-sla-business-hours,3,kogen-bench-eu,kh-plan,gpt-6-luna,low,pass,pass,,77.289,67958,
r29,r29-syn14:review-only,syn-14-bug-sla-business-hours,4,kogen-bench-eu,kh-plan,gpt-6-luna,low,pass,pass,,46.994,76576,
r29,r29-syn14:review-only,syn-14-bug-sla-business-hours,5,kogen-bench-eu,kh-plan,gpt-6-luna,low,pass,pass,,46.843,58342,
r29,r29-syn14:route-asrun,syn-14-bug-sla-business-hours,1,kogen-bench-eu,kh-plan,gpt-6-luna,low,pass,pass,,203.829,86625,
r29,r29-syn14:route-asrun,syn-14-bug-sla-business-hours,2,kogen-bench-eu,kh-plan,gpt-6-luna,low,pass,pass,,311.316,95097,
r29,r29-syn14:route-asrun,syn-14-bug-sla-business-hours,3,kogen-bench-eu,kh-plan,gpt-6-luna,low,pass,pass,,192.362,62633,
r29,r29-syn14:route-asrun,syn-14-bug-sla-business-hours,4,kogen-bench-eu,kh-plan,gpt-6-luna,low,pass,pass,,218.371,109982,
r29,r29-syn14:route-asrun,syn-14-bug-sla-business-hours,5,kogen-bench-eu,kh-plan,gpt-6-luna,low,pass,pass,,261.907,72715,
r29,r29-syn14:route-fixnoplan,syn-14-bug-sla-business-hours,1,kogen-bench-eu,kh-plan,gpt-6-luna,low,pass,pass,,59.339,67938,
r29,r29-syn14:route-fixnoplan,syn-14-bug-sla-business-hours,2,kogen-bench-eu,kh-plan,gpt-6-luna,low,pass,pass,,50.317,58336,
r29,r29-syn14:route-fixnoplan,syn-14-bug-sla-business-hours,3,kogen-bench-eu,kh-plan,gpt-6-luna,low,pass,pass,,48.21,58301,
r29,r29-syn14:route-fixnoplan,syn-14-bug-sla-business-hours,4,kogen-bench-eu,kh-plan,gpt-6-luna,low,pass,pass,,71.829,61231,
r29,r29-syn14:route-fixnoplan,syn-14-bug-sla-business-hours,5,kogen-bench-eu,kh-plan,gpt-6-luna,low,pass,pass,,60.1,82496,
r30,r30-elx05:packplan-review-lmax,elx-05-cache-single-flight,1,kogen-bench-us,kh-plan,gpt-6-luna,low,pass,pass,,648.869,30623,
r30,r30-elx05:packplan-review-lmax,elx-05-cache-single-flight,2,kogen-bench-us,kh-plan,gpt-6-luna,low,pass,pass,,439.299,37945,
r30,r30-elx05:packplan-review-lmax,elx-05-cache-single-flight,3,kogen-bench-us,kh-plan,gpt-6-luna,low,pass,pass,,730.204,36906,
r30,r30-elx05:packplan-review-sol,elx-05-cache-single-flight,1,kogen-bench-us,kh-plan,gpt-6-luna,low,pass,pass,,287.551,35965,
r30,r30-elx05:packplan-review-sol,elx-05-cache-single-flight,2,kogen-bench-us,kh-plan,gpt-6-luna,low,pass,pass,,284.511,30982,
r30,r30-elx05:packplan-review-sol,elx-05-cache-single-flight,3,kogen-bench-us,kh-plan,gpt-6-luna,low,pass,pass,,261.152,37453,
r30,r30-elx07:packplan-review-lmax,elx-07-cli-stats,1,kogen-bench-us,kh-plan,gpt-6-luna,low,fail,fail,,708.374,97295,
r30,r30-elx07:packplan-review-lmax,elx-07-cli-stats,2,kogen-bench-us,kh-plan,gpt-6-luna,low,fail,fail,,570.008,76994,
r30,r30-elx07:packplan-review-lmax,elx-07-cli-stats,3,kogen-bench-us,kh-plan,gpt-6-luna,low,fail,fail,,1133.612,125991,
r30,r30-elx07:packplan-review-sol,elx-07-cli-stats,1,kogen-bench-us,kh-plan,gpt-6-luna,low,fail,fail,,387.324,99884,
r30,r30-elx07:packplan-review-sol,elx-07-cli-stats,2,kogen-bench-us,kh-plan,gpt-6-luna,low,pass,pass,,324.278,62358,
r30,r30-elx07:packplan-review-sol,elx-07-cli-stats,3,kogen-bench-us,kh-plan,gpt-6-luna,low,pass,pass,,377.794,87819,
r30,r30-elx12:packplan-review-lmax,elx-12-retry-api-deprecation,1,kogen-bench-eu,kh-plan,gpt-6-luna,low,fail,fail,,919.437,67610,
r30,r30-elx12:packplan-review-lmax,elx-12-retry-api-deprecation,2,kogen-bench-eu,kh-plan,gpt-6-luna,low,pass,pass,,572.854,78489,
r30,r30-elx12:packplan-review-lmax,elx-12-retry-api-deprecation,3,kogen-bench-eu,kh-plan,gpt-6-luna,requested low (stage efforts not recovered),fail,fail,,998.85,,
r30,r30-elx12:packplan-review-sol,elx-12-retry-api-deprecation,1,kogen-bench-eu,kh-plan,gpt-6-luna,low,pass,pass,,279.782,58714,
r30,r30-elx12:packplan-review-sol,elx-12-retry-api-deprecation,2,kogen-bench-eu,kh-plan,gpt-6-luna,low,pass,pass,,364.958,51025,
r30,r30-elx12:packplan-review-sol,elx-12-retry-api-deprecation,3,kogen-bench-eu,kh-plan,gpt-6-luna,low,pass,pass,,245.61,69683,
r30,r30-syn13:packplan-review-lmax,syn-13-bug-empty-filter-crash,1,kogen-bench-eu,kh-plan,gpt-6-luna,low,pass,pass,,331.855,284859,
r30,r30-syn13:packplan-review-lmax,syn-13-bug-empty-filter-crash,2,kogen-bench-eu,kh-plan,gpt-6-luna,low,pass,pass,,852.742,216588,
r30,r30-syn13:packplan-review-lmax,syn-13-bug-empty-filter-crash,3,kogen-bench-eu,kh-plan,gpt-6-luna,low,pass,pass,,660.283,136373,
r30,r30-syn13:packplan-review-sol,syn-13-bug-empty-filter-crash,1,kogen-bench-eu,kh-plan,gpt-6-luna,low,pass,pass,,513.759,278727,
r30,r30-syn13:packplan-review-sol,syn-13-bug-empty-filter-crash,2,kogen-bench-eu,kh-plan,gpt-6-luna,low,pass,pass,,342.665,200543,
r30,r30-syn13:packplan-review-sol,syn-13-bug-empty-filter-crash,3,kogen-bench-eu,kh-plan,gpt-6-luna,low,pass,pass,,388.092,347113,
r30,r30-syn14:packplan-review-lmax,syn-14-bug-sla-business-hours,1,kogen-bench-eu,kh-plan,gpt-6-luna,low,pass,pass,,764.9,109557,
r30,r30-syn14:packplan-review-lmax,syn-14-bug-sla-business-hours,2,kogen-bench-eu,kh-plan,gpt-6-luna,low,pass,pass,,710.358,54736,
r30,r30-syn14:packplan-review-lmax,syn-14-bug-sla-business-hours,3,kogen-bench-eu,kh-plan,gpt-6-luna,low,pass,pass,,1053.791,145427,
r30,r30-syn14:packplan-review-sol,syn-14-bug-sla-business-hours,1,kogen-bench-eu,kh-plan,gpt-6-luna,low,pass,pass,,312.228,103758,
r30,r30-syn14:packplan-review-sol,syn-14-bug-sla-business-hours,2,kogen-bench-eu,kh-plan,gpt-6-luna,low,pass,pass,,317.195,88939,
r30,r30-syn14:packplan-review-sol,syn-14-bug-sla-business-hours,3,kogen-bench-eu,kh-plan,gpt-6-luna,low,pass,pass,,235.816,137366,
r31,r31-elx07:bo3-packplan-review-sol,elx-07-cli-stats,1,kogen-bench-us,kh-plan,gpt-6-luna,low,fail,fail,,487.356,181952,
r31,r31-elx07:bo3-packplan-review-sol,elx-07-cli-stats,2,kogen-bench-us,kh-plan,gpt-6-luna,low,pass,pass,,502.523,126918,
r31,r31-elx07:bo3-packplan-review-sol,elx-07-cli-stats,3,kogen-bench-us,kh-plan,gpt-6-luna,low,pass,fail,,432.192,78781,
r31,r31-elx07:bo3-packplan-review-sol,elx-07-cli-stats,4,kogen-bench-us,kh-plan,gpt-6-luna,low,pass,fail,,438.114,95664,
r31,r31-elx07:bo3-packplan-review-sol,elx-07-cli-stats,5,kogen-bench-us,kh-plan,gpt-6-luna,low,fail,fail,,431.916,124339,
r32,r32-elx07:agentic-repro-review-sol,elx-07-cli-stats,1,kogen-bench-us,kh-plan,gpt-6-luna,low,pass,pass,,524.563,146574,
r32,r32-elx07:agentic-repro-review-sol,elx-07-cli-stats,2,kogen-bench-us,kh-plan,gpt-6-luna,low,pass,pass,,522.477,153862,
r32,r32-elx07:agentic-repro-review-sol,elx-07-cli-stats,3,kogen-bench-us,kh-plan,gpt-6-luna,low,pass,pass,,449.21,76513,
r32,r32-elx07:agentic-repro-review-sol,elx-07-cli-stats,4,kogen-bench-us,kh-plan,gpt-6-luna,requested low (stage efforts not recovered),fail,fail,,298.946,,
r32,r32-elx07:agentic-repro-review-sol,elx-07-cli-stats,5,kogen-bench-us,kh-plan,gpt-6-luna,low,pass,pass,,462.868,149033,
r33,r33lmax:bare,rails-ft-i18n-support,1,kogen-bench-eu,codex,gpt-6-luna,max,fail,fail,,3601.621,23519432,0.37543952
r33,r33lmax:bare,rails-ft-i18n-support,2,kogen-bench-eu,codex,gpt-6-luna,max,fail,fail,,3601.655,26523209,0.41951818
r33,r33lmax:bare,rails-ft-i18n-support,3,kogen-bench-eu,codex,gpt-6-luna,max,fail,fail,,3601.953,20628739,0.33068285999999997
r33,r33lmax:bare,rails-ft-mysql-fulltext-search-foundation,1,kogen-bench-eu,codex,gpt-6-luna,max,fail,fail,,534.036,1636695,0.03911502000000001
r33,r33lmax:bare,rails-ft-mysql-fulltext-search-foundation,2,kogen-bench-eu,codex,gpt-6-luna,max,fail,fail,,738.951,1548689,0.04418986
r33,r33lmax:bare,rails-ft-mysql-fulltext-search-foundation,3,kogen-bench-eu,codex,gpt-6-luna,max,fail,fail,,654.164,2310868,0.048788160000000004
r33,r33lmax:bare,rails-ft-notification-bundle-window-overlap,1,kogen-bench-eu,codex,gpt-6-luna,max,fail,fail,,1293.155,4227884,0.08795728
r33,r33lmax:bare,rails-ft-notification-bundle-window-overlap,2,kogen-bench-eu,codex,gpt-6-luna,max,fail,fail,,743.272,1937449,0.04501322
r33,r33lmax:bare,rails-ft-notification-bundle-window-overlap,3,kogen-bench-eu,codex,gpt-6-luna,max,fail,fail,,1066.095,2589995,0.06472958
r33,r33lmax:bare,rails-ft-saas-billing,1,kogen-bench-eu,codex,gpt-6-luna,max,fail,fail,,1521.203,4384776,0.10336392
r33,r33lmax:bare,rails-ft-saas-billing,2,kogen-bench-eu,codex,gpt-6-luna,max,fail,fail,,1333.887,3241307,0.08221405999999999
r33,r33lmax:bare,rails-ft-saas-billing,3,kogen-bench-eu,codex,gpt-6-luna,max,fail,fail,,2004.032,4571416,0.09978128
r33,r33lmax:bare,rails-ft-active-storage-tracking,1,kogen-bench-us,codex,gpt-6-luna,max,fail,fail,,1256.77,2629589,0.06929002000000001
r33,r33lmax:bare,rails-ft-active-storage-tracking,2,kogen-bench-us,codex,gpt-6-luna,max,fail,fail,,1470.417,3180066,0.08722076000000001
r33,r33lmax:bare,rails-ft-active-storage-tracking,3,kogen-bench-us,codex,gpt-6-luna,max,fail,fail,,1338.398,2748933,0.07464689999999999
r33,r33lmax:bare,rails-ft-activity-feed-api,1,kogen-bench-us,codex,gpt-6-luna,max,fail,fail,,327.529,841721,0.02198346
r33,r33lmax:bare,rails-ft-activity-feed-api,2,kogen-bench-us,codex,gpt-6-luna,max,fail,fail,,415.168,1404582,0.0316074
r33,r33lmax:bare,rails-ft-activity-feed-api,3,kogen-bench-us,codex,gpt-6-luna,max,fail,fail,,462.765,688779,0.02553582
r33,r33lmax:bare,rails-ft-board-publish-unpublish-public-boundary,1,kogen-bench-us,codex,gpt-6-luna,max,fail,fail,,506.922,1334576,0.033638480000000005
r33,r33lmax:bare,rails-ft-board-publish-unpublish-public-boundary,2,kogen-bench-us,codex,gpt-6-luna,max,fail,fail,,597.182,1639374,0.03816028
r33,r33lmax:bare,rails-ft-board-publish-unpublish-public-boundary,3,kogen-bench-us,codex,gpt-6-luna,max,fail,fail,,620.288,1785024,0.04317928
r33,r33lmax:bare,rails-ft-cancelled-account-cleanup,1,kogen-bench-us,codex,gpt-6-luna,max,fail,fail,,678.302,986948,0.0281704
r33,r33lmax:bare,rails-ft-cancelled-account-cleanup,2,kogen-bench-us,codex,gpt-6-luna,max,fail,fail,,334.826,596490,0.02001892
r33,r33lmax:bare,rails-ft-cancelled-account-cleanup,3,kogen-bench-us,codex,gpt-6-luna,max,fail,fail,,927.651,801596,0.026912
r33,r33lmax:bare,rails-ft-entropy-sweep,1,kogen-bench-us,codex,gpt-6-luna,max,pass,pass,,420.431,723026,0.023815560000000003
r33,r33lmax:bare,rails-ft-entropy-sweep,2,kogen-bench-us,codex,gpt-6-luna,max,pass,pass,,773.286,989106,0.02406196
r33,r33lmax:bare,rails-ft-entropy-sweep,3,kogen-bench-us,codex,gpt-6-luna,max,fail,fail,,504.911,919361,0.02913818
r33,r33sol:bare,rails-ft-i18n-support,1,kogen-bench-eu,codex,gpt-6.1-sol,high,fail,fail,,2536.1,11668657,2.5074788
r33,r33sol:bare,rails-ft-i18n-support,2,kogen-bench-eu,codex,gpt-6.1-sol,high,fail,fail,,2463.479,10874587,2.201806
r33,r33sol:bare,rails-ft-i18n-support,3,kogen-bench-eu,codex,gpt-6.1-sol,high,fail,fail,,3044.46,11608578,2.6961624000000004
r33,r33sol:bare,rails-ft-mysql-fulltext-search-foundation,1,kogen-bench-eu,codex,gpt-6.1-sol,high,pass,pass,,566.319,1194009,0.436938
r33,r33sol:bare,rails-ft-mysql-fulltext-search-foundation,2,kogen-bench-eu,codex,gpt-6.1-sol,high,pass,pass,,638.371,1418656,0.4514816
r33,r33sol:bare,rails-ft-mysql-fulltext-search-foundation,3,kogen-bench-eu,codex,gpt-6.1-sol,high,pass,pass,,692.669,1708358,0.527588
r33,r33sol:bare,rails-ft-notification-bundle-window-overlap,1,kogen-bench-eu,codex,gpt-6.1-sol,high,fail,fail,,725.971,1517127,0.4960412
r33,r33sol:bare,rails-ft-notification-bundle-window-overlap,2,kogen-bench-eu,codex,gpt-6.1-sol,high,fail,fail,,610.094,927513,0.37857159999999995
r33,r33sol:bare,rails-ft-notification-bundle-window-overlap,3,kogen-bench-eu,codex,gpt-6.1-sol,high,fail,fail,,527.081,947880,0.350488
r33,r33sol:bare,rails-ft-saas-billing,1,kogen-bench-eu,codex,gpt-6.1-sol,high,fail,fail,,823.826,2037000,0.607472
r33,r33sol:bare,rails-ft-saas-billing,2,kogen-bench-eu,codex,gpt-6.1-sol,high,fail,fail,,1031.544,2812662,0.8043128
r33,r33sol:bare,rails-ft-saas-billing,3,kogen-bench-eu,codex,gpt-6.1-sol,high,fail,fail,,812.233,2123602,0.6475096
r33,r33sol:bare,rails-ft-active-storage-tracking,1,kogen-bench-us,codex,gpt-6.1-sol,high,fail,fail,,1341.751,2654674,0.8071128000000001
r33,r33sol:bare,rails-ft-active-storage-tracking,2,kogen-bench-us,codex,gpt-6.1-sol,high,pass,pass,,1033.301,2337063,0.6863948000000001
r33,r33sol:bare,rails-ft-active-storage-tracking,3,kogen-bench-us,codex,gpt-6.1-sol,high,fail,fail,,1145.083,1806512,0.6581136
r33,r33sol:bare,rails-ft-activity-feed-api,1,kogen-bench-us,codex,gpt-6.1-sol,high,fail,fail,,403.598,974514,0.3079384
r33,r33sol:bare,rails-ft-activity-feed-api,2,kogen-bench-us,codex,gpt-6.1-sol,high,fail,fail,,395.495,965666,0.329092
r33,r33sol:bare,rails-ft-activity-feed-api,3,kogen-bench-us,codex,gpt-6.1-sol,high,fail,fail,,324.85,844734,0.297892
r33,r33sol:bare,rails-ft-board-publish-unpublish-public-boundary,1,kogen-bench-us,codex,gpt-6.1-sol,high,pass,pass,,781.536,2051943,0.643222
r33,r33sol:bare,rails-ft-board-publish-unpublish-public-boundary,2,kogen-bench-us,codex,gpt-6.1-sol,high,pass,pass,,614.186,1543639,0.47457720000000003
r33,r33sol:bare,rails-ft-board-publish-unpublish-public-boundary,3,kogen-bench-us,codex,gpt-6.1-sol,high,fail,fail,,410.344,856795,0.3160732
r33,r33sol:bare,rails-ft-cancelled-account-cleanup,1,kogen-bench-us,codex,gpt-6.1-sol,high,pass,pass,,347.688,842432,0.2946608
r33,r33sol:bare,rails-ft-cancelled-account-cleanup,2,kogen-bench-us,codex,gpt-6.1-sol,high,pass,pass,,344.685,936356,0.32458240000000005
r33,r33sol:bare,rails-ft-cancelled-account-cleanup,3,kogen-bench-us,codex,gpt-6.1-sol,high,pass,pass,,383.639,859900,0.31568959999999996
r33,r33sol:bare,rails-ft-entropy-sweep,1,kogen-bench-us,codex,gpt-6.1-sol,high,pass,pass,,397.33,746607,0.2774636
r33,r33sol:bare,rails-ft-entropy-sweep,2,kogen-bench-us,codex,gpt-6.1-sol,high,pass,pass,,931.707,2218833,0.5979251999999999
r33,r33sol:bare,rails-ft-entropy-sweep,3,kogen-bench-us,codex,gpt-6.1-sol,high,pass,pass,,385.912,848384,0.272104
r34,r34-elx07:agentic-lmax-review,elx-07-cli-stats,1,kogen-bench-us,kh-plan,gpt-6-luna,requested low (stage efforts not recovered),fail,fail,,201.665,,
r34,r34-elx07:agentic-lmax-review,elx-07-cli-stats,2,kogen-bench-us,kh-plan,gpt-6-luna,requested low (stage efforts not recovered),fail,fail,,394.136,,
r34,r34-elx07:agentic-lmax-review,elx-07-cli-stats,3,kogen-bench-us,kh-plan,gpt-6-luna,requested low (stage efforts not recovered),fail,fail,,274.476,,
r34,r34-elx07:agentic-lmax-review,elx-07-cli-stats,4,kogen-bench-us,kh-plan,gpt-6-luna,requested low (stage efforts not recovered),fail,fail,,272.984,,
r34,r34-elx07:agentic-lmax-review,elx-07-cli-stats,5,kogen-bench-us,kh-plan,gpt-6-luna,low,pass,pass,,572.872,153312,
r34,r34-elx12:agentic-lmax-review,elx-12-retry-api-deprecation,1,kogen-bench-eu,kh-plan,gpt-6-luna,requested low (stage efforts not recovered),fail,fail,,266.365,,
r34,r34-elx12:agentic-lmax-review,elx-12-retry-api-deprecation,2,kogen-bench-eu,kh-plan,gpt-6-luna,low,pass,pass,,630.796,161993,
r34,r34-elx12:agentic-lmax-review,elx-12-retry-api-deprecation,3,kogen-bench-eu,kh-plan,gpt-6-luna,requested low (stage efforts not recovered),fail,fail,,304.058,,
r34,r34-elx12:agentic-lmax-review,elx-12-retry-api-deprecation,4,kogen-bench-eu,kh-plan,gpt-6-luna,requested low (stage efforts not recovered),fail,fail,,304.548,,
r34,r34-elx12:agentic-lmax-review,elx-12-retry-api-deprecation,5,kogen-bench-eu,kh-plan,gpt-6-luna,requested low (stage efforts not recovered),fail,fail,,241.474,,
r36,r36-elx07:agentic30-repro-review-sol,elx-07-cli-stats,1,kogen-bench-us,kh-plan,gpt-6-luna,low,pass,pass,,557.203,148403,
r36,r36-elx07:agentic30-repro-review-sol,elx-07-cli-stats,2,kogen-bench-us,kh-plan,gpt-6-luna,low,pass,pass,,527.398,115025,
r36,r36-elx07:agentic30-repro-review-sol,elx-07-cli-stats,3,kogen-bench-us,kh-plan,gpt-6-luna,low,pass,pass,,693.291,240597,
r36,r36-elx07:cheapswarm-bo5-lunahigh,elx-07-cli-stats,1,kogen-bench-us,kh-plan,gpt-6-luna,low,fail,fail,,451.988,126968,
r36,r36-elx07:cheapswarm-bo5-lunahigh,elx-07-cli-stats,2,kogen-bench-us,kh-plan,gpt-6-luna,low,fail,fail,,427.049,55112,
r36,r36-elx07:cheapswarm-bo5-lunahigh,elx-07-cli-stats,3,kogen-bench-us,kh-plan,gpt-6-luna,low,fail,fail,,426.784,74156,
r36,r36-elx12:agentic30-repro-review-sol,elx-12-retry-api-deprecation,1,kogen-bench-eu,kh-plan,gpt-6-luna,low,pass,pass,,433.237,106737,
r36,r36-elx12:agentic30-repro-review-sol,elx-12-retry-api-deprecation,2,kogen-bench-eu,kh-plan,gpt-6-luna,low,pass,pass,,674.322,322840,
r36,r36-elx12:agentic30-repro-review-sol,elx-12-retry-api-deprecation,3,kogen-bench-eu,kh-plan,gpt-6-luna,low,fail,fail,,656.004,164143,
r36,r36-elx12:cheapswarm-bo5-lunahigh,elx-12-retry-api-deprecation,1,kogen-bench-eu,kh-plan,gpt-6-luna,low,fail,fail,,445.522,51581,
r36,r36-elx12:cheapswarm-bo5-lunahigh,elx-12-retry-api-deprecation,2,kogen-bench-eu,kh-plan,gpt-6-luna,low,fail,fail,,445.936,178530,
r36,r36-elx12:cheapswarm-bo5-lunahigh,elx-12-retry-api-deprecation,3,kogen-bench-eu,kh-plan,gpt-6-luna,low,fail,fail,,539.742,251529,
r36,r36-syn14:agentic30-repro-review-sol,syn-14-bug-sla-business-hours,1,kogen-bench-eu,kh-plan,gpt-6-luna,low,pass,pass,,382.64,186504,
r36,r36-syn14:agentic30-repro-review-sol,syn-14-bug-sla-business-hours,2,kogen-bench-eu,kh-plan,gpt-6-luna,low,pass,pass,,498.452,146243,
r36,r36-syn14:agentic30-repro-review-sol,syn-14-bug-sla-business-hours,3,kogen-bench-eu,kh-plan,gpt-6-luna,low,pass,pass,,436.192,156218,
r36,r36-syn14:cheapswarm-bo5-lunahigh,syn-14-bug-sla-business-hours,1,kogen-bench-eu,kh-plan,gpt-6-luna,low,pass,pass,,313.049,312185,
r36,r36-syn14:cheapswarm-bo5-lunahigh,syn-14-bug-sla-business-hours,2,kogen-bench-eu,kh-plan,gpt-6-luna,low,pass,fail,,457.799,401561,
r36,r36-syn14:cheapswarm-bo5-lunahigh,syn-14-bug-sla-business-hours,3,kogen-bench-eu,kh-plan,gpt-6-luna,low,pass,pass,,395.023,481717,
r37,r37-elx07:contract-review-sol,elx-07-cli-stats,1,kogen-bench-us,kh-plan,gpt-6-luna,requested low (stage efforts not recovered),fail,fail,,458.936,,
r37,r37-elx07:contract-review-sol,elx-07-cli-stats,2,kogen-bench-us,kh-plan,gpt-6-luna,requested low (stage efforts not recovered),fail,fail,,470.809,,
r37,r37-elx07:contract-review-sol,elx-07-cli-stats,3,kogen-bench-us,kh-plan,gpt-6-luna,requested low (stage efforts not recovered),fail,fail,,543.691,,
r37,r37-elx07:contract-review-sol,elx-07-cli-stats,4,kogen-bench-us,kh-plan,gpt-6-luna,requested low (stage efforts not recovered),fail,fail,,454.674,,
r37,r37-elx07:contract-review-sol,elx-07-cli-stats,5,kogen-bench-us,kh-plan,gpt-6-luna,requested low (stage efforts not recovered),fail,fail,,463.867,,
r37,r37-elx07:debate-packplan-review,elx-07-cli-stats,1,kogen-bench-us,kh-plan,gpt-6-luna,low,pass,pass,,707.386,75762,
r37,r37-elx07:debate-packplan-review,elx-07-cli-stats,2,kogen-bench-us,kh-plan,gpt-6-luna,low,pass,pass,,668.604,142507,
r37,r37-elx07:debate-packplan-review,elx-07-cli-stats,3,kogen-bench-us,kh-plan,gpt-6-luna,low,fail,fail,,691.756,45319,
r37,r37-elx07:debate-packplan-review,elx-07-cli-stats,4,kogen-bench-us,kh-plan,gpt-6-luna,requested low (stage efforts not recovered),fail,fail,,514.569,,
r37,r37-elx07:debate-packplan-review,elx-07-cli-stats,5,kogen-bench-us,kh-plan,gpt-6-luna,requested low (stage efforts not recovered),fail,fail,,515.156,,
r37c,r37c-elx07:contract-review-sol,elx-07-cli-stats,1,kogen-bench-us,kh-plan,gpt-6-luna,low,fail,fail,,568.746,100705,
r37c,r37c-elx07:contract-review-sol,elx-07-cli-stats,2,kogen-bench-us,kh-plan,gpt-6-luna,low,pass,pass,,574.557,87014,
r37c,r37c-elx07:contract-review-sol,elx-07-cli-stats,3,kogen-bench-us,kh-plan,gpt-6-luna,low,pass,pass,,627.77,138886,
r37c,r37c-elx07:contract-review-sol,elx-07-cli-stats,4,kogen-bench-us,kh-plan,gpt-6-luna,low,pass,pass,,598.728,98131,
r37c,r37c-elx07:contract-review-sol,elx-07-cli-stats,5,kogen-bench-us,kh-plan,gpt-6-luna,low,pass,pass,,709.427,102388,
r37,r37reg-aj:contract-review-sol,rails-aj-enqueue-after-commit,1,kogen-bench-us,kh-plan,gpt-6-luna,requested low (stage efforts not recovered),fail,fail,,465.031,,
r37,r37reg-aj:contract-review-sol,rails-aj-enqueue-after-commit,2,kogen-bench-us,kh-plan,gpt-6-luna,requested low (stage efforts not recovered),fail,fail,,493.74,,
r37,r37reg-aj:contract-review-sol,rails-aj-enqueue-after-commit,3,kogen-bench-us,kh-plan,gpt-6-luna,requested low (stage efforts not recovered),fail,fail,,482.556,,
r37,r37reg-aj:debate-packplan-review,rails-aj-enqueue-after-commit,1,kogen-bench-us,kh-plan,gpt-6-luna,low,pass,pass,,720.662,76526,
r37,r37reg-aj:debate-packplan-review,rails-aj-enqueue-after-commit,2,kogen-bench-us,kh-plan,gpt-6-luna,low,pass,pass,,746.543,56798,
r37,r37reg-aj:debate-packplan-review,rails-aj-enqueue-after-commit,3,kogen-bench-us,kh-plan,gpt-6-luna,low,pass,pass,,671.118,125330,
r37,r37reg-arch:contract-review-sol,rails-ar-archive-book-access,1,kogen-bench-us,kh-plan,gpt-6-luna,requested low (stage efforts not recovered),fail,fail,,351.387,,
r37,r37reg-arch:contract-review-sol,rails-ar-archive-book-access,2,kogen-bench-us,kh-plan,gpt-6-luna,requested low (stage efforts not recovered),fail,fail,,381.505,,
r37,r37reg-arch:contract-review-sol,rails-ar-archive-book-access,3,kogen-bench-us,kh-plan,gpt-6-luna,requested low (stage efforts not recovered),fail,fail,,374.207,,
r37,r37reg-arch:debate-packplan-review,rails-ar-archive-book-access,1,kogen-bench-us,kh-plan,gpt-6-luna,low,pass,pass,,710.6,59327,
r37,r37reg-arch:debate-packplan-review,rails-ar-archive-book-access,2,kogen-bench-us,kh-plan,gpt-6-luna,low,pass,pass,,715.46,85642,
r37,r37reg-arch:debate-packplan-review,rails-ar-archive-book-access,3,kogen-bench-us,kh-plan,gpt-6-luna,low,pass,pass,,611.241,130797,
r37,r37reg-sup:contract-review-sol,rails-sup-legacy-conversions,1,kogen-bench-eu,kh-plan,gpt-6-luna,requested low (stage efforts not recovered),fail,fail,,444.313,,
r37,r37reg-sup:contract-review-sol,rails-sup-legacy-conversions,2,kogen-bench-eu,kh-plan,gpt-6-luna,requested low (stage efforts not recovered),fail,fail,,455.449,,
r37,r37reg-sup:contract-review-sol,rails-sup-legacy-conversions,3,kogen-bench-eu,kh-plan,gpt-6-luna,requested low (stage efforts not recovered),fail,fail,,408.613,,
r37,r37reg-sup:debate-packplan-review,rails-sup-legacy-conversions,1,kogen-bench-eu,kh-plan,gpt-6-luna,low,pass,pass,,832.531,131960,
r37,r37reg-sup:debate-packplan-review,rails-sup-legacy-conversions,2,kogen-bench-eu,kh-plan,gpt-6-luna,low,pass,pass,,612.949,84653,
r37,r37reg-sup:debate-packplan-review,rails-sup-legacy-conversions,3,kogen-bench-eu,kh-plan,gpt-6-luna,low,pass,pass,,683.934,111747,
r37,r37reg-syn14:contract-review-sol,syn-14-bug-sla-business-hours,1,kogen-bench-eu,kh-plan,gpt-6-luna,requested low (stage efforts not recovered),fail,fail,,362.359,,
r37,r37reg-syn14:contract-review-sol,syn-14-bug-sla-business-hours,2,kogen-bench-eu,kh-plan,gpt-6-luna,requested low (stage efforts not recovered),fail,fail,,396.488,,
r37,r37reg-syn14:contract-review-sol,syn-14-bug-sla-business-hours,3,kogen-bench-eu,kh-plan,gpt-6-luna,requested low (stage efforts not recovered),fail,fail,,402.385,,
r37,r37reg-syn14:debate-packplan-review,syn-14-bug-sla-business-hours,1,kogen-bench-eu,kh-plan,gpt-6-luna,low,pass,pass,,538.497,71737,
r37,r37reg-syn14:debate-packplan-review,syn-14-bug-sla-business-hours,2,kogen-bench-eu,kh-plan,gpt-6-luna,low,pass,pass,,621.646,151024,
r37,r37reg-syn14:debate-packplan-review,syn-14-bug-sla-business-hours,3,kogen-bench-eu,kh-plan,gpt-6-luna,low,pass,pass,,454.794,139469,
r3,r3aj:bare,rails-aj-enqueue-after-commit,1,kogen-bench-eu,kh-fac,gpt-6-luna,low,fail,fail,,418.876,91727,
r3,r3aj:bare,rails-aj-enqueue-after-commit,2,kogen-bench-eu,kh-fac,gpt-6-luna,low,fail,fail,,493.067,48187,
r3,r3aj:bare,rails-aj-enqueue-after-commit,3,kogen-bench-eu,kh-fac,gpt-6-luna,low,fail,fail,,241.66,34378,
r3,r3aj:k-nocontext,rails-aj-enqueue-after-commit,1,kogen-bench-eu,kh-fac,gpt-6-luna,low,fail,fail,,581.207,102647,
r3,r3aj:k-nocontext,rails-aj-enqueue-after-commit,2,kogen-bench-eu,kh-fac,gpt-6-luna,low,pass,pass,,282.473,41290,
r3,r3aj:k-nocontext,rails-aj-enqueue-after-commit,3,kogen-bench-eu,kh-fac,gpt-6-luna,low,fail,fail,,11.406,17936,
r3,r3aj:m-p04+p17,rails-aj-enqueue-after-commit,1,kogen-bench-eu,kh-fac,gpt-6-luna,low,fail,fail,,635.115,139560,
r3,r3aj:m-p04+p17,rails-aj-enqueue-after-commit,2,kogen-bench-eu,kh-fac,gpt-6-luna,low,fail,fail,,297.554,97954,
r3,r3aj:m-p04+p17,rails-aj-enqueue-after-commit,3,kogen-bench-eu,kh-fac,gpt-6-luna,low,pass,pass,,153.52,64541,
r3,r3aj:m-p09+p10,rails-aj-enqueue-after-commit,1,kogen-bench-eu,kh-fac,gpt-6-luna,low,pass,pass,,617.732,65422,
r3,r3aj:m-p09+p10,rails-aj-enqueue-after-commit,2,kogen-bench-eu,kh-fac,gpt-6-luna,low,pass,pass,,312.013,87393,
r3,r3aj:m-p09+p10,rails-aj-enqueue-after-commit,3,kogen-bench-eu,kh-fac,gpt-6-luna,low,pass,pass,,80.003,85761,
r3,r3aj:p09,rails-aj-enqueue-after-commit,1,kogen-bench-eu,kh-fac,gpt-6-luna,low,pass,pass,,610.614,71496,
r3,r3aj:p09,rails-aj-enqueue-after-commit,2,kogen-bench-eu,kh-fac,gpt-6-luna,low,fail,fail,,571.951,75256,
r3,r3aj:p09,rails-aj-enqueue-after-commit,3,kogen-bench-eu,kh-fac,gpt-6-luna,low,fail,fail,,42.009,31743,
r3,r3aj:p11,rails-aj-enqueue-after-commit,1,kogen-bench-eu,kh-fac,gpt-6-luna,low,pass,pass,,645.322,85659,
r3,r3aj:p11,rails-aj-enqueue-after-commit,2,kogen-bench-eu,kh-fac,gpt-6-luna,low,pass,pass,,632.885,87432,
r3,r3aj:p11,rails-aj-enqueue-after-commit,3,kogen-bench-eu,kh-fac,gpt-6-luna,low,pass,pass,,370.638,129576,
r3,r3aj:p12,rails-aj-enqueue-after-commit,1,kogen-bench-eu,kh-fac,gpt-6-luna,low,pass,pass,,589.102,40141,
r3,r3aj:p12,rails-aj-enqueue-after-commit,2,kogen-bench-eu,kh-fac,gpt-6-luna,low,pass,pass,,573.615,42585,
r3,r3aj:p12,rails-aj-enqueue-after-commit,3,kogen-bench-eu,kh-fac,gpt-6-luna,low,pass,pass,,337.201,186170,
r3,r3aj:p13,rails-aj-enqueue-after-commit,1,kogen-bench-eu,kh-fac,gpt-6-luna,low,fail,fail,,475.089,102962,
r3,r3aj:p13,rails-aj-enqueue-after-commit,2,kogen-bench-eu,kh-fac,gpt-6-luna,low,fail,fail,,534.212,59735,
r3,r3aj:p13,rails-aj-enqueue-after-commit,3,kogen-bench-eu,kh-fac,gpt-6-luna,low,fail,fail,,361.929,45556,
r3,r3aj:p14,rails-aj-enqueue-after-commit,1,kogen-bench-eu,kh-fac,gpt-6-luna,low,pass,pass,,599.683,44107,
r3,r3aj:p14,rails-aj-enqueue-after-commit,2,kogen-bench-eu,kh-fac,gpt-6-luna,low,fail,fail,,567.187,64471,
r3,r3aj:p14,rails-aj-enqueue-after-commit,3,kogen-bench-eu,kh-fac,gpt-6-luna,low,fail,fail,,367.531,52490,
r3,r3aj:p15,rails-aj-enqueue-after-commit,1,kogen-bench-eu,kh-fac,gpt-6-luna,low,pass,pass,,613.505,63408,
r3,r3aj:p15,rails-aj-enqueue-after-commit,2,kogen-bench-eu,kh-fac,gpt-6-luna,low,fail,fail,,544.192,54643,
r3,r3aj:p15,rails-aj-enqueue-after-commit,3,kogen-bench-eu,kh-fac,gpt-6-luna,low,fail,fail,,198.105,77014,
r3,r3aj:p16,rails-aj-enqueue-after-commit,1,kogen-bench-eu,kh-fac,gpt-6-luna,low,pass,pass,,619.59,57334,
r3,r3aj:p16,rails-aj-enqueue-after-commit,2,kogen-bench-eu,kh-fac,gpt-6-luna,low,pass,pass,,248.453,39623,
r3,r3aj:p16,rails-aj-enqueue-after-commit,3,kogen-bench-eu,kh-fac,gpt-6-luna,low,pass,pass,,267.049,46216,
r3,r3aj:p17,rails-aj-enqueue-after-commit,1,kogen-bench-eu,kh-fac,gpt-6-luna,low,fail,fail,,612.412,85876,
r3,r3aj:p17,rails-aj-enqueue-after-commit,2,kogen-bench-eu,kh-fac,gpt-6-luna,low,pass,pass,,222.474,47833,
r3,r3aj:p17,rails-aj-enqueue-after-commit,3,kogen-bench-eu,kh-fac,gpt-6-luna,low,pass,pass,,203.982,62750,
r3,r3aj:p18,rails-aj-enqueue-after-commit,1,kogen-bench-eu,kh-fac,gpt-6-luna,low,pass,pass,,599.864,36099,
r3,r3aj:p18,rails-aj-enqueue-after-commit,2,kogen-bench-eu,kh-fac,gpt-6-luna,low,pass,pass,,181.801,42789,
r3,r3aj:p18,rails-aj-enqueue-after-commit,3,kogen-bench-eu,kh-fac,gpt-6-luna,low,pass,pass,,94.172,87634,
r3,r3aj:p19,rails-aj-enqueue-after-commit,1,kogen-bench-eu,kh-fac,gpt-6-luna,low,fail,fail,,602.703,113741,
r3,r3aj:p19,rails-aj-enqueue-after-commit,2,kogen-bench-eu,kh-fac,gpt-6-luna,low,fail,fail,,246.808,75764,
r3,r3aj:p19,rails-aj-enqueue-after-commit,3,kogen-bench-eu,kh-fac,gpt-6-luna,low,pass,pass,,180.59,72227,
r3,r3aj:p20,rails-aj-enqueue-after-commit,1,kogen-bench-eu,kh-fac,gpt-6-luna,low,pass,pass,,608.448,74507,
r3,r3aj:p20,rails-aj-enqueue-after-commit,2,kogen-bench-eu,kh-fac,gpt-6-luna,low,pass,pass,,295.55,44804,
r3,r3aj:p20,rails-aj-enqueue-after-commit,3,kogen-bench-eu,kh-fac,gpt-6-luna,low,pass,pass,,115.183,41793,
r3,r3aj:w2+p17,rails-aj-enqueue-after-commit,1,kogen-bench-eu,kh-fac,gpt-6-luna,low,pass,pass,,585.892,52953,
r3,r3aj:w2+p17,rails-aj-enqueue-after-commit,2,kogen-bench-eu,kh-fac,gpt-6-luna,low,pass,pass,,538.483,107452,
r3,r3aj:w2+p17,rails-aj-enqueue-after-commit,3,kogen-bench-eu,kh-fac,gpt-6-luna,low,fail,fail,,267.895,88379,
r3,r3aj:bare,rails-aj-enqueue-after-commit,1,kogen-bench-us,kh-fac,gpt-6-luna,low,fail,fail,,806.399,35372,
r3,r3aj:bare,rails-aj-enqueue-after-commit,2,kogen-bench-us,kh-fac,gpt-6-luna,low,fail,fail,,865.637,111852,
r3,r3aj:bare,rails-aj-enqueue-after-commit,3,kogen-bench-us,kh-fac,gpt-6-luna,low,fail,fail,,170.244,25735,
r3,r3aj:k-turns200,rails-aj-enqueue-after-commit,1,kogen-bench-us,kh-fac,gpt-6-luna,low,fail,fail,,850.276,49508,
r3,r3aj:k-turns200,rails-aj-enqueue-after-commit,2,kogen-bench-us,kh-fac,gpt-6-luna,low,fail,fail,,211.622,38211,
r3,r3aj:k-turns200,rails-aj-enqueue-after-commit,3,kogen-bench-us,kh-fac,gpt-6-luna,low,fail,fail,,260.675,32049,
r3,r3aj:p01,rails-aj-enqueue-after-commit,1,kogen-bench-us,kh-fac,gpt-6-luna,low,fail,fail,,980.916,108706,
r3,r3aj:p01,rails-aj-enqueue-after-commit,2,kogen-bench-us,kh-fac,gpt-6-luna,low,fail,fail,,250.74,69168,
r3,r3aj:p01,rails-aj-enqueue-after-commit,3,kogen-bench-us,kh-fac,gpt-6-luna,low,fail,fail,,151.886,110737,
r3,r3aj:p02,rails-aj-enqueue-after-commit,1,kogen-bench-us,kh-fac,gpt-6-luna,low,fail,fail,,881.052,77523,
r3,r3aj:p02,rails-aj-enqueue-after-commit,2,kogen-bench-us,kh-fac,gpt-6-luna,low,pass,pass,,235.706,39941,
r3,r3aj:p02,rails-aj-enqueue-after-commit,3,kogen-bench-us,kh-fac,gpt-6-luna,low,fail,fail,,139.369,36907,
r3,r3aj:p03,rails-aj-enqueue-after-commit,1,kogen-bench-us,kh-fac,gpt-6-luna,low,fail,fail,,872.581,35308,
r3,r3aj:p03,rails-aj-enqueue-after-commit,2,kogen-bench-us,kh-fac,gpt-6-luna,low,pass,pass,,219.574,37563,
r3,r3aj:p03,rails-aj-enqueue-after-commit,3,kogen-bench-us,kh-fac,gpt-6-luna,low,fail,fail,,101.497,56694,
r3,r3aj:p04,rails-aj-enqueue-after-commit,1,kogen-bench-us,kh-fac,gpt-6-luna,low,pass,pass,,915.397,80876,
r3,r3aj:p04,rails-aj-enqueue-after-commit,2,kogen-bench-us,kh-fac,gpt-6-luna,low,fail,fail,,227.4,88075,
r3,r3aj:p04,rails-aj-enqueue-after-commit,3,kogen-bench-us,kh-fac,gpt-6-luna,low,fail,fail,,119.131,39033,
r3,r3aj:p05,rails-aj-enqueue-after-commit,1,kogen-bench-us,kh-fac,gpt-6-luna,low,fail,fail,,885.056,27218,
r3,r3aj:p05,rails-aj-enqueue-after-commit,2,kogen-bench-us,kh-fac,gpt-6-luna,low,fail,fail,,228.391,63498,
r3,r3aj:p05,rails-aj-enqueue-after-commit,3,kogen-bench-us,kh-fac,gpt-6-luna,low,pass,pass,,148.232,58190,
r3,r3aj:p06,rails-aj-enqueue-after-commit,1,kogen-bench-us,kh-fac,gpt-6-luna,low,fail,fail,,896.48,48779,
r3,r3aj:p06,rails-aj-enqueue-after-commit,2,kogen-bench-us,kh-fac,gpt-6-luna,low,fail,fail,,184.461,61017,
r3,r3aj:p06,rails-aj-enqueue-after-commit,3,kogen-bench-us,kh-fac,gpt-6-luna,low,pass,pass,,133.539,75655,
r3,r3aj:p07,rails-aj-enqueue-after-commit,1,kogen-bench-us,kh-fac,gpt-6-luna,low,fail,fail,,892.322,81169,
r3,r3aj:p07,rails-aj-enqueue-after-commit,2,kogen-bench-us,kh-fac,gpt-6-luna,low,pass,pass,,178.571,67379,
r3,r3aj:p07,rails-aj-enqueue-after-commit,3,kogen-bench-us,kh-fac,gpt-6-luna,low,fail,fail,,138.291,110262,
r3,r3aj:p08,rails-aj-enqueue-after-commit,1,kogen-bench-us,kh-fac,gpt-6-luna,low,pass,pass,,936.777,56268,
r3,r3aj:p08,rails-aj-enqueue-after-commit,2,kogen-bench-us,kh-fac,gpt-6-luna,low,fail,fail,,44.94,20562,
r3,r3aj:p08,rails-aj-enqueue-after-commit,3,kogen-bench-us,kh-fac,gpt-6-luna,low,fail,fail,,96.7,36157,
r3,r3aj:p10,rails-aj-enqueue-after-commit,1,kogen-bench-us,kh-fac,gpt-6-luna,low,fail,fail,,970.854,121121,
r3,r3aj:p10,rails-aj-enqueue-after-commit,2,kogen-bench-us,kh-fac,gpt-6-luna,low,pass,pass,,430.545,96717,
r3,r3aj:p10,rails-aj-enqueue-after-commit,3,kogen-bench-us,kh-fac,gpt-6-luna,low,pass,pass,,119.417,79344,
r3,r3aj:w1+w2,rails-aj-enqueue-after-commit,1,kogen-bench-us,kh-fac,gpt-6-luna,low,fail,fail,,1079.402,66335,
r3,r3aj:w1+w2,rails-aj-enqueue-after-commit,2,kogen-bench-us,kh-fac,gpt-6-luna,low,fail,fail,,578.1,41794,
r3,r3aj:w1+w2,rails-aj-enqueue-after-commit,3,kogen-bench-us,kh-fac,gpt-6-luna,low,pass,pass,,436.603,82996,
r3,r3aj:w1,rails-aj-enqueue-after-commit,1,kogen-bench-us,kh-fac,gpt-6-luna,low,fail,fail,,1191.397,22834,
r3,r3aj:w1,rails-aj-enqueue-after-commit,2,kogen-bench-us,kh-fac,gpt-6-luna,low,fail,fail,,1054.975,36654,
r3,r3aj:w1,rails-aj-enqueue-after-commit,3,kogen-bench-us,kh-fac,gpt-6-luna,low,pass,pass,,513.841,45091,
r3,r3aj:w2,rails-aj-enqueue-after-commit,1,kogen-bench-us,kh-fac,gpt-6-luna,low,fail,fail,,876.701,65456,
r3,r3aj:w2,rails-aj-enqueue-after-commit,2,kogen-bench-us,kh-fac,gpt-6-luna,low,pass,pass,,231.621,70981,
r3,r3aj:w2,rails-aj-enqueue-after-commit,3,kogen-bench-us,kh-fac,gpt-6-luna,low,fail,fail,,173.439,38912,
r40,r40-elx07:agentic-contract-exec-sol,elx-07-cli-stats,1,kogen-bench-us,kh-plan,gpt-6-luna,low,pass,pass,,867.091,135451,
r40,r40-elx07:agentic-contract-exec-sol,elx-07-cli-stats,2,kogen-bench-us,kh-plan,gpt-6-luna,low,pass,pass,,731.287,100853,
r40,r40-elx07:agentic-contract-exec-sol,elx-07-cli-stats,3,kogen-bench-us,kh-plan,gpt-6-luna,low,pass,pass,,787.86,156389,
r40,r40-elx12:agentic-contract-exec-sol,elx-12-retry-api-deprecation,1,kogen-bench-eu,kh-plan,gpt-6-luna,low,pass,pass,,815.353,113049,
r40,r40-elx12:agentic-contract-exec-sol,elx-12-retry-api-deprecation,2,kogen-bench-eu,kh-plan,gpt-6-luna,low,fail,fail,,827.077,183879,
r40,r40-elx12:agentic-contract-exec-sol,elx-12-retry-api-deprecation,3,kogen-bench-eu,kh-plan,gpt-6-luna,low,pass,pass,,793.459,88089,
r41,r41-elx07:agentic30-execreview-lmax,elx-07-cli-stats,1,kogen-bench-us,kh-plan,gpt-6-luna,low,fail,fail,,1138.258,199866,
r41,r41-elx07:agentic30-execreview-lmax,elx-07-cli-stats,2,kogen-bench-us,kh-plan,gpt-6-luna,low,fail,fail,,1271.17,73763,
r41,r41-elx07:agentic30-execreview-lmax,elx-07-cli-stats,3,kogen-bench-us,kh-plan,gpt-6-luna,low,pass,pass,,1211.002,365474,
r41,r41-elx07:agentic30-execreview-lmax,elx-07-cli-stats,4,kogen-bench-us,kh-plan,gpt-6-luna,low,fail,fail,,830.208,103183,
r41,r41-elx07:agentic30-execreview-lmax,elx-07-cli-stats,5,kogen-bench-us,kh-plan,gpt-6-luna,low,pass,fail,,1234.197,99964,
r41,r41-elx12:agentic30-execreview-lmax,elx-12-retry-api-deprecation,1,kogen-bench-eu,kh-plan,gpt-6-luna,low,pass,pass,,944.383,85829,
r41,r41-elx12:agentic30-execreview-lmax,elx-12-retry-api-deprecation,2,kogen-bench-eu,kh-plan,gpt-6-luna,low,fail,fail,,861.32,128409,
r41,r41-elx12:agentic30-execreview-lmax,elx-12-retry-api-deprecation,3,kogen-bench-eu,kh-plan,gpt-6-luna,low,pass,pass,,827.789,99987,
r41,r41-elx12:agentic30-execreview-lmax,elx-12-retry-api-deprecation,4,kogen-bench-eu,kh-plan,gpt-6-luna,requested low (stage efforts not recovered),fail,fail,,1146.276,,
r41,r41-elx12:agentic30-execreview-lmax,elx-12-retry-api-deprecation,5,kogen-bench-eu,kh-plan,gpt-6-luna,low,fail,fail,,876.029,125571,
r42,r42-ftboard:agentic-contract-exec-sol,rails-ft-board-publish-unpublish-public-boundary,1,kogen-bench-us,kh-plan,gpt-6-luna,low,fail,fail,,1352.046,1123494,
r42,r42-ftboard:agentic-contract-exec-sol,rails-ft-board-publish-unpublish-public-boundary,2,kogen-bench-us,kh-plan,gpt-6-luna,low,pass,fail,,1311.76,830691,
r42,r42-ftboard:agentic-contract-exec-sol,rails-ft-board-publish-unpublish-public-boundary,3,kogen-bench-us,kh-plan,gpt-6-luna,low,fail,fail,,1172.674,980759,
r42,r42-ftcancel:agentic-contract-exec-sol,rails-ft-cancelled-account-cleanup,1,kogen-bench-us,kh-plan,gpt-6-luna,low,fail,fail,,1064.393,271465,
r42,r42-ftcancel:agentic-contract-exec-sol,rails-ft-cancelled-account-cleanup,2,kogen-bench-us,kh-plan,gpt-6-luna,low,fail,fail,,1206.363,452681,
r42,r42-ftcancel:agentic-contract-exec-sol,rails-ft-cancelled-account-cleanup,3,kogen-bench-us,kh-plan,gpt-6-luna,requested low (stage efforts not recovered),fail,fail,,962.857,,
r42,r42-ftentropy:agentic-contract-exec-sol,rails-ft-entropy-sweep,1,kogen-bench-eu,kh-plan,gpt-6-luna,low,pass,fail,,1389.275,159434,
r42,r42-ftentropy:agentic-contract-exec-sol,rails-ft-entropy-sweep,2,kogen-bench-eu,kh-plan,gpt-6-luna,low,pass,pass,,1086.784,311809,
r42,r42-ftentropy:agentic-contract-exec-sol,rails-ft-entropy-sweep,3,kogen-bench-eu,kh-plan,gpt-6-luna,low,pass,pass,,1216.818,373401,
r42,r42-ftmysql:agentic-contract-exec-sol,rails-ft-mysql-fulltext-search-foundation,1,kogen-bench-eu,kh-plan,gpt-6-luna,low,fail,fail,,1330.006,993688,
r42,r42-ftmysql:agentic-contract-exec-sol,rails-ft-mysql-fulltext-search-foundation,2,kogen-bench-eu,kh-plan,gpt-6-luna,low,pass,fail,,1193.551,228439,
r42,r42-ftmysql:agentic-contract-exec-sol,rails-ft-mysql-fulltext-search-foundation,3,kogen-bench-eu,kh-plan,gpt-6-luna,low,pass,pass,,1187.206,382009,
r44,r44-ftfeed:maxbundle-hybrid,rails-ft-activity-feed-api,1,kogen-bench-eu,kh-plan,gpt-6-luna,low,fail,fail,,1734.373,336179,
r44,r44-ftfeed:maxbundle-hybrid,rails-ft-activity-feed-api,2,kogen-bench-eu,kh-plan,gpt-6-luna,low,fail,fail,,1686.48,295403,
r44,r44-ftfeed:maxbundle-hybrid,rails-ft-activity-feed-api,3,kogen-bench-eu,kh-plan,gpt-6-luna,low,fail,fail,,2044.226,390481,
r44,r44-fti18n:maxbundle-hybrid,rails-ft-i18n-support,1,kogen-bench-us,kh-plan,gpt-6-luna,low,fail,fail,,2677.408,229150,
r44,r44-fti18n:maxbundle-hybrid,rails-ft-i18n-support,2,kogen-bench-us,kh-plan,gpt-6-luna,low,fail,fail,,2253.683,50831,
r44,r44-fti18n:maxbundle-hybrid,rails-ft-i18n-support,3,kogen-bench-us,kh-plan,gpt-6-luna,low,fail,fail,,2257.325,484996,
r44,r44-ftnotif:maxbundle-hybrid,rails-ft-notification-bundle-window-overlap,1,kogen-bench-us,kh-plan,gpt-6-luna,low,fail,fail,,1989.73,533740,
r44,r44-ftnotif:maxbundle-hybrid,rails-ft-notification-bundle-window-overlap,2,kogen-bench-us,kh-plan,gpt-6-luna,low,fail,fail,,1987.664,475601,
r44,r44-ftnotif:maxbundle-hybrid,rails-ft-notification-bundle-window-overlap,3,kogen-bench-us,kh-plan,gpt-6-luna,low,fail,fail,,2016.848,324974,
r44,r44-ftsaas:maxbundle-hybrid,rails-ft-saas-billing,1,kogen-bench-eu,kh-plan,gpt-6-luna,low,fail,fail,,2490.04,1895543,
r44,r44-ftsaas:maxbundle-hybrid,rails-ft-saas-billing,2,kogen-bench-eu,kh-plan,gpt-6-luna,low,fail,fail,,2370.127,1194537,
r44,r44-ftsaas:maxbundle-hybrid,rails-ft-saas-billing,3,kogen-bench-eu,kh-plan,gpt-6-luna,low,fail,fail,,2154.539,934667,
r45,r45-eu-elx12:route-v3,elx-12-retry-api-deprecation,1,kogen-bench-eu,kh-plan,gpt-6-luna,low,pass,pass,,1000.446,245841,
r45,r45-eu-elx12:route-v3,elx-12-retry-api-deprecation,2,kogen-bench-eu,kh-plan,gpt-6-luna,low,pass,pass,,1029.028,227221,
r45,r45-eu-elx12:route-v3,elx-12-retry-api-deprecation,3,kogen-bench-eu,kh-plan,gpt-6-luna,low,pass,pass,,732.988,194527,
r45,r45-eu-syn13:route-v3,syn-13-bug-empty-filter-crash,1,kogen-bench-eu,kh-plan,gpt-6-luna,low,pass,pass,,308.765,270946,
r45,r45-eu-syn13:route-v3,syn-13-bug-empty-filter-crash,2,kogen-bench-eu,kh-plan,gpt-6-luna,low,pass,pass,,362.969,248873,
r45,r45-eu-syn13:route-v3,syn-13-bug-empty-filter-crash,3,kogen-bench-eu,kh-plan,gpt-6-luna,low,pass,pass,,336.044,268717,
r45,r45-eu-syn14:route-v3,syn-14-bug-sla-business-hours,1,kogen-bench-eu,kh-plan,gpt-6-luna,low,pass,pass,,44.297,68632,
r45,r45-eu-syn14:route-v3,syn-14-bug-sla-business-hours,2,kogen-bench-eu,kh-plan,gpt-6-luna,low,pass,pass,,64.691,67532,
r45,r45-eu-syn14:route-v3,syn-14-bug-sla-business-hours,3,kogen-bench-eu,kh-plan,gpt-6-luna,low,pass,pass,,70.87,58448,
r45,r45-us-elx05:route-v3,elx-05-cache-single-flight,1,kogen-bench-us,kh-plan,gpt-6-luna,low,pass,pass,,181.49,112113,
r45,r45-us-elx05:route-v3,elx-05-cache-single-flight,2,kogen-bench-us,kh-plan,gpt-6-luna,low,pass,pass,,99.865,27943,
r45,r45-us-elx05:route-v3,elx-05-cache-single-flight,3,kogen-bench-us,kh-plan,gpt-6-luna,low,pass,pass,,374.74,444445,
r45,r45-us-elx07:route-v3,elx-07-cli-stats,1,kogen-bench-us,kh-plan,gpt-6-luna,low,pass,pass,,633.891,319812,
r45,r45-us-elx07:route-v3,elx-07-cli-stats,2,kogen-bench-us,kh-plan,gpt-6-luna,low,pass,pass,,603.151,208875,
r45,r45-us-elx07:route-v3,elx-07-cli-stats,3,kogen-bench-us,kh-plan,gpt-6-luna,low,pass,pass,,708.956,290808,
r46,r46-eu-elx12:route-cascade,elx-12-retry-api-deprecation,1,kogen-bench-eu,kh-plan,gpt-6-luna,low,pass,pass,,331.084,36302,
r46,r46-eu-elx12:route-cascade,elx-12-retry-api-deprecation,2,kogen-bench-eu,kh-plan,gpt-6-luna,low,pass,pass,,190.787,42298,
r46,r46-eu-elx12:route-cascade,elx-12-retry-api-deprecation,3,kogen-bench-eu,kh-plan,gpt-6-luna,low,pass,pass,,155.576,40862,
r46,r46-eu-syn13:route-cascade,syn-13-bug-empty-filter-crash,1,kogen-bench-eu,kh-plan,gpt-6-luna,low,pass,pass,,313.379,111281,
r46,r46-eu-syn13:route-cascade,syn-13-bug-empty-filter-crash,2,kogen-bench-eu,kh-plan,gpt-6-luna,low,pass,pass,,311.199,88803,
r46,r46-eu-syn13:route-cascade,syn-13-bug-empty-filter-crash,3,kogen-bench-eu,kh-plan,gpt-6-luna,low,pass,pass,,317.362,123834,
r46,r46-eu-syn14:route-cascade,syn-14-bug-sla-business-hours,1,kogen-bench-eu,kh-plan,gpt-6-luna,low,pass,pass,,131.997,68067,
r46,r46-eu-syn14:route-cascade,syn-14-bug-sla-business-hours,2,kogen-bench-eu,kh-plan,gpt-6-luna,low,pass,pass,,109.039,58381,
r46,r46-eu-syn14:route-cascade,syn-14-bug-sla-business-hours,3,kogen-bench-eu,kh-plan,gpt-6-luna,low,pass,pass,,108.854,67514,
r46,r46-us-elx05:route-cascade,elx-05-cache-single-flight,1,kogen-bench-us,kh-plan,gpt-6-luna,low,fail,fail,,419.432,47420,
r46,r46-us-elx05:route-cascade,elx-05-cache-single-flight,2,kogen-bench-us,kh-plan,gpt-6-luna,low,pass,pass,,119.655,38818,
r46,r46-us-elx05:route-cascade,elx-05-cache-single-flight,3,kogen-bench-us,kh-plan,gpt-6-luna,low,pass,pass,,122.53,28279,
r46,r46-us-elx07:route-cascade,elx-07-cli-stats,1,kogen-bench-us,kh-plan,gpt-6-luna,low,fail,fail,,389.693,87630,
r46,r46-us-elx07:route-cascade,elx-07-cli-stats,2,kogen-bench-us,kh-plan,gpt-6-luna,low,fail,fail,,398.227,61803,
r46,r46-us-elx07:route-cascade,elx-07-cli-stats,3,kogen-bench-us,kh-plan,gpt-6-luna,low,fail,fail,,352.254,106716,
r47,r47-elx05:route-jev,elx-05-cache-single-flight,1,kogen-bench-us,kh-plan,gpt-6-luna,low,pass,pass,,117.501,57020,
r47,r47-elx05:route-jev,elx-05-cache-single-flight,2,kogen-bench-us,kh-plan,gpt-6-luna,low,pass,pass,,194.648,126614,
r47,r47-elx05:route-jev,elx-05-cache-single-flight,3,kogen-bench-us,kh-plan,gpt-6-luna,low,pass,pass,,61.305,29959,
r47,r47-elx07:route-jev,elx-07-cli-stats,1,kogen-bench-us,kh-plan,gpt-6-luna,low,pass,pass,,578.889,109154,
r47,r47-elx07:route-jev,elx-07-cli-stats,2,kogen-bench-us,kh-plan,gpt-6-luna,low,pass,pass,,477.38,80614,
r47,r47-elx07:route-jev,elx-07-cli-stats,3,kogen-bench-us,kh-plan,gpt-6-luna,low,pass,pass,,533.455,106561,
r47,r47-elx12:route-jev,elx-12-retry-api-deprecation,1,kogen-bench-eu,kh-plan,gpt-6-luna,low,pass,pass,,678.44,213442,
r47,r47-elx12:route-jev,elx-12-retry-api-deprecation,2,kogen-bench-eu,kh-plan,gpt-6-luna,low,pass,pass,,786.709,254941,
r47,r47-elx12:route-jev,elx-12-retry-api-deprecation,3,kogen-bench-eu,kh-plan,gpt-6-luna,low,fail,fail,,765.45,217440,
r47,r47-syn13:route-jev,syn-13-bug-empty-filter-crash,1,kogen-bench-eu,kh-plan,gpt-6-luna,low,pass,pass,,311.606,262602,
r47,r47-syn13:route-jev,syn-13-bug-empty-filter-crash,2,kogen-bench-eu,kh-plan,gpt-6-luna,low,pass,pass,,408.933,293925,
r47,r47-syn13:route-jev,syn-13-bug-empty-filter-crash,3,kogen-bench-eu,kh-plan,gpt-6-luna,low,pass,pass,,280.234,238239,
r47,r47-syn14:route-jev,syn-14-bug-sla-business-hours,1,kogen-bench-eu,kh-plan,gpt-6-luna,low,pass,pass,,46.209,51754,
r47,r47-syn14:route-jev,syn-14-bug-sla-business-hours,2,kogen-bench-eu,kh-plan,gpt-6-luna,low,pass,pass,,51.574,67464,
r47,r47-syn14:route-jev,syn-14-bug-sla-business-hours,3,kogen-bench-eu,kh-plan,gpt-6-luna,low,pass,pass,,67.726,67142,
r48,r48-eu-elx12:cascade-contract,elx-12-retry-api-deprecation,1,kogen-bench-eu,kh-plan,gpt-6-luna,low,pass,pass,,353.743,38820,
r48,r48-eu-elx12:cascade-contract,elx-12-retry-api-deprecation,2,kogen-bench-eu,kh-plan,gpt-6-luna,low,pass,pass,,492.613,47799,
r48,r48-eu-elx12:cascade-contract,elx-12-retry-api-deprecation,3,kogen-bench-eu,kh-plan,gpt-6-luna,low,pass,pass,,507.935,36050,
r48,r48-eu-syn13:cascade-contract,syn-13-bug-empty-filter-crash,1,kogen-bench-eu,kh-plan,gpt-6-luna,low,pass,pass,,544.959,109130,
r48,r48-eu-syn13:cascade-contract,syn-13-bug-empty-filter-crash,2,kogen-bench-eu,kh-plan,gpt-6-luna,low,pass,pass,,522.633,105001,
r48,r48-eu-syn13:cascade-contract,syn-13-bug-empty-filter-crash,3,kogen-bench-eu,kh-plan,gpt-6-luna,low,pass,pass,,527.734,93119,
r48,r48-eu-syn14:cascade-contract,syn-14-bug-sla-business-hours,1,kogen-bench-eu,kh-plan,gpt-6-luna,low,pass,pass,,310.299,67977,
r48,r48-eu-syn14:cascade-contract,syn-14-bug-sla-business-hours,2,kogen-bench-eu,kh-plan,gpt-6-luna,low,pass,pass,,282.589,84373,
r48,r48-eu-syn14:cascade-contract,syn-14-bug-sla-business-hours,3,kogen-bench-eu,kh-plan,gpt-6-luna,low,pass,pass,,321.93,82506,
r48,r48-us-elx05:cascade-contract,elx-05-cache-single-flight,1,kogen-bench-us,kh-plan,gpt-6-luna,low,pass,pass,,329.301,50207,
r48,r48-us-elx05:cascade-contract,elx-05-cache-single-flight,2,kogen-bench-us,kh-plan,gpt-6-luna,low,pass,pass,,342.544,55506,
r48,r48-us-elx05:cascade-contract,elx-05-cache-single-flight,3,kogen-bench-us,kh-plan,gpt-6-luna,low,pass,pass,,324.591,38943,
r48,r48-us-elx07:cascade-contract,elx-07-cli-stats,1,kogen-bench-us,kh-plan,gpt-6-luna,low,fail,fail,,588.797,103885,
r48,r48-us-elx07:cascade-contract,elx-07-cli-stats,2,kogen-bench-us,kh-plan,gpt-6-luna,low,fail,fail,,556.261,52329,
r48,r48-us-elx07:cascade-contract,elx-07-cli-stats,3,kogen-bench-us,kh-plan,gpt-6-luna,low,fail,fail,,503.763,30467,
r48b,r48b-elx07:cascade-contract-v2,elx-07-cli-stats,1,kogen-bench-us,kh-plan,gpt-6-luna + gpt-6.1-sol,gpt-6-luna / low + gpt-6.1-sol / high,fail,fail,,936.915,483496,0.42846834
r48b,r48b-elx07:cascade-contract-v2,elx-07-cli-stats,2,kogen-bench-us,kh-plan,gpt-6-luna + gpt-6.1-sol,gpt-6-luna / low + gpt-6.1-sol / high,pass,pass,,1030.638,894496,0.42907012
r48b,r48b-elx07:cascade-contract-v2,elx-07-cli-stats,3,kogen-bench-us,kh-plan,gpt-6-luna + gpt-6.1-sol,gpt-6-luna / low + gpt-6.1-sol / high,fail,fail,,1009.826,551736,0.44165758
r49,r49-eu-elx12:mc-contract,elx-12-retry-api-deprecation,1,kogen-bench-eu,kh-plan,gpt-6-luna + gpt-6.1-sol,gpt-6-luna / max + gpt-6.1-sol / high,invalid,unresolved,control_apply cause unresolved; inspect documented audit,437.808,196626,0.11723753999999999
r49,r49-eu-elx12:mc-contract,elx-12-retry-api-deprecation,2,kogen-bench-eu,kh-plan,gpt-6-luna + gpt-6.1-sol,gpt-6-luna / max + gpt-6.1-sol / high,invalid,unresolved,control_apply cause unresolved; inspect documented audit,560.983,239272,0.10982156000000001
r49,r49-eu-elx12:mc-contract,elx-12-retry-api-deprecation,3,kogen-bench-eu,kh-plan,gpt-6-luna + gpt-6.1-sol,gpt-6-luna / max + gpt-6.1-sol / high,invalid,unresolved,control_apply cause unresolved; inspect documented audit,435.895,320542,0.11515222
r49,r49-eu-elx12:mc-review,elx-12-retry-api-deprecation,1,kogen-bench-eu,kh-plan,gpt-6-luna,gpt-6-luna / max,invalid,unresolved,control_apply cause unresolved; inspect documented audit,533.785,566878,0.020761239999999997
r49,r49-eu-elx12:mc-review,elx-12-retry-api-deprecation,2,kogen-bench-eu,kh-plan,gpt-6-luna,gpt-6-luna / max,invalid,unresolved,control_apply cause unresolved; inspect documented audit,497.198,210272,0.01534328
r49,r49-eu-elx12:mc-review,elx-12-retry-api-deprecation,3,kogen-bench-eu,kh-plan,gpt-6-luna,gpt-6-luna / max,invalid,unresolved,control_apply cause unresolved; inspect documented audit,400.012,262985,0.0157513
r49,r49-eu-syn13:mc-contract,syn-13-bug-empty-filter-crash,1,kogen-bench-eu,kh-plan,gpt-6-luna + gpt-6.1-sol,gpt-6-luna / max + gpt-6.1-sol / high,invalid,unresolved,control_apply cause unresolved; inspect documented audit,561.98,700227,0.18784378000000002
r49,r49-eu-syn13:mc-contract,syn-13-bug-empty-filter-crash,2,kogen-bench-eu,kh-plan,gpt-6-luna + gpt-6.1-sol,gpt-6-luna / max + gpt-6.1-sol / high,invalid,unresolved,control_apply cause unresolved; inspect documented audit,562.654,607833,0.13138256
r49,r49-eu-syn13:mc-contract,syn-13-bug-empty-filter-crash,3,kogen-bench-eu,kh-plan,gpt-6-luna + gpt-6.1-sol,gpt-6-luna / max + gpt-6.1-sol / high,invalid,unresolved,control_apply cause unresolved; inspect documented audit,578.025,704759,0.15904452
r49,r49-eu-syn13:mc-review,syn-13-bug-empty-filter-crash,1,kogen-bench-eu,kh-plan,gpt-6-luna,gpt-6-luna / max,invalid,unresolved,control_apply cause unresolved; inspect documented audit,465.554,667176,0.0224272
r49,r49-eu-syn13:mc-review,syn-13-bug-empty-filter-crash,2,kogen-bench-eu,kh-plan,gpt-6-luna,gpt-6-luna / max,invalid,unresolved,control_apply cause unresolved; inspect documented audit,555.141,1200822,0.03032932
r49,r49-eu-syn13:mc-review,syn-13-bug-empty-filter-crash,3,kogen-bench-eu,kh-plan,gpt-6-luna,gpt-6-luna / max,invalid,unresolved,control_apply cause unresolved; inspect documented audit,750.365,1004698,0.029297880000000002
r49,r49-eu-syn14:mc-contract,syn-14-bug-sla-business-hours,1,kogen-bench-eu,kh-plan,gpt-6-luna + gpt-6.1-sol,gpt-6-luna / max + gpt-6.1-sol / high,invalid,unresolved,control_apply cause unresolved; inspect documented audit,322.96,259609,0.15421692
r49,r49-eu-syn14:mc-contract,syn-14-bug-sla-business-hours,2,kogen-bench-eu,kh-plan,gpt-6-luna + gpt-6.1-sol,gpt-6-luna / max + gpt-6.1-sol / high,invalid,unresolved,control_apply cause unresolved; inspect documented audit,310.638,181647,0.09651501999999999
r49,r49-eu-syn14:mc-contract,syn-14-bug-sla-business-hours,3,kogen-bench-eu,kh-plan,gpt-6-luna + gpt-6.1-sol,gpt-6-luna / max + gpt-6.1-sol / high,pass,pass,,269.971,327913,0.1596728
r49,r49-eu-syn14:mc-review,syn-14-bug-sla-business-hours,1,kogen-bench-eu,kh-plan,gpt-6-luna,gpt-6-luna / max,pass,pass,,252.692,280541,0.01032482
r49,r49-eu-syn14:mc-review,syn-14-bug-sla-business-hours,2,kogen-bench-eu,kh-plan,gpt-6-luna,gpt-6-luna / max,pass,pass,,449.591,391193,0.01517154
r49,r49-eu-syn14:mc-review,syn-14-bug-sla-business-hours,3,kogen-bench-eu,kh-plan,gpt-6-luna,gpt-6-luna / max,pass,pass,,240.813,199466,0.00970852
r49,r49-us-elx05:mc-contract,elx-05-cache-single-flight,1,kogen-bench-us,kh-plan,gpt-6-luna + gpt-6.1-sol,gpt-6-luna / max + gpt-6.1-sol / high,invalid,unresolved,control_apply cause unresolved; inspect documented audit,385.949,112768,0.09642056
r49,r49-us-elx05:mc-contract,elx-05-cache-single-flight,2,kogen-bench-us,kh-plan,gpt-6-luna + gpt-6.1-sol,gpt-6-luna / max + gpt-6.1-sol / high,invalid,unresolved,control_apply cause unresolved; inspect documented audit,442.239,132524,0.09811884
r49,r49-us-elx05:mc-contract,elx-05-cache-single-flight,3,kogen-bench-us,kh-plan,gpt-6-luna + gpt-6.1-sol,gpt-6-luna / max + gpt-6.1-sol / high,invalid,unresolved,control_apply cause unresolved; inspect documented audit,450.265,255052,0.0800289
r49,r49-us-elx05:mc-review,elx-05-cache-single-flight,1,kogen-bench-us,kh-plan,gpt-6-luna,gpt-6-luna / max,pass,pass,,472.538,245154,0.014189
r49,r49-us-elx05:mc-review,elx-05-cache-single-flight,2,kogen-bench-us,kh-plan,gpt-6-luna,gpt-6-luna / max,pass,pass,,429.76,184206,0.013684680000000001
r49,r49-us-elx05:mc-review,elx-05-cache-single-flight,3,kogen-bench-us,kh-plan,gpt-6-luna,gpt-6-luna / max,pass,pass,,402.327,282415,0.015450380000000001
r49,r49-us-elx07:mc-contract,elx-07-cli-stats,1,kogen-bench-us,kh-plan,gpt-6-luna + gpt-6.1-sol,gpt-6-luna / max + gpt-6.1-sol / high,invalid,unresolved,control_apply cause unresolved; inspect documented audit,588.654,309613,0.12512756
r49,r49-us-elx07:mc-contract,elx-07-cli-stats,2,kogen-bench-us,kh-plan,gpt-6-luna + gpt-6.1-sol,gpt-6-luna / max + gpt-6.1-sol / high,invalid,unresolved,control_apply cause unresolved; inspect documented audit,500.479,348383,0.10969468
r49,r49-us-elx07:mc-contract,elx-07-cli-stats,3,kogen-bench-us,kh-plan,gpt-6-luna + gpt-6.1-sol,gpt-6-luna / max + gpt-6.1-sol / high,invalid,unresolved,control_apply cause unresolved; inspect documented audit,529.522,241014,0.11564808000000001
r49,r49-us-elx07:mc-review,elx-07-cli-stats,1,kogen-bench-us,kh-plan,gpt-6-luna,gpt-6-luna / max,invalid,unresolved,control_apply cause unresolved; inspect documented audit,516.594,440326,0.02185212
r49,r49-us-elx07:mc-review,elx-07-cli-stats,2,kogen-bench-us,kh-plan,gpt-6-luna,gpt-6-luna / max,invalid,unresolved,control_apply cause unresolved; inspect documented audit,681.091,397033,0.023300099999999997
r49,r49-us-elx07:mc-review,elx-07-cli-stats,3,kogen-bench-us,kh-plan,gpt-6-luna,gpt-6-luna / max,invalid,unresolved,control_apply cause unresolved; inspect documented audit,704.096,378416,0.02062064
r49b,r49b-eu-elx12:mc-contract,elx-12-retry-api-deprecation,1,kogen-bench-eu,kh-plan,gpt-6-luna + gpt-6.1-sol,gpt-6-luna / max + gpt-6.1-sol / high,fail,fail,,642.289,263223,0.11881896
r49b,r49b-eu-elx12:mc-contract,elx-12-retry-api-deprecation,2,kogen-bench-eu,kh-plan,gpt-6-luna + gpt-6.1-sol,gpt-6-luna / max + gpt-6.1-sol / high,fail,fail,,858.338,437161,0.16815522
r49b,r49b-eu-elx12:mc-contract,elx-12-retry-api-deprecation,3,kogen-bench-eu,kh-plan,gpt-6-luna + gpt-6.1-sol,gpt-6-luna / max + gpt-6.1-sol / high,fail,fail,,796.1,462710,0.14707108
r49b,r49b-eu-elx12:mc-review,elx-12-retry-api-deprecation,1,kogen-bench-eu,kh-plan,gpt-6-luna + gpt-6.1-sol,gpt-6-luna / max + gpt-6.1-sol / high,fail,fail,,728.396,428054,0.10991396
r49b,r49b-eu-elx12:mc-review,elx-12-retry-api-deprecation,2,kogen-bench-eu,kh-plan,gpt-6-luna + gpt-6.1-sol,gpt-6-luna / max + gpt-6.1-sol / high,fail,fail,,768.454,340136,0.10311224
r49b,r49b-eu-elx12:mc-review,elx-12-retry-api-deprecation,3,kogen-bench-eu,kh-plan,gpt-6-luna + gpt-6.1-sol,gpt-6-luna / max + gpt-6.1-sol / high,pass,pass,,729.838,336687,0.07942626
r49b,r49b-eu-syn13:mc-contract,syn-13-bug-empty-filter-crash,1,kogen-bench-eu,kh-plan,gpt-6-luna + gpt-6.1-sol,gpt-6-luna / max + gpt-6.1-sol / high,pass,pass,,763.425,679858,0.20173275999999998
r49b,r49b-eu-syn13:mc-contract,syn-13-bug-empty-filter-crash,2,kogen-bench-eu,kh-plan,gpt-6-luna + gpt-6.1-sol,gpt-6-luna / max + gpt-6.1-sol / high,pass,pass,,736.418,960578,0.31911556
r49b,r49b-eu-syn13:mc-contract,syn-13-bug-empty-filter-crash,3,kogen-bench-eu,kh-plan,gpt-6-luna + gpt-6.1-sol,gpt-6-luna / max + gpt-6.1-sol / high,pass,pass,,784.021,1324389,0.31496752000000006
r49b,r49b-eu-syn13:mc-review,syn-13-bug-empty-filter-crash,1,kogen-bench-eu,kh-plan,gpt-6-luna + gpt-6.1-sol,gpt-6-luna / max + gpt-6.1-sol / high,pass,pass,,964.85,1241586,0.14442492
r49b,r49b-eu-syn13:mc-review,syn-13-bug-empty-filter-crash,2,kogen-bench-eu,kh-plan,gpt-6-luna + gpt-6.1-sol,gpt-6-luna / max + gpt-6.1-sol / high,pass,pass,,803.751,1141362,0.18470072
r49b,r49b-eu-syn13:mc-review,syn-13-bug-empty-filter-crash,3,kogen-bench-eu,kh-plan,gpt-6-luna + gpt-6.1-sol,gpt-6-luna / max + gpt-6.1-sol / high,pass,pass,,826.132,1241645,0.14603932
r49b,r49b-eu-syn14:mc-contract,syn-14-bug-sla-business-hours,1,kogen-bench-eu,kh-plan,gpt-6-luna + gpt-6.1-sol,gpt-6-luna / max + gpt-6.1-sol / high,pass,pass,,425.955,382928,0.19243576
r49b,r49b-eu-syn14:mc-contract,syn-14-bug-sla-business-hours,2,kogen-bench-eu,kh-plan,gpt-6-luna + gpt-6.1-sol,gpt-6-luna / max + gpt-6.1-sol / high,pass,pass,,439.052,305060,0.16832036
r49b,r49b-us-elx05:mc-contract,elx-05-cache-single-flight,1,kogen-bench-us,kh-plan,gpt-6-luna + gpt-6.1-sol,gpt-6-luna / max + gpt-6.1-sol / high,pass,pass,,628.519,161445,0.1539205
r49b,r49b-us-elx05:mc-contract,elx-05-cache-single-flight,2,kogen-bench-us,kh-plan,gpt-6-luna + gpt-6.1-sol,gpt-6-luna / max + gpt-6.1-sol / high,pass,pass,,656.798,193765,0.15838256
r49b,r49b-us-elx05:mc-contract,elx-05-cache-single-flight,3,kogen-bench-us,kh-plan,gpt-6-luna + gpt-6.1-sol,gpt-6-luna / max + gpt-6.1-sol / high,pass,pass,,499.471,142122,0.14848704000000001
r49b,r49b-us-elx07:mc-contract,elx-07-cli-stats,1,kogen-bench-us,kh-plan,gpt-6-luna + gpt-6.1-sol,gpt-6-luna / max + gpt-6.1-sol / high,pass,pass,,801.574,551528,0.19033148
r49b,r49b-us-elx07:mc-contract,elx-07-cli-stats,2,kogen-bench-us,kh-plan,gpt-6-luna + gpt-6.1-sol,gpt-6-luna / max + gpt-6.1-sol / high,pass,pass,,769.435,370658,0.18523234
r49b,r49b-us-elx07:mc-contract,elx-07-cli-stats,3,kogen-bench-us,kh-plan,gpt-6-luna + gpt-6.1-sol,gpt-6-luna / max + gpt-6.1-sol / high,pass,pass,,733.451,359636,0.1817953
r49b,r49b-us-elx07:mc-review,elx-07-cli-stats,1,kogen-bench-us,kh-plan,gpt-6-luna + gpt-6.1-sol,gpt-6-luna / max + gpt-6.1-sol / high,pass,pass,,1206.319,732872,0.10871077999999999
r49b,r49b-us-elx07:mc-review,elx-07-cli-stats,2,kogen-bench-us,kh-plan,gpt-6-luna + gpt-6.1-sol,gpt-6-luna / max + gpt-6.1-sol / high,pass,pass,,1151.284,928247,0.15815961999999997
r49b,r49b-us-elx07:mc-review,elx-07-cli-stats,3,kogen-bench-us,kh-plan,gpt-6-luna,gpt-6-luna / max,pass,pass,,532.061,340597,0.02101698
r4,r4aj:bare,rails-aj-enqueue-after-commit,1,kogen-bench-eu,kh-fac,gpt-6-luna,low,fail,fail,,538.304,41157,
r4,r4aj:bare,rails-aj-enqueue-after-commit,2,kogen-bench-eu,kh-fac,gpt-6-luna,low,fail,fail,,149.986,62757,
r4,r4aj:bare,rails-aj-enqueue-after-commit,3,kogen-bench-eu,kh-fac,gpt-6-luna,low,fail,fail,,231.877,73943,
r4,r4aj:p21+p11,rails-aj-enqueue-after-commit,1,kogen-bench-eu,kh-fac,gpt-6-luna,low,pass,pass,,590.374,168815,
r4,r4aj:p21+p11,rails-aj-enqueue-after-commit,2,kogen-bench-eu,kh-fac,gpt-6-luna,low,pass,pass,,393.592,146990,
r4,r4aj:p21+p11,rails-aj-enqueue-after-commit,3,kogen-bench-eu,kh-fac,gpt-6-luna,low,pass,pass,,493.962,178635,
r4,r4aj:p21+p22+p04,rails-aj-enqueue-after-commit,1,kogen-bench-eu,kh-fac,gpt-6-luna,low,pass,pass,,287.114,69555,
r4,r4aj:p21+p22+p04,rails-aj-enqueue-after-commit,2,kogen-bench-eu,kh-fac,gpt-6-luna,low,fail,fail,,297.252,55647,
r4,r4aj:p21+p22+p04,rails-aj-enqueue-after-commit,3,kogen-bench-eu,kh-fac,gpt-6-luna,low,pass,pass,,364.417,74340,
r4,r4aj:p22+p17,rails-aj-enqueue-after-commit,1,kogen-bench-eu,kh-fac,gpt-6-luna,low,fail,fail,,578.186,47947,
r4,r4aj:p22+p17,rails-aj-enqueue-after-commit,2,kogen-bench-eu,kh-fac,gpt-6-luna,low,pass,pass,,299.402,66750,
r4,r4aj:p22+p17,rails-aj-enqueue-after-commit,3,kogen-bench-eu,kh-fac,gpt-6-luna,low,fail,fail,,395.591,128830,
r4,r4aj:bare,rails-aj-enqueue-after-commit,1,kogen-bench-us,kh-fac,gpt-6-luna,low,fail,fail,,276.821,29036,
r4,r4aj:bare,rails-aj-enqueue-after-commit,2,kogen-bench-us,kh-fac,gpt-6-luna,low,pass,pass,,383.717,71009,
r4,r4aj:bare,rails-aj-enqueue-after-commit,3,kogen-bench-us,kh-fac,gpt-6-luna,low,pass,pass,,212.219,51199,
r4,r4aj:p21+p02,rails-aj-enqueue-after-commit,1,kogen-bench-us,kh-fac,gpt-6-luna,low,pass,pass,,277.771,55695,
r4,r4aj:p21+p02,rails-aj-enqueue-after-commit,2,kogen-bench-us,kh-fac,gpt-6-luna,low,fail,fail,,242.055,90343,
r4,r4aj:p21+p02,rails-aj-enqueue-after-commit,3,kogen-bench-us,kh-fac,gpt-6-luna,low,pass,pass,,174.296,65786,
r4,r4aj:p22+p02,rails-aj-enqueue-after-commit,1,kogen-bench-us,kh-fac,gpt-6-luna,low,pass,pass,,279.268,54195,
r4,r4aj:p22+p02,rails-aj-enqueue-after-commit,2,kogen-bench-us,kh-fac,gpt-6-luna,low,fail,fail,,224.999,41008,
r4,r4aj:p22+p02,rails-aj-enqueue-after-commit,3,kogen-bench-us,kh-fac,gpt-6-luna,low,fail,fail,,41.063,52313,
r4,r4aj:w2+p21+p22,rails-aj-enqueue-after-commit,1,kogen-bench-us,kh-fac,gpt-6-luna,low,pass,pass,,248.442,119666,
r4,r4aj:w2+p21+p22,rails-aj-enqueue-after-commit,2,kogen-bench-us,kh-fac,gpt-6-luna,low,pass,pass,,300.862,98251,
r4,r4aj:w2+p21+p22,rails-aj-enqueue-after-commit,3,kogen-bench-us,kh-fac,gpt-6-luna,low,fail,fail,,222.919,90064,
r50,r50-eu-elx12:P-lunamax,elx-12-retry-api-deprecation,1,kogen-bench-eu,kh-plan,gpt-6-luna + gpt-6.1-sol,gpt-6-luna / xhigh + gpt-6.1-sol / high,pass,pass,,2274.912,1952935,0.71611808
r50,r50-eu-elx12:P-lunamax,elx-12-retry-api-deprecation,2,kogen-bench-eu,kh-plan,gpt-6-luna + gpt-6.1-sol,gpt-6-luna / xhigh + gpt-6.1-sol / high,pass,pass,,1992.407,1711776,0.62825984
r50,r50-eu-elx12:P-lunamax,elx-12-retry-api-deprecation,3,kogen-bench-eu,kh-plan,gpt-6-luna + gpt-6.1-sol,gpt-6-luna / xhigh + gpt-6.1-sol / high,pass,pass,,1683.299,1462935,0.54392718
r50,r50-eu-elx12:P-sollow,elx-12-retry-api-deprecation,1,kogen-bench-eu,kh-plan,gpt-6.1-sol + gpt-6.1-sol,gpt-6.1-sol / high + gpt-6.1-sol / low,pass,pass,,1327.061,637584,0.7308640000000001
r50,r50-eu-elx12:P-sollow,elx-12-retry-api-deprecation,2,kogen-bench-eu,kh-plan,gpt-6.1-sol + gpt-6.1-sol,gpt-6.1-sol / high + gpt-6.1-sol / low,pass,pass,,1336.515,747675,0.7384795999999999
r50,r50-eu-elx12:P-sollow,elx-12-retry-api-deprecation,3,kogen-bench-eu,kh-plan,gpt-6.1-sol + gpt-6.1-sol,gpt-6.1-sol / high + gpt-6.1-sol / low,pass,pass,,1667.41,1348168,0.9495471999999998
r50,r50-eu-elx12:P-solmed,elx-12-retry-api-deprecation,1,kogen-bench-eu,kh-plan,gpt-6.1-sol + gpt-6.1-sol,gpt-6.1-sol / high + gpt-6.1-sol / medium,pass,pass,,1710.15,974424,0.9204256000000001
r50,r50-eu-elx12:P-solmed,elx-12-retry-api-deprecation,2,kogen-bench-eu,kh-plan,gpt-6.1-sol + gpt-6.1-sol,gpt-6.1-sol / high + gpt-6.1-sol / medium,pass,pass,,1409.904,745262,0.7397176
r50,r50-eu-elx12:P-solmed,elx-12-retry-api-deprecation,3,kogen-bench-eu,kh-plan,gpt-6.1-sol + gpt-6.1-sol,gpt-6.1-sol / high + gpt-6.1-sol / medium,pass,pass,,1553.089,1120452,0.8879775999999999
r50,r50-eu-syn13:P-lunamax,syn-13-bug-empty-filter-crash,1,kogen-bench-eu,kh-plan,gpt-6-luna + gpt-6.1-sol,gpt-6-luna / xhigh + gpt-6.1-sol / high,pass,pass,,1818.012,2317375,0.6128219400000001
r50,r50-eu-syn13:P-lunamax,syn-13-bug-empty-filter-crash,2,kogen-bench-eu,kh-plan,gpt-6-luna + gpt-6.1-sol,gpt-6-luna / xhigh + gpt-6.1-sol / high,pass,pass,,1186.252,1635951,0.61244966
r50,r50-eu-syn13:P-lunamax,syn-13-bug-empty-filter-crash,3,kogen-bench-eu,kh-plan,gpt-6-luna + gpt-6.1-sol,gpt-6-luna / xhigh + gpt-6.1-sol / high,pass,pass,,1284.498,1460927,0.49386218
r50,r50-eu-syn13:P-sollow,syn-13-bug-empty-filter-crash,1,kogen-bench-eu,kh-plan,gpt-6.1-sol + gpt-6.1-sol,gpt-6.1-sol / high + gpt-6.1-sol / low,pass,pass,,1202.336,1233650,0.6913608
r50,r50-eu-syn13:P-sollow,syn-13-bug-empty-filter-crash,2,kogen-bench-eu,kh-plan,gpt-6.1-sol + gpt-6.1-sol,gpt-6.1-sol / high + gpt-6.1-sol / low,pass,pass,,1075.058,1159324,0.7125808000000001
r50,r50-eu-syn13:P-sollow,syn-13-bug-empty-filter-crash,3,kogen-bench-eu,kh-plan,gpt-6.1-sol + gpt-6.1-sol,gpt-6.1-sol / high + gpt-6.1-sol / low,pass,pass,,996.123,823394,0.6465080000000001
r50,r50-eu-syn13:P-solmed,syn-13-bug-empty-filter-crash,1,kogen-bench-eu,kh-plan,gpt-6.1-sol + gpt-6.1-sol,gpt-6.1-sol / high + gpt-6.1-sol / medium,pass,pass,,1133.139,1428581,0.8430899999999999
r50,r50-eu-syn13:P-solmed,syn-13-bug-empty-filter-crash,2,kogen-bench-eu,kh-plan,gpt-6.1-sol + gpt-6.1-sol,gpt-6.1-sol / high + gpt-6.1-sol / medium,pass,pass,,1122.477,1109221,0.6372787999999999
r50,r50-eu-syn13:P-solmed,syn-13-bug-empty-filter-crash,3,kogen-bench-eu,kh-plan,gpt-6.1-sol + gpt-6.1-sol,gpt-6.1-sol / high + gpt-6.1-sol / medium,pass,pass,,1297.274,1282158,0.7517271999999999
r50,r50-eu-syn14:P-lunamax,syn-14-bug-sla-business-hours,1,kogen-bench-eu,kh-plan,gpt-6-luna + gpt-6.1-sol,gpt-6-luna / xhigh + gpt-6.1-sol / high,pass,pass,,1202.131,1386933,0.5252042000000001
r50,r50-eu-syn14:P-lunamax,syn-14-bug-sla-business-hours,2,kogen-bench-eu,kh-plan,gpt-6-luna + gpt-6.1-sol,gpt-6-luna / xhigh + gpt-6.1-sol / high,pass,pass,,1202.648,1013039,0.5278527199999999
r50,r50-eu-syn14:P-lunamax,syn-14-bug-sla-business-hours,3,kogen-bench-eu,kh-plan,gpt-6-luna + gpt-6.1-sol,gpt-6-luna / xhigh + gpt-6.1-sol / high,pass,pass,,1216.513,1193596,0.55884
r50,r50-eu-syn14:P-sollow,syn-14-bug-sla-business-hours,1,kogen-bench-eu,kh-plan,gpt-6.1-sol + gpt-6.1-sol,gpt-6.1-sol / high + gpt-6.1-sol / low,pass,pass,,1053.243,852126,0.5923992
r50,r50-eu-syn14:P-sollow,syn-14-bug-sla-business-hours,2,kogen-bench-eu,kh-plan,gpt-6.1-sol + gpt-6.1-sol,gpt-6.1-sol / high + gpt-6.1-sol / low,pass,pass,,1014.81,801429,0.5829252
r50,r50-eu-syn14:P-sollow,syn-14-bug-sla-business-hours,3,kogen-bench-eu,kh-plan,gpt-6.1-sol + gpt-6.1-sol,gpt-6.1-sol / high + gpt-6.1-sol / low,pass,pass,,1085.666,1115256,0.6739599999999999
r50,r50-eu-syn14:P-solmed,syn-14-bug-sla-business-hours,1,kogen-bench-eu,kh-plan,gpt-6.1-sol + gpt-6.1-sol,gpt-6.1-sol / high + gpt-6.1-sol / medium,pass,pass,,1154.727,1023705,0.6255908
r50,r50-eu-syn14:P-solmed,syn-14-bug-sla-business-hours,2,kogen-bench-eu,kh-plan,gpt-6.1-sol + gpt-6.1-sol,gpt-6.1-sol / high + gpt-6.1-sol / medium,pass,pass,,1274.932,991853,0.6576995999999999
r50,r50-eu-syn14:P-solmed,syn-14-bug-sla-business-hours,3,kogen-bench-eu,kh-plan,gpt-6.1-sol + gpt-6.1-sol,gpt-6.1-sol / high + gpt-6.1-sol / medium,pass,pass,,948.558,762200,0.5492704
r50,r50-us-elx05:P-lunamax,elx-05-cache-single-flight,1,kogen-bench-us,kh-plan,gpt-6-luna + gpt-6.1-sol,gpt-6-luna / xhigh + gpt-6.1-sol / high,pass,pass,,1114.245,655916,0.37752821999999997
r50,r50-us-elx05:P-lunamax,elx-05-cache-single-flight,2,kogen-bench-us,kh-plan,gpt-6-luna + gpt-6.1-sol,gpt-6-luna / xhigh + gpt-6.1-sol / high,pass,pass,,1543.499,1069771,0.41951164
r50,r50-us-elx05:P-lunamax,elx-05-cache-single-flight,3,kogen-bench-us,kh-plan,gpt-6-luna + gpt-6.1-sol,gpt-6-luna / xhigh + gpt-6.1-sol / high,pass,pass,,1279.479,819760,0.51010928
r50,r50-us-elx05:P-sollow,elx-05-cache-single-flight,1,kogen-bench-us,kh-plan,gpt-6.1-sol + gpt-6.1-sol,gpt-6.1-sol / high + gpt-6.1-sol / low,pass,pass,,1024.026,438446,0.48038
r50,r50-us-elx05:P-sollow,elx-05-cache-single-flight,2,kogen-bench-us,kh-plan,gpt-6.1-sol + gpt-6.1-sol,gpt-6.1-sol / high + gpt-6.1-sol / low,pass,pass,,994.411,493887,0.4965644
r50,r50-us-elx05:P-sollow,elx-05-cache-single-flight,3,kogen-bench-us,kh-plan,gpt-6.1-sol + gpt-6.1-sol,gpt-6.1-sol / high + gpt-6.1-sol / low,pass,pass,,944.943,398649,0.4737492
r50,r50-us-elx05:P-solmed,elx-05-cache-single-flight,1,kogen-bench-us,kh-plan,gpt-6.1-sol + gpt-6.1-sol,gpt-6.1-sol / high + gpt-6.1-sol / medium,pass,pass,,1149.554,473011,0.5686476
r50,r50-us-elx05:P-solmed,elx-05-cache-single-flight,2,kogen-bench-us,kh-plan,gpt-6.1-sol + gpt-6.1-sol,gpt-6.1-sol / high + gpt-6.1-sol / medium,pass,pass,,1178.772,525987,0.5250636000000001
r50,r50-us-elx05:P-solmed,elx-05-cache-single-flight,3,kogen-bench-us,kh-plan,gpt-6.1-sol + gpt-6.1-sol,gpt-6.1-sol / high + gpt-6.1-sol / medium,pass,pass,,1024.755,416269,0.5069572
r50,r50-us-elx07:P-lunamax,elx-07-cli-stats,1,kogen-bench-us,kh-plan,gpt-6-luna + gpt-6.1-sol,gpt-6-luna / xhigh + gpt-6.1-sol / high,pass,pass,,1610.303,1327107,0.5262414
r50,r50-us-elx07:P-lunamax,elx-07-cli-stats,2,kogen-bench-us,kh-plan,gpt-6-luna + gpt-6.1-sol,gpt-6-luna / xhigh + gpt-6.1-sol / high,pass,pass,,2190.925,1997542,0.62385988
r50,r50-us-elx07:P-lunamax,elx-07-cli-stats,3,kogen-bench-us,kh-plan,gpt-6-luna + gpt-6.1-sol,gpt-6-luna / xhigh + gpt-6.1-sol / high,pass,pass,,1482.098,804297,0.48509122
r50,r50-us-elx07:P-sollow,elx-07-cli-stats,1,kogen-bench-us,kh-plan,gpt-6.1-sol + gpt-6.1-sol,gpt-6.1-sol / high + gpt-6.1-sol / low,pass,pass,,1127.31,529565,0.48949319999999996
r50,r50-us-elx07:P-sollow,elx-07-cli-stats,2,kogen-bench-us,kh-plan,gpt-6.1-sol + gpt-6.1-sol,gpt-6.1-sol / high + gpt-6.1-sol / low,pass,pass,,1484.412,754180,0.6666768
r50,r50-us-elx07:P-sollow,elx-07-cli-stats,3,kogen-bench-us,kh-plan,gpt-6.1-sol + gpt-6.1-sol,gpt-6.1-sol / high + gpt-6.1-sol / low,pass,pass,,1069.874,446262,0.5199864
r50,r50-us-elx07:P-solmed,elx-07-cli-stats,1,kogen-bench-us,kh-plan,gpt-6.1-sol + gpt-6.1-sol,gpt-6.1-sol / high + gpt-6.1-sol / medium,pass,pass,,1360.366,753286,0.6567304
r50,r50-us-elx07:P-solmed,elx-07-cli-stats,2,kogen-bench-us,kh-plan,gpt-6.1-sol + gpt-6.1-sol,gpt-6.1-sol / high + gpt-6.1-sol / medium,pass,pass,,1275.68,637786,0.5842887999999999
r50,r50-us-elx07:P-solmed,elx-07-cli-stats,3,kogen-bench-us,kh-plan,gpt-6.1-sol + gpt-6.1-sol,gpt-6.1-sol / high + gpt-6.1-sol / medium,pass,pass,,1368.978,868876,0.6764847999999999
r51,r51-eu-elx12:pl-approach-luna-low,elx-12-retry-api-deprecation,1,kogen-bench-eu,kh-plan,gpt-6-luna + gpt-6.1-sol,gpt-6-luna / low + gpt-6.1-sol / high,fail,fail,,223.509,68342,0.04282424
r51,r51-eu-elx12:pl-approach-luna-low,elx-12-retry-api-deprecation,2,kogen-bench-eu,kh-plan,gpt-6-luna + gpt-6.1-sol,gpt-6-luna / low + gpt-6.1-sol / high,pass,pass,,241.601,85103,0.04386742
r51,r51-eu-elx12:pl-approach-luna-max,elx-12-retry-api-deprecation,1,kogen-bench-eu,kh-plan,gpt-6-luna + gpt-6-luna + gpt-6.1-sol,gpt-6-luna / low + gpt-6-luna / xhigh + gpt-6.1-sol / high,pass,pass,,478.856,446062,0.0546064
r51,r51-eu-elx12:pl-approach-luna-max,elx-12-retry-api-deprecation,2,kogen-bench-eu,kh-plan,gpt-6-luna + gpt-6-luna + gpt-6.1-sol,gpt-6-luna / low + gpt-6-luna / xhigh + gpt-6.1-sol / high,pass,pass,,472.811,190515,0.04402848
r51,r51-eu-elx12:pl-approach-sol-low,elx-12-retry-api-deprecation,1,kogen-bench-eu,kh-plan,gpt-6-luna + gpt-6.1-sol + gpt-6.1-sol,gpt-6-luna / low + gpt-6.1-sol / high + gpt-6.1-sol / low,pass,pass,,385.512,86722,0.12203228
r51,r51-eu-elx12:pl-approach-sol-low,elx-12-retry-api-deprecation,2,kogen-bench-eu,kh-plan,gpt-6-luna + gpt-6.1-sol + gpt-6.1-sol,gpt-6-luna / low + gpt-6.1-sol / high + gpt-6.1-sol / low,pass,pass,,274.148,79944,0.11687624
r51,r51-eu-elx12:pl-criteria-luna-low,elx-12-retry-api-deprecation,1,kogen-bench-eu,kh-plan,gpt-6-luna + gpt-6.1-sol,gpt-6-luna / low + gpt-6.1-sol / high,pass,pass,,180.769,74477,0.026181419999999997
r51,r51-eu-elx12:pl-criteria-luna-low,elx-12-retry-api-deprecation,2,kogen-bench-eu,kh-plan,gpt-6-luna + gpt-6.1-sol,gpt-6-luna / low + gpt-6.1-sol / high,fail,fail,,201.4,91836,0.02691446
r51,r51-eu-elx12:pl-criteria-luna-max,elx-12-retry-api-deprecation,1,kogen-bench-eu,kh-plan,gpt-6-luna + gpt-6-luna + gpt-6.1-sol,gpt-6-luna / low + gpt-6-luna / xhigh + gpt-6.1-sol / high,fail,fail,,406.393,422896,0.038205119999999995
r51,r51-eu-elx12:pl-criteria-luna-max,elx-12-retry-api-deprecation,2,kogen-bench-eu,kh-plan,gpt-6-luna + gpt-6-luna + gpt-6.1-sol,gpt-6-luna / low + gpt-6-luna / xhigh + gpt-6.1-sol / high,fail,fail,,378.303,284732,0.03243164
r51,r51-eu-elx12:pl-criteria-sol-low,elx-12-retry-api-deprecation,1,kogen-bench-eu,kh-plan,gpt-6-luna + gpt-6.1-sol + gpt-6.1-sol,gpt-6-luna / low + gpt-6.1-sol / high + gpt-6.1-sol / low,pass,pass,,230.312,73292,0.08095743999999999
r51,r51-eu-elx12:pl-criteria-sol-low,elx-12-retry-api-deprecation,2,kogen-bench-eu,kh-plan,gpt-6-luna + gpt-6.1-sol + gpt-6.1-sol,gpt-6-luna / low + gpt-6.1-sol / high + gpt-6.1-sol / low,pass,pass,,237.637,81220,0.08418094
r51,r51-eu-elx12:pl-none-luna-low,elx-12-retry-api-deprecation,1,kogen-bench-eu,kh-plan,gpt-6-luna,gpt-6-luna / low,pass,pass,,48.846,32387,0.0021103800000000002
r51,r51-eu-elx12:pl-none-luna-low,elx-12-retry-api-deprecation,2,kogen-bench-eu,kh-plan,gpt-6-luna,gpt-6-luna / low,pass,pass,,61.284,36299,0.00232918
r51,r51-eu-elx12:pl-none-luna-max,elx-12-retry-api-deprecation,1,kogen-bench-eu,kh-plan,gpt-6-luna,gpt-6-luna / xhigh,fail,fail,,300.8,373383,0.013342140000000002
r51,r51-eu-elx12:pl-none-luna-max,elx-12-retry-api-deprecation,2,kogen-bench-eu,kh-plan,gpt-6-luna,gpt-6-luna / xhigh,pass,pass,,235.016,88557,0.00680514
r51,r51-eu-elx12:pl-none-sol-low,elx-12-retry-api-deprecation,1,kogen-bench-eu,kh-plan,gpt-6.1-sol,gpt-6.1-sol / low,pass,pass,,79.415,30660,0.0354656
r51,r51-eu-elx12:pl-none-sol-low,elx-12-retry-api-deprecation,2,kogen-bench-eu,kh-plan,gpt-6.1-sol,gpt-6.1-sol / low,pass,pass,,76.691,22710,0.0364088
r51,r51-eu-elx12:pl-steps-luna-low,elx-12-retry-api-deprecation,1,kogen-bench-eu,kh-plan,gpt-6-luna + gpt-6.1-sol,gpt-6-luna / low + gpt-6.1-sol / high,pass,pass,,304.277,130038,0.0457466
r51,r51-eu-elx12:pl-steps-luna-low,elx-12-retry-api-deprecation,2,kogen-bench-eu,kh-plan,gpt-6-luna + gpt-6.1-sol,gpt-6-luna / low + gpt-6.1-sol / high,pass,pass,,309.815,94391,0.0432892
r51,r51-eu-elx12:pl-steps-luna-max,elx-12-retry-api-deprecation,1,kogen-bench-eu,kh-plan,gpt-6-luna + gpt-6-luna + gpt-6.1-sol,gpt-6-luna / low + gpt-6-luna / xhigh + gpt-6.1-sol / high,fail,fail,,408.996,292779,0.0326607
r51,r51-eu-elx12:pl-steps-luna-max,elx-12-retry-api-deprecation,2,kogen-bench-eu,kh-plan,gpt-6-luna + gpt-6-luna + gpt-6.1-sol,gpt-6-luna / low + gpt-6-luna / xhigh + gpt-6.1-sol / high,pass,pass,,479.93,584244,0.05803385999999999
r51,r51-eu-elx12:pl-steps-sol-low,elx-12-retry-api-deprecation,1,kogen-bench-eu,kh-plan,gpt-6-luna + gpt-6.1-sol + gpt-6.1-sol,gpt-6-luna / low + gpt-6.1-sol / high + gpt-6.1-sol / low,pass,pass,,290.017,97947,0.08643882
r51,r51-eu-elx12:pl-steps-sol-low,elx-12-retry-api-deprecation,2,kogen-bench-eu,kh-plan,gpt-6-luna + gpt-6.1-sol + gpt-6.1-sol,gpt-6-luna / low + gpt-6.1-sol / high + gpt-6.1-sol / low,pass,pass,,310.685,73407,0.10046234
r51,r51-us-elx07:pl-approach-luna-low,elx-07-cli-stats,1,kogen-bench-us,kh-plan,gpt-6-luna + gpt-6.1-sol,gpt-6-luna / low + gpt-6.1-sol / high,pass,pass,,218.701,69243,0.03372162
r51,r51-us-elx07:pl-approach-luna-low,elx-07-cli-stats,2,kogen-bench-us,kh-plan,gpt-6-luna + gpt-6.1-sol,gpt-6-luna / low + gpt-6.1-sol / high,pass,pass,,346.309,70533,0.04599932
r51,r51-us-elx07:pl-approach-luna-max,elx-07-cli-stats,1,kogen-bench-us,kh-plan,gpt-6-luna + gpt-6-luna + gpt-6.1-sol,gpt-6-luna / low + gpt-6-luna / xhigh + gpt-6.1-sol / high,pass,pass,,617.295,490954,0.0590103
r51,r51-us-elx07:pl-approach-luna-max,elx-07-cli-stats,2,kogen-bench-us,kh-plan,gpt-6-luna + gpt-6-luna + gpt-6.1-sol,gpt-6-luna / low + gpt-6-luna / xhigh + gpt-6.1-sol / high,pass,pass,,602.236,534044,0.06132638
r51,r51-us-elx07:pl-approach-sol-low,elx-07-cli-stats,1,kogen-bench-us,kh-plan,gpt-6-luna + gpt-6.1-sol + gpt-6.1-sol,gpt-6-luna / low + gpt-6.1-sol / high + gpt-6.1-sol / low,pass,pass,,333.707,77381,0.11931994000000001
r51,r51-us-elx07:pl-approach-sol-low,elx-07-cli-stats,2,kogen-bench-us,kh-plan,gpt-6-luna + gpt-6.1-sol + gpt-6.1-sol,gpt-6-luna / low + gpt-6.1-sol / high + gpt-6.1-sol / low,pass,pass,,334.327,68792,0.11834716
r51,r51-us-elx07:pl-criteria-luna-low,elx-07-cli-stats,1,kogen-bench-us,kh-plan,gpt-6-luna + gpt-6.1-sol,gpt-6-luna / low + gpt-6.1-sol / high,pass,pass,,202.713,50671,0.03072992
r51,r51-us-elx07:pl-criteria-luna-low,elx-07-cli-stats,2,kogen-bench-us,kh-plan,gpt-6-luna + gpt-6.1-sol,gpt-6-luna / low + gpt-6.1-sol / high,fail,fail,,254.146,81251,0.03171052
r51,r51-us-elx07:pl-criteria-luna-max,elx-07-cli-stats,1,kogen-bench-us,kh-plan,gpt-6-luna + gpt-6-luna + gpt-6.1-sol,gpt-6-luna / low + gpt-6-luna / xhigh + gpt-6.1-sol / high,pass,pass,,582.413,611759,0.047842180000000005
r51,r51-us-elx07:pl-criteria-luna-max,elx-07-cli-stats,2,kogen-bench-us,kh-plan,gpt-6-luna + gpt-6-luna + gpt-6.1-sol,gpt-6-luna / low + gpt-6-luna / xhigh + gpt-6.1-sol / high,pass,pass,,365.015,194549,0.02712726
r51,r51-us-elx07:pl-criteria-sol-low,elx-07-cli-stats,1,kogen-bench-us,kh-plan,gpt-6-luna + gpt-6.1-sol + gpt-6.1-sol,gpt-6-luna / low + gpt-6.1-sol / high + gpt-6.1-sol / low,pass,pass,,273.537,91646,0.1056902
r51,r51-us-elx07:pl-criteria-sol-low,elx-07-cli-stats,2,kogen-bench-us,kh-plan,gpt-6-luna + gpt-6.1-sol + gpt-6.1-sol,gpt-6-luna / low + gpt-6.1-sol / high + gpt-6.1-sol / low,pass,pass,,274.326,88139,0.08699098
r51,r51-us-elx07:pl-none-luna-low,elx-07-cli-stats,1,kogen-bench-us,kh-plan,gpt-6-luna,gpt-6-luna / low,fail,fail,,105.618,72488,0.00474024
r51,r51-us-elx07:pl-none-luna-low,elx-07-cli-stats,2,kogen-bench-us,kh-plan,gpt-6-luna,gpt-6-luna / low,fail,fail,,66.285,58451,0.0033600600000000007
r51,r51-us-elx07:pl-none-luna-max,elx-07-cli-stats,1,kogen-bench-us,kh-plan,gpt-6-luna,gpt-6-luna / xhigh,pass,pass,,322.715,281453,0.01376754
r51,r51-us-elx07:pl-none-luna-max,elx-07-cli-stats,2,kogen-bench-us,kh-plan,gpt-6-luna,gpt-6-luna / xhigh,pass,pass,,383.535,375699,0.015987260000000003
r51,r51-us-elx07:pl-none-sol-low,elx-07-cli-stats,1,kogen-bench-us,kh-plan,gpt-6.1-sol,gpt-6.1-sol / low,pass,pass,,86.396,50350,0.0687096
r51,r51-us-elx07:pl-none-sol-low,elx-07-cli-stats,2,kogen-bench-us,kh-plan,gpt-6.1-sol,gpt-6.1-sol / low,pass,pass,,77.98,39737,0.038154
r51,r51-us-elx07:pl-steps-luna-low,elx-07-cli-stats,1,kogen-bench-us,kh-plan,gpt-6-luna + gpt-6.1-sol,gpt-6-luna / low + gpt-6.1-sol / high,pass,pass,,339.859,99097,0.05344406
r51,r51-us-elx07:pl-steps-luna-low,elx-07-cli-stats,2,kogen-bench-us,kh-plan,gpt-6-luna + gpt-6.1-sol,gpt-6-luna / low + gpt-6.1-sol / high,pass,pass,,375.793,79288,0.05447928
r51,r51-us-elx07:pl-steps-luna-max,elx-07-cli-stats,1,kogen-bench-us,kh-plan,gpt-6-luna + gpt-6-luna + gpt-6.1-sol,gpt-6-luna / low + gpt-6-luna / xhigh + gpt-6.1-sol / high,pass,pass,,536.485,364961,0.05682602
r51,r51-us-elx07:pl-steps-luna-max,elx-07-cli-stats,2,kogen-bench-us,kh-plan,gpt-6-luna + gpt-6-luna + gpt-6.1-sol,gpt-6-luna / low + gpt-6-luna / xhigh + gpt-6.1-sol / high,pass,pass,,424.406,202741,0.050016420000000006
r51,r51-us-elx07:pl-steps-sol-low,elx-07-cli-stats,1,kogen-bench-us,kh-plan,gpt-6-luna + gpt-6.1-sol + gpt-6.1-sol,gpt-6-luna / low + gpt-6.1-sol / high + gpt-6.1-sol / low,pass,pass,,341.577,93318,0.11487412
r51,r51-us-elx07:pl-steps-sol-low,elx-07-cli-stats,2,kogen-bench-us,kh-plan,gpt-6-luna + gpt-6.1-sol + gpt-6.1-sol,gpt-6-luna / low + gpt-6.1-sol / high + gpt-6.1-sol / low,pass,pass,,363.509,68702,0.0996099
r53,r53:P-lunamax,elx-04-queue-backpressure,1,kogen-bench-eu,kh-plan,gpt-6-luna + gpt-6.1-sol,gpt-6-luna / xhigh + gpt-6.1-sol / high,pass,pass,,1854.742,909542,0.48416688
r53,r53:P-lunamax,elx-04-queue-backpressure,2,kogen-bench-eu,kh-plan,gpt-6-luna + gpt-6.1-sol,gpt-6-luna / xhigh + gpt-6.1-sol / high,pass,pass,,2405.619,1336449,0.52907204
r53,r53:P-lunamax,elx-04-queue-backpressure,3,kogen-bench-eu,kh-plan,gpt-6-luna + gpt-6.1-sol,gpt-6-luna / xhigh + gpt-6.1-sol / high,pass,pass,,1575.884,845561,0.4333178
r53,r53:lmax,elx-04-queue-backpressure,1,kogen-bench-eu,codex,gpt-6-luna,gpt-6-luna / max,pass,pass,,358.663,650701,0.01801282
r53,r53:lmax,elx-04-queue-backpressure,2,kogen-bench-eu,codex,gpt-6-luna,gpt-6-luna / max,pass,pass,,352.083,332817,0.01591666
r53,r53:lmax,elx-04-queue-backpressure,3,kogen-bench-eu,codex,gpt-6-luna,gpt-6-luna / max,pass,pass,,438.227,631212,0.02197872
r53,r53:sol-high,elx-04-queue-backpressure,1,kogen-bench-eu,codex,gpt-6.1-sol,gpt-6.1-sol / high,pass,pass,,384.989,190476,0.1684592
r53,r53:sol-high,elx-04-queue-backpressure,2,kogen-bench-eu,codex,gpt-6.1-sol,gpt-6.1-sol / high,pass,pass,,306.278,150198,0.1521192
r53,r53:sol-high,elx-04-queue-backpressure,3,kogen-bench-eu,codex,gpt-6.1-sol,gpt-6.1-sol / high,pass,pass,,327.598,186870,0.158572
r53,r53:sol,elx-04-queue-backpressure,1,kogen-bench-eu,codex,gpt-6-luna,low,pass,pass,,77.772,117746,0.004778040000000001
r53,r53:P-lunamax,syn-06-migration-ticket-numbers,1,kogen-bench-eu,kh-plan,gpt-6-luna + gpt-6.1-sol,gpt-6-luna / xhigh + gpt-6.1-sol / high,pass,pass,,1656.962,2169151,0.64244824
r53,r53:P-lunamax,syn-06-migration-ticket-numbers,2,kogen-bench-eu,kh-plan,gpt-6-luna + gpt-6.1-sol,gpt-6-luna / xhigh + gpt-6.1-sol / high,pass,pass,,2145.847,2531098,0.6234136
r53,r53:P-lunamax,syn-06-migration-ticket-numbers,3,kogen-bench-eu,kh-plan,gpt-6-luna + gpt-6.1-sol,gpt-6-luna / xhigh + gpt-6.1-sol / high,pass,fail,,2250.346,4299489,0.66122856
r53,r53:lmax,syn-06-migration-ticket-numbers,1,kogen-bench-eu,codex,gpt-6-luna,gpt-6-luna / max,pass,pass,,650.456,1356963,0.02985046
r53,r53:lmax,syn-06-migration-ticket-numbers,2,kogen-bench-eu,codex,gpt-6-luna,gpt-6-luna / max,pass,pass,,442.713,720010,0.01856972
r53,r53:lmax,syn-06-migration-ticket-numbers,3,kogen-bench-eu,codex,gpt-6-luna,gpt-6-luna / max,pass,pass,,366.092,1280117,0.02637442
r53,r53:sol-high,syn-06-migration-ticket-numbers,1,kogen-bench-eu,codex,gpt-6.1-sol,gpt-6.1-sol / high,pass,pass,,682.463,2211656,0.518496
r53,r53:sol-high,syn-06-migration-ticket-numbers,2,kogen-bench-eu,codex,gpt-6.1-sol,gpt-6.1-sol / high,pass,pass,,503.822,1050033,0.3398708
r53,r53:sol-high,syn-06-migration-ticket-numbers,3,kogen-bench-eu,codex,gpt-6.1-sol,gpt-6.1-sol / high,pass,pass,,497.521,1141937,0.352546
r53,r53:P-lunamax,syn-15-validation-ticket-form,1,kogen-bench-eu,kh-plan,gpt-6-luna + gpt-6.1-sol,gpt-6-luna / xhigh + gpt-6.1-sol / high,pass,pass,,1228.935,1537657,0.48633884000000005
r53,r53:P-lunamax,syn-15-validation-ticket-form,2,kogen-bench-eu,kh-plan,gpt-6-luna + gpt-6.1-sol,gpt-6-luna / xhigh + gpt-6.1-sol / high,pass,pass,,1138.427,1631971,0.5166693
r53,r53:P-lunamax,syn-15-validation-ticket-form,3,kogen-bench-eu,kh-plan,gpt-6-luna + gpt-6.1-sol,gpt-6-luna / xhigh + gpt-6.1-sol / high,pass,pass,,1266.557,1401926,0.59448614
r53,r53:lmax,syn-15-validation-ticket-form,1,kogen-bench-eu,codex,gpt-6-luna,gpt-6-luna / max,pass,pass,,120.755,340951,0.00881262
r53,r53:lmax,syn-15-validation-ticket-form,2,kogen-bench-eu,codex,gpt-6-luna,gpt-6-luna / max,pass,pass,,190.641,312914,0.00949884
r53,r53:lmax,syn-15-validation-ticket-form,3,kogen-bench-eu,codex,gpt-6-luna,gpt-6-luna / max,pass,pass,,260.868,651442,0.015362520000000001
r53,r53:sol-high,syn-15-validation-ticket-form,1,kogen-bench-eu,codex,gpt-6.1-sol,gpt-6.1-sol / high,pass,pass,,165.218,365146,0.1418104
r53,r53:sol-high,syn-15-validation-ticket-form,2,kogen-bench-eu,codex,gpt-6.1-sol,gpt-6.1-sol / high,pass,pass,,147.136,346163,0.1874876
r53,r53:sol-high,syn-15-validation-ticket-form,3,kogen-bench-eu,codex,gpt-6.1-sol,gpt-6.1-sol / high,pass,pass,,151.746,352590,0.1363448
r53,r53:P-lunamax,syn-24-csv-import,1,kogen-bench-eu,kh-plan,gpt-6-luna + gpt-6.1-sol,gpt-6-luna / xhigh + gpt-6.1-sol / high,pass,pass,,1558.297,2180181,0.50053484
r53,r53:P-lunamax,syn-24-csv-import,2,kogen-bench-eu,kh-plan,gpt-6-luna + gpt-6.1-sol,gpt-6-luna / xhigh + gpt-6.1-sol / high,pass,pass,,1782.921,2442883,0.6383956399999999
r53,r53:P-lunamax,syn-24-csv-import,3,kogen-bench-eu,kh-plan,gpt-6-luna + gpt-6.1-sol,gpt-6-luna / xhigh + gpt-6.1-sol / high,pass,pass,,2012.316,2791032,0.7063250200000001
r53,r53:lmax,syn-24-csv-import,1,kogen-bench-eu,codex,gpt-6-luna,gpt-6-luna / max,pass,pass,,595.852,1548853,0.03516722
r53,r53:lmax,syn-24-csv-import,2,kogen-bench-eu,codex,gpt-6-luna,gpt-6-luna / max,pass,pass,,469.49,898205,0.02942426
r53,r53:lmax,syn-24-csv-import,3,kogen-bench-eu,codex,gpt-6-luna,gpt-6-luna / max,pass,pass,,1143.544,1945301,0.043244819999999996
r53,r53:sol-high,syn-24-csv-import,1,kogen-bench-eu,codex,gpt-6.1-sol,gpt-6.1-sol / high,pass,pass,,421.706,537442,0.2701416
r53,r53:sol-high,syn-24-csv-import,2,kogen-bench-eu,codex,gpt-6.1-sol,gpt-6.1-sol / high,pass,pass,,411.482,542448,0.2693296
r53,r53:sol-high,syn-24-csv-import,3,kogen-bench-eu,codex,gpt-6.1-sol,gpt-6.1-sol / high,pass,pass,,473.703,506985,0.2711316
r53,r53:P-lunamax,elx-02-ingest-supervision,1,kogen-bench-us,kh-plan,gpt-6-luna + gpt-6.1-sol,gpt-6-luna / xhigh + gpt-6.1-sol / high,pass,pass,,1081.631,513593,0.32915972
r53,r53:P-lunamax,elx-02-ingest-supervision,2,kogen-bench-us,kh-plan,gpt-6-luna + gpt-6.1-sol,gpt-6-luna / xhigh + gpt-6.1-sol / high,pass,pass,,943.209,608113,0.303437
r53,r53:P-lunamax,elx-02-ingest-supervision,3,kogen-bench-us,kh-plan,gpt-6-luna + gpt-6.1-sol,gpt-6-luna / xhigh + gpt-6.1-sol / high,pass,pass,,983.175,478474,0.29268634
r53,r53:lmax,elx-02-ingest-supervision,1,kogen-bench-us,codex,gpt-6-luna,gpt-6-luna / max,pass,pass,,136.551,99507,0.00316566
r53,r53:lmax,elx-02-ingest-supervision,2,kogen-bench-us,codex,gpt-6-luna,gpt-6-luna / max,pass,pass,,109.745,144507,0.00420518
r53,r53:lmax,elx-02-ingest-supervision,3,kogen-bench-us,codex,gpt-6-luna,gpt-6-luna / max,pass,pass,,112.344,131041,0.0037376999999999996
r53,r53:sol-high,elx-02-ingest-supervision,1,kogen-bench-us,codex,gpt-6.1-sol,gpt-6.1-sol / high,pass,pass,,95.923,93729,0.05549
r53,r53:sol-high,elx-02-ingest-supervision,2,kogen-bench-us,codex,gpt-6.1-sol,gpt-6.1-sol / high,pass,pass,,97.131,111499,0.066526
r53,r53:sol-high,elx-02-ingest-supervision,3,kogen-bench-us,codex,gpt-6.1-sol,gpt-6.1-sol / high,pass,pass,,85.282,94206,0.046548
r53,r53:sol,elx-02-ingest-supervision,1,kogen-bench-us,codex,gpt-6-luna,low,pass,pass,,29.204,65382,0.00168148
r53,r53:P-lunamax,syn-01-live-ticket-filters,1,kogen-bench-us,kh-plan,gpt-6-luna + gpt-6.1-sol,gpt-6-luna / xhigh + gpt-6.1-sol / high,pass,pass,,1282.663,1288388,0.54349626
r53,r53:P-lunamax,syn-01-live-ticket-filters,2,kogen-bench-us,kh-plan,gpt-6-luna + gpt-6.1-sol,gpt-6-luna / xhigh + gpt-6.1-sol / high,pass,pass,,1313.06,1719815,0.60953668
r53,r53:P-lunamax,syn-01-live-ticket-filters,3,kogen-bench-us,kh-plan,gpt-6-luna + gpt-6.1-sol,gpt-6-luna / xhigh + gpt-6.1-sol / high,pass,pass,,1076.024,1387458,0.46468627999999995
r53,r53:lmax,syn-01-live-ticket-filters,1,kogen-bench-us,codex,gpt-6-luna,gpt-6-luna / max,pass,pass,,244.938,725990,0.01716364
r53,r53:lmax,syn-01-live-ticket-filters,2,kogen-bench-us,codex,gpt-6-luna,gpt-6-luna / max,pass,pass,,394.366,1036057,0.02155346
r53,r53:lmax,syn-01-live-ticket-filters,3,kogen-bench-us,codex,gpt-6-luna,gpt-6-luna / max,pass,pass,,471.021,1118380,0.02506504
r53,r53:sol-high,syn-01-live-ticket-filters,1,kogen-bench-us,codex,gpt-6.1-sol,gpt-6.1-sol / high,pass,pass,,265.623,504922,0.1774904
r53,r53:sol-high,syn-01-live-ticket-filters,2,kogen-bench-us,codex,gpt-6.1-sol,gpt-6.1-sol / high,pass,pass,,197.019,408084,0.1589584
r53,r53:sol-high,syn-01-live-ticket-filters,3,kogen-bench-us,codex,gpt-6.1-sol,gpt-6.1-sol / high,pass,pass,,166.794,322149,0.14457479999999998
r53,r53:P-lunamax,syn-20-email-invite-flow,1,kogen-bench-us,kh-plan,gpt-6-luna + gpt-6.1-sol,gpt-6-luna / xhigh + gpt-6.1-sol / high,pass,pass,,1793.39,3640158,0.6096563799999999
r53,r53:P-lunamax,syn-20-email-invite-flow,2,kogen-bench-us,kh-plan,gpt-6-luna + gpt-6.1-sol,gpt-6-luna / xhigh + gpt-6.1-sol / high,fail,fail,,1736.819,3817399,0.5777692600000001
r53,r53:P-lunamax,syn-20-email-invite-flow,3,kogen-bench-us,kh-plan,gpt-6-luna + gpt-6.1-sol,gpt-6-luna / xhigh + gpt-6.1-sol / high,pass,pass,,1929.091,4061821,0.75967122
r53,r53:lmax,syn-20-email-invite-flow,1,kogen-bench-us,codex,gpt-6-luna,gpt-6-luna / max,pass,pass,,462.453,1399110,0.03034396
r53,r53:lmax,syn-20-email-invite-flow,2,kogen-bench-us,codex,gpt-6-luna,gpt-6-luna / max,fail,fail,,327.961,777583,0.02149846
r53,r53:lmax,syn-20-email-invite-flow,3,kogen-bench-us,codex,gpt-6-luna,gpt-6-luna / max,pass,pass,,315.294,724446,0.020104760000000003
r53,r53:sol-high,syn-20-email-invite-flow,1,kogen-bench-us,codex,gpt-6.1-sol,gpt-6.1-sol / high,pass,pass,,542.755,725523,0.3104332
r53,r53:sol-high,syn-20-email-invite-flow,2,kogen-bench-us,codex,gpt-6.1-sol,gpt-6.1-sol / high,fail,fail,,582.589,833316,0.3609424
r53,r53:sol-high,syn-20-email-invite-flow,3,kogen-bench-us,codex,gpt-6.1-sol,gpt-6.1-sol / high,fail,fail,,491.059,759637,0.313522
r53,r53:P-lunamax,syn-31-inbound-email-webhook,1,kogen-bench-us,kh-plan,gpt-6-luna + gpt-6.1-sol,gpt-6-luna / xhigh + gpt-6.1-sol / high,pass,pass,,1567.659,2005543,0.63058794
r53,r53:P-lunamax,syn-31-inbound-email-webhook,2,kogen-bench-us,kh-plan,gpt-6-luna + gpt-6.1-sol,gpt-6-luna / xhigh + gpt-6.1-sol / high,fail,fail,,1689.601,2462131,0.5896783999999999
r53,r53:P-lunamax,syn-31-inbound-email-webhook,3,kogen-bench-us,kh-plan,gpt-6-luna + gpt-6.1-sol,gpt-6-luna / xhigh + gpt-6.1-sol / high,fail,fail,,1643.756,2842133,0.68881592
r53,r53:lmax,syn-31-inbound-email-webhook,1,kogen-bench-us,codex,gpt-6-luna,gpt-6-luna / max,fail,fail,,568.634,1509870,0.04149524
r53,r53:lmax,syn-31-inbound-email-webhook,2,kogen-bench-us,codex,gpt-6-luna,gpt-6-luna / max,pass,pass,,775.473,1225921,0.030375060000000002
r53,r53:lmax,syn-31-inbound-email-webhook,3,kogen-bench-us,codex,gpt-6-luna,gpt-6-luna / max,fail,fail,,469.256,1214906,0.02940396
r53,r53:sol-high,syn-31-inbound-email-webhook,1,kogen-bench-us,codex,gpt-6.1-sol,gpt-6.1-sol / high,pass,pass,,414.247,488499,0.23712439999999999
r53,r53:sol-high,syn-31-inbound-email-webhook,2,kogen-bench-us,codex,gpt-6.1-sol,gpt-6.1-sol / high,pass,pass,,489.832,574934,0.32323759999999996
r53,r53:sol-high,syn-31-inbound-email-webhook,3,kogen-bench-us,codex,gpt-6.1-sol,gpt-6.1-sol / high,pass,pass,,433.688,773230,0.3105928
r53b,r53b-eu-elx04-lmax:lmax,elx-04-queue-backpressure,4,kogen-bench-eu,codex,gpt-6-luna,max,pass,pass,,307.623,336595,0.014141899999999999
r53b,r53b-eu-elx04-lmax:lmax,elx-04-queue-backpressure,5,kogen-bench-eu,codex,gpt-6-luna,max,pass,pass,,342.364,554814,0.017469639999999998
r53b,r53b-eu-elx04-lmax:lmax,elx-04-queue-backpressure,6,kogen-bench-eu,codex,gpt-6-luna,max,pass,pass,,269.578,211981,0.011146979999999999
r53b,r53b-eu-elx04-sol:sol-high,elx-04-queue-backpressure,4,kogen-bench-eu,codex,gpt-6.1-sol,high,pass,pass,,249.376,149571,0.124318
r53b,r53b-eu-elx04-sol:sol-high,elx-04-queue-backpressure,5,kogen-bench-eu,codex,gpt-6.1-sol,high,pass,pass,,280.829,155223,0.1308652
r53b,r53b-eu-elx04-sol:sol-high,elx-04-queue-backpressure,6,kogen-bench-eu,codex,gpt-6.1-sol,high,pass,pass,,273.167,161843,0.13446360000000002
r53b,r53b-us-elx02-P:P-lunamax,elx-02-ingest-supervision,4,kogen-bench-us,kh-plan,gpt-6-luna,xhigh,pass,pass,,814.954,232116,
r53b,r53b-us-elx02-lmax:lmax,elx-02-ingest-supervision,4,kogen-bench-us,codex,gpt-6-luna,max,pass,pass,,66.609,134875,0.0037022200000000004
r53b,r53b-us-elx02-lmax:lmax,elx-02-ingest-supervision,5,kogen-bench-us,codex,gpt-6-luna,max,pass,pass,,81.175,146837,0.00400354
r53b,r53b-us-elx02-lmax:lmax,elx-02-ingest-supervision,6,kogen-bench-us,codex,gpt-6-luna,max,pass,pass,,56.895,130261,0.00345026
r53b,r53b-us-elx02-sol:sol-high,elx-02-ingest-supervision,4,kogen-bench-us,codex,gpt-6.1-sol,high,pass,pass,,105.434,93196,0.0755792
r53b,r53b-us-elx02-sol:sol-high,elx-02-ingest-supervision,5,kogen-bench-us,codex,gpt-6.1-sol,high,pass,pass,,99.027,127035,0.0694204
r53b,r53b-us-elx02-sol:sol-high,elx-02-ingest-supervision,6,kogen-bench-us,codex,gpt-6.1-sol,high,pass,pass,,94.171,111167,0.06324919999999999
r54,r54-eu-elx12:pack-plan-handoff,elx-12-retry-api-deprecation,1,kogen-bench-eu,kh-plan,gpt-6-luna,low,pass,pass,,271.272,71446,
r54,r54-eu-elx12:pack-plan-handoff,elx-12-retry-api-deprecation,2,kogen-bench-eu,kh-plan,gpt-6-luna,low,pass,pass,,265.771,74649,
r54,r54-eu-elx12:pack-plan-handoff,elx-12-retry-api-deprecation,3,kogen-bench-eu,kh-plan,gpt-6-luna,low,pass,pass,,347.45,122742,
r54,r54-eu-elx12:pack-plan,elx-12-retry-api-deprecation,1,kogen-bench-eu,kh-plan,gpt-6-luna,low,pass,pass,,232.242,52152,
r54,r54-eu-elx12:pack-plan,elx-12-retry-api-deprecation,2,kogen-bench-eu,kh-plan,gpt-6-luna,low,pass,pass,,277.909,49073,
r54,r54-eu-elx12:pack-plan,elx-12-retry-api-deprecation,3,kogen-bench-eu,kh-plan,gpt-6-luna,low,pass,pass,,297.344,38932,
r54,r54-eu-syn13:pack-plan-handoff,syn-13-bug-empty-filter-crash,1,kogen-bench-eu,kh-plan,gpt-6-luna,low,fail,fail,,313.106,214082,
r54,r54-eu-syn13:pack-plan-handoff,syn-13-bug-empty-filter-crash,2,kogen-bench-eu,kh-plan,gpt-6-luna,low,fail,fail,,256.599,138865,
r54,r54-eu-syn13:pack-plan-handoff,syn-13-bug-empty-filter-crash,3,kogen-bench-eu,kh-plan,gpt-6-luna,low,fail,fail,,330.772,135120,
r54,r54-eu-syn13:pack-plan,syn-13-bug-empty-filter-crash,1,kogen-bench-eu,kh-plan,gpt-6-luna,low,fail,fail,,232.706,82935,
r54,r54-eu-syn13:pack-plan,syn-13-bug-empty-filter-crash,2,kogen-bench-eu,kh-plan,gpt-6-luna,low,fail,fail,,261.258,112357,
r54,r54-eu-syn13:pack-plan,syn-13-bug-empty-filter-crash,3,kogen-bench-eu,kh-plan,gpt-6-luna,low,fail,fail,,267.623,124417,
r54,r54-eu-syn14:pack-plan-handoff,syn-14-bug-sla-business-hours,1,kogen-bench-eu,kh-plan,gpt-6-luna,low,pass,pass,,275.058,143311,
r54,r54-eu-syn14:pack-plan-handoff,syn-14-bug-sla-business-hours,2,kogen-bench-eu,kh-plan,gpt-6-luna,low,pass,pass,,228.086,143467,
r54,r54-eu-syn14:pack-plan-handoff,syn-14-bug-sla-business-hours,3,kogen-bench-eu,kh-plan,gpt-6-luna,low,pass,pass,,253.935,122599,
r54,r54-eu-syn14:pack-plan,syn-14-bug-sla-business-hours,1,kogen-bench-eu,kh-plan,gpt-6-luna,low,pass,pass,,229.945,66575,
r54,r54-eu-syn14:pack-plan,syn-14-bug-sla-business-hours,2,kogen-bench-eu,kh-plan,gpt-6-luna,low,pass,pass,,300.973,134702,
r54,r54-eu-syn14:pack-plan,syn-14-bug-sla-business-hours,3,kogen-bench-eu,kh-plan,gpt-6-luna,low,pass,pass,,295.505,181492,
r54,r54-us-elx05:pack-plan-handoff,elx-05-cache-single-flight,1,kogen-bench-us,kh-plan,gpt-6-luna,low,pass,pass,,277.696,40946,
r54,r54-us-elx05:pack-plan-handoff,elx-05-cache-single-flight,2,kogen-bench-us,kh-plan,gpt-6-luna,low,pass,pass,,258.936,56691,
r54,r54-us-elx05:pack-plan-handoff,elx-05-cache-single-flight,3,kogen-bench-us,kh-plan,gpt-6-luna,low,pass,pass,,329.089,40920,
r54,r54-us-elx05:pack-plan,elx-05-cache-single-flight,1,kogen-bench-us,kh-plan,gpt-6-luna,low,pass,pass,,268.869,21120,
r54,r54-us-elx05:pack-plan,elx-05-cache-single-flight,2,kogen-bench-us,kh-plan,gpt-6-luna,low,pass,pass,,264.655,22303,
r54,r54-us-elx05:pack-plan,elx-05-cache-single-flight,3,kogen-bench-us,kh-plan,gpt-6-luna,low,pass,pass,,291.227,45957,
r54,r54-us-elx07:pack-plan-handoff,elx-07-cli-stats,1,kogen-bench-us,kh-plan,gpt-6-luna,low,fail,fail,,358.642,118609,
r54,r54-us-elx07:pack-plan-handoff,elx-07-cli-stats,2,kogen-bench-us,kh-plan,gpt-6-luna,low,pass,pass,,363.374,50897,
r54,r54-us-elx07:pack-plan-handoff,elx-07-cli-stats,3,kogen-bench-us,kh-plan,gpt-6-luna,low,pass,pass,,333.773,48944,
r54,r54-us-elx07:pack-plan,elx-07-cli-stats,1,kogen-bench-us,kh-plan,gpt-6-luna,low,pass,pass,,398.458,69288,
r54,r54-us-elx07:pack-plan,elx-07-cli-stats,2,kogen-bench-us,kh-plan,gpt-6-luna,low,pass,pass,,278.605,45012,
r54,r54-us-elx07:pack-plan,elx-07-cli-stats,3,kogen-bench-us,kh-plan,gpt-6-luna,low,pass,pass,,328.786,46097,
r55,r55:lmax,elx-port-active-storage-tracking,1,kogen-bench-eu,codex,gpt-6-luna,max,pass,pass,,310.555,424199,0.01578958
r55,r55:lmax,elx-port-active-storage-tracking,2,kogen-bench-eu,codex,gpt-6-luna,max,pass,pass,,374.366,1020775,0.02440118
r55,r55:lmax,elx-port-active-storage-tracking,3,kogen-bench-eu,codex,gpt-6-luna,max,pass,pass,,394.086,823854,0.02211788
r55,r55:sol-high,elx-port-active-storage-tracking,1,kogen-bench-eu,codex,gpt-6.1-sol,high,pass,pass,,903.575,1085749,0.4414468
r55,r55:sol-high,elx-port-active-storage-tracking,2,kogen-bench-eu,codex,gpt-6.1-sol,high,fail,fail,,1443.75,3526171,0.8712396000000001
r55,r55:sol-high,elx-port-active-storage-tracking,3,kogen-bench-eu,codex,gpt-6.1-sol,high,fail,fail,,1368.131,2519004,0.7243632
r55,r55:lmax,elx-port-variant-processed-once,1,kogen-bench-eu,codex,gpt-6-luna,max,pass,pass,,244.458,431334,0.013293880000000001
r55,r55:lmax,elx-port-variant-processed-once,2,kogen-bench-eu,codex,gpt-6-luna,max,pass,pass,,351.548,1057005,0.02475434
r55,r55:lmax,elx-port-variant-processed-once,3,kogen-bench-eu,codex,gpt-6-luna,max,pass,pass,,152.944,274869,0.00888866
r55,r55:sol-high,elx-port-variant-processed-once,1,kogen-bench-eu,codex,gpt-6.1-sol,high,pass,pass,,958.486,2274165,0.600322
r55,r55:sol-high,elx-port-variant-processed-once,2,kogen-bench-eu,codex,gpt-6.1-sol,high,pass,pass,,764.167,1558164,0.452552
r55,r55:sol-high,elx-port-variant-processed-once,3,kogen-bench-eu,codex,gpt-6.1-sol,high,pass,pass,,632.791,1533944,0.3992528000000001
r55,r55:lmax,elx-port-board-publish-unpublish-public-boundary,1,kogen-bench-us,codex,gpt-6-luna,max,fail,fail,,247.767,216937,0.0084577
r55,r55:lmax,elx-port-board-publish-unpublish-public-boundary,2,kogen-bench-us,codex,gpt-6-luna,max,pass,pass,,284.58,232640,0.00807328
r55,r55:lmax,elx-port-board-publish-unpublish-public-boundary,3,kogen-bench-us,codex,gpt-6-luna,max,fail,fail,,274.254,172959,0.007186860000000001
r55,r55:sol-high,elx-port-board-publish-unpublish-public-boundary,1,kogen-bench-us,codex,gpt-6.1-sol,high,pass,pass,,262.798,202491,0.1276844
r55,r55:sol-high,elx-port-board-publish-unpublish-public-boundary,2,kogen-bench-us,codex,gpt-6.1-sol,high,pass,pass,,240.175,227826,0.13347920000000002
r55,r55:sol-high,elx-port-board-publish-unpublish-public-boundary,3,kogen-bench-us,codex,gpt-6.1-sol,high,pass,pass,,280.717,328074,0.158004
r55,r55:lmax,elx-port-cancelled-account-cleanup,1,kogen-bench-us,codex,gpt-6-luna,max,pass,pass,,415.814,971098,0.02553796
r55,r55:lmax,elx-port-cancelled-account-cleanup,2,kogen-bench-us,codex,gpt-6-luna,max,pass,pass,,567.773,1814189,0.039704260000000005
r55,r55:lmax,elx-port-cancelled-account-cleanup,3,kogen-bench-us,codex,gpt-6-luna,max,fail,fail,,284.136,418280,0.01527944
r55,r55:sol-high,elx-port-cancelled-account-cleanup,1,kogen-bench-us,codex,gpt-6.1-sol,high,pass,pass,,399.568,534252,0.2354288
r55,r55:sol-high,elx-port-cancelled-account-cleanup,2,kogen-bench-us,codex,gpt-6.1-sol,high,pass,pass,,416.649,618362,0.253796
r55,r55:sol-high,elx-port-cancelled-account-cleanup,3,kogen-bench-us,codex,gpt-6.1-sol,high,pass,pass,,448.947,668566,0.27433840000000004
r55,r55:lmax,elx-port-erase-account,1,kogen-bench-us,codex,gpt-6-luna,max,fail,fail,,310.425,483316,0.01658984
r55,r55:lmax,elx-port-erase-account,2,kogen-bench-us,codex,gpt-6-luna,max,fail,fail,,425.572,690839,0.0222779
r55,r55:lmax,elx-port-erase-account,3,kogen-bench-us,codex,gpt-6-luna,max,fail,fail,,338.856,680169,0.0199573
r55,r55:sol-high,elx-port-erase-account,1,kogen-bench-us,codex,gpt-6.1-sol,high,pass,pass,,246.177,272010,0.15032879999999998
r55,r55:sol-high,elx-port-erase-account,2,kogen-bench-us,codex,gpt-6.1-sol,high,pass,pass,,296.64,323513,0.17817
r55,r55:sol-high,elx-port-erase-account,3,kogen-bench-us,codex,gpt-6.1-sol,high,pass,pass,,287.045,314151,0.1657692
r56,r56-eu-elx12:P-full,elx-12-retry-api-deprecation,1,kogen-bench-eu,kh-plan,gpt-6-luna + gpt-6.1-sol,gpt-6-luna / xhigh + gpt-6.1-sol / high,pass,pass,,1927.613,1305308,0.5504110400000001
r56,r56-eu-elx12:P-full,elx-12-retry-api-deprecation,10,kogen-bench-eu,kh-plan,gpt-6-luna + gpt-6.1-sol,gpt-6-luna / xhigh + gpt-6.1-sol / high,pass,pass,,1945.74,2306156,0.5425294199999999
r56,r56-eu-elx12:P-full,elx-12-retry-api-deprecation,11,kogen-bench-eu,kh-plan,gpt-6-luna + gpt-6.1-sol,gpt-6-luna / xhigh + gpt-6.1-sol / high,pass,pass,,1428.248,1587283,0.5515890800000001
r56,r56-eu-elx12:P-full,elx-12-retry-api-deprecation,12,kogen-bench-eu,kh-plan,gpt-6-luna + gpt-6.1-sol,gpt-6-luna / xhigh + gpt-6.1-sol / high,pass,fail,,2447.767,1767648,0.5422352
r56,r56-eu-elx12:P-full,elx-12-retry-api-deprecation,2,kogen-bench-eu,kh-plan,gpt-6-luna + gpt-6.1-sol,gpt-6-luna / xhigh + gpt-6.1-sol / high,pass,pass,,1788.554,1454202,0.55097284
r56,r56-eu-elx12:P-full,elx-12-retry-api-deprecation,3,kogen-bench-eu,kh-plan,gpt-6-luna + gpt-6.1-sol,gpt-6-luna / xhigh + gpt-6.1-sol / high,pass,pass,,1607.313,1568556,0.5553309200000001
r56,r56-eu-elx12:P-full,elx-12-retry-api-deprecation,4,kogen-bench-eu,kh-plan,gpt-6-luna + gpt-6.1-sol,gpt-6-luna / xhigh + gpt-6.1-sol / high,pass,pass,,1697.167,1443439,0.557485
r56,r56-eu-elx12:P-full,elx-12-retry-api-deprecation,5,kogen-bench-eu,kh-plan,gpt-6-luna + gpt-6.1-sol,gpt-6-luna / xhigh + gpt-6.1-sol / high,pass,pass,,1876.023,1596566,0.5811365399999999
r56,r56-eu-elx12:P-full,elx-12-retry-api-deprecation,6,kogen-bench-eu,kh-plan,gpt-6-luna + gpt-6.1-sol,gpt-6-luna / xhigh + gpt-6.1-sol / high,pass,pass,,1601.26,1004975,0.46503406
r56,r56-eu-elx12:P-full,elx-12-retry-api-deprecation,7,kogen-bench-eu,kh-plan,gpt-6-luna + gpt-6.1-sol,gpt-6-luna / xhigh + gpt-6.1-sol / high,pass,pass,,2312.639,2576726,0.6382972
r56,r56-eu-elx12:P-full,elx-12-retry-api-deprecation,8,kogen-bench-eu,kh-plan,gpt-6-luna + gpt-6.1-sol,gpt-6-luna / xhigh + gpt-6.1-sol / high,pass,pass,,1518.7,1382810,0.47118409999999994
r56,r56-eu-elx12:P-full,elx-12-retry-api-deprecation,9,kogen-bench-eu,kh-plan,gpt-6-luna + gpt-6.1-sol,gpt-6-luna / xhigh + gpt-6.1-sol / high,pass,pass,,1444.936,1352599,0.5609275
r56,r56-eu-elx12:P-nocontract,elx-12-retry-api-deprecation,1,kogen-bench-eu,kh-plan,gpt-6-luna + gpt-6.1-sol,gpt-6-luna / xhigh + gpt-6.1-sol / high,pass,pass,,1176.833,786591,0.2813169
r56,r56-eu-elx12:P-nocontract,elx-12-retry-api-deprecation,10,kogen-bench-eu,kh-plan,gpt-6-luna + gpt-6.1-sol,gpt-6-luna / xhigh + gpt-6.1-sol / high,pass,pass,,1282.026,1245587,0.42104727999999997
r56,r56-eu-elx12:P-nocontract,elx-12-retry-api-deprecation,11,kogen-bench-eu,kh-plan,gpt-6-luna + gpt-6.1-sol,gpt-6-luna / xhigh + gpt-6.1-sol / high,fail,fail,,986.41,926870,0.26740992
r56,r56-eu-elx12:P-nocontract,elx-12-retry-api-deprecation,12,kogen-bench-eu,kh-plan,gpt-6-luna + gpt-6.1-sol,gpt-6-luna / xhigh + gpt-6.1-sol / high,pass,pass,,1268.439,1441020,0.36837512
r56,r56-eu-elx12:P-nocontract,elx-12-retry-api-deprecation,2,kogen-bench-eu,kh-plan,gpt-6-luna + gpt-6.1-sol,gpt-6-luna / xhigh + gpt-6.1-sol / high,fail,fail,,1017.565,870391,0.29881632
r56,r56-eu-elx12:P-nocontract,elx-12-retry-api-deprecation,3,kogen-bench-eu,kh-plan,gpt-6-luna + gpt-6.1-sol,gpt-6-luna / xhigh + gpt-6.1-sol / high,pass,pass,,985.846,868484,0.26016642
r56,r56-eu-elx12:P-nocontract,elx-12-retry-api-deprecation,4,kogen-bench-eu,kh-plan,gpt-6-luna + gpt-6.1-sol,gpt-6-luna / xhigh + gpt-6.1-sol / high,pass,pass,,1228.3,935842,0.26705844
r56,r56-eu-elx12:P-nocontract,elx-12-retry-api-deprecation,5,kogen-bench-eu,kh-plan,gpt-6-luna + gpt-6.1-sol,gpt-6-luna / xhigh + gpt-6.1-sol / high,pass,pass,,1729.586,2213422,0.40884578
r56,r56-eu-elx12:P-nocontract,elx-12-retry-api-deprecation,6,kogen-bench-eu,kh-plan,gpt-6-luna + gpt-6.1-sol,gpt-6-luna / xhigh + gpt-6.1-sol / high,pass,pass,,1078.6,968457,0.25634208
r56,r56-eu-elx12:P-nocontract,elx-12-retry-api-deprecation,7,kogen-bench-eu,kh-plan,gpt-6-luna + gpt-6.1-sol,gpt-6-luna / xhigh + gpt-6.1-sol / high,pass,pass,,1376.95,1206454,0.32981274
r56,r56-eu-elx12:P-nocontract,elx-12-retry-api-deprecation,8,kogen-bench-eu,kh-plan,gpt-6-luna + gpt-6.1-sol,gpt-6-luna / xhigh + gpt-6.1-sol / high,pass,pass,,1035.064,1065463,0.31136758
r56,r56-eu-elx12:P-nocontract,elx-12-retry-api-deprecation,9,kogen-bench-eu,kh-plan,gpt-6-luna + gpt-6.1-sol,gpt-6-luna / xhigh + gpt-6.1-sol / high,pass,pass,,1128.985,1375318,0.26177258000000003
r56,r56-eu-elx12:P-noctx2,elx-12-retry-api-deprecation,1,kogen-bench-eu,kh-plan,gpt-6-luna + gpt-6.1-sol,gpt-6-luna / xhigh + gpt-6.1-sol / high,pass,pass,,1909.464,2241024,0.52836176
r56,r56-eu-elx12:P-noctx2,elx-12-retry-api-deprecation,10,kogen-bench-eu,kh-plan,gpt-6-luna + gpt-6.1-sol,gpt-6-luna / xhigh + gpt-6.1-sol / high,pass,pass,,1983.28,3008667,0.48369714
r56,r56-eu-elx12:P-noctx2,elx-12-retry-api-deprecation,11,kogen-bench-eu,kh-plan,gpt-6-luna + gpt-6.1-sol,gpt-6-luna / xhigh + gpt-6.1-sol / high,pass,pass,,1619.196,1928632,0.50941504
r56,r56-eu-elx12:P-noctx2,elx-12-retry-api-deprecation,12,kogen-bench-eu,kh-plan,gpt-6-luna + gpt-6.1-sol,gpt-6-luna / xhigh + gpt-6.1-sol / high,pass,pass,,2002.385,3557613,0.5154789399999999
r56,r56-eu-elx12:P-noctx2,elx-12-retry-api-deprecation,2,kogen-bench-eu,kh-plan,gpt-6-luna + gpt-6.1-sol,gpt-6-luna / xhigh + gpt-6.1-sol / high,pass,pass,,1910.298,2363894,0.46222465999999995
r56,r56-eu-elx12:P-noctx2,elx-12-retry-api-deprecation,3,kogen-bench-eu,kh-plan,gpt-6-luna + gpt-6.1-sol,gpt-6-luna / xhigh + gpt-6.1-sol / high,pass,pass,,1780.209,2576298,0.52586406
r56,r56-eu-elx12:P-noctx2,elx-12-retry-api-deprecation,4,kogen-bench-eu,kh-plan,gpt-6-luna + gpt-6.1-sol,gpt-6-luna / xhigh + gpt-6.1-sol / high,pass,pass,,1632.53,2195639,0.49441006000000004
r56,r56-eu-elx12:P-noctx2,elx-12-retry-api-deprecation,5,kogen-bench-eu,kh-plan,gpt-6-luna + gpt-6.1-sol,gpt-6-luna / xhigh + gpt-6.1-sol / high,pass,pass,,2098.116,5014976,0.4676454200000001
r56,r56-eu-elx12:P-noctx2,elx-12-retry-api-deprecation,6,kogen-bench-eu,kh-plan,gpt-6-luna + gpt-6.1-sol,gpt-6-luna / xhigh + gpt-6.1-sol / high,pass,pass,,1927.352,1963269,0.44432198
r56,r56-eu-elx12:P-noctx2,elx-12-retry-api-deprecation,7,kogen-bench-eu,kh-plan,gpt-6-luna + gpt-6.1-sol,gpt-6-luna / xhigh + gpt-6.1-sol / high,pass,pass,,1798.336,2404790,0.50612336
r56,r56-eu-elx12:P-noctx2,elx-12-retry-api-deprecation,8,kogen-bench-eu,kh-plan,gpt-6-luna + gpt-6.1-sol,gpt-6-luna / xhigh + gpt-6.1-sol / high,pass,pass,,1530.196,1959123,0.45064464
r56,r56-eu-elx12:P-noctx2,elx-12-retry-api-deprecation,9,kogen-bench-eu,kh-plan,gpt-6-luna + gpt-6.1-sol,gpt-6-luna / xhigh + gpt-6.1-sol / high,pass,pass,,2015.548,2749380,0.58237308
r56,r56-eu-elx12:P-noplan,elx-12-retry-api-deprecation,1,kogen-bench-eu,kh-plan,gpt-6-luna,requested low (stage efforts not recovered),invalid,unresolved,control_apply cause unresolved; inspect documented audit,0.657,,
r56,r56-eu-elx12:P-noplan,elx-12-retry-api-deprecation,10,kogen-bench-eu,kh-plan,gpt-6-luna,requested low (stage efforts not recovered),invalid,unresolved,control_apply cause unresolved; inspect documented audit,0.634,,
r56,r56-eu-elx12:P-noplan,elx-12-retry-api-deprecation,11,kogen-bench-eu,kh-plan,gpt-6-luna,requested low (stage efforts not recovered),invalid,unresolved,control_apply cause unresolved; inspect documented audit,0.649,,
r56,r56-eu-elx12:P-noplan,elx-12-retry-api-deprecation,12,kogen-bench-eu,kh-plan,gpt-6-luna,requested low (stage efforts not recovered),invalid,unresolved,control_apply cause unresolved; inspect documented audit,0.651,,
r56,r56-eu-elx12:P-noplan,elx-12-retry-api-deprecation,2,kogen-bench-eu,kh-plan,gpt-6-luna,requested low (stage efforts not recovered),invalid,unresolved,control_apply cause unresolved; inspect documented audit,0.647,,
r56,r56-eu-elx12:P-noplan,elx-12-retry-api-deprecation,3,kogen-bench-eu,kh-plan,gpt-6-luna,requested low (stage efforts not recovered),invalid,unresolved,control_apply cause unresolved; inspect documented audit,0.65,,
r56,r56-eu-elx12:P-noplan,elx-12-retry-api-deprecation,4,kogen-bench-eu,kh-plan,gpt-6-luna,requested low (stage efforts not recovered),invalid,unresolved,control_apply cause unresolved; inspect documented audit,0.651,,
r56,r56-eu-elx12:P-noplan,elx-12-retry-api-deprecation,5,kogen-bench-eu,kh-plan,gpt-6-luna,requested low (stage efforts not recovered),invalid,unresolved,control_apply cause unresolved; inspect documented audit,0.655,,
r56,r56-eu-elx12:P-noplan,elx-12-retry-api-deprecation,6,kogen-bench-eu,kh-plan,gpt-6-luna,requested low (stage efforts not recovered),invalid,unresolved,control_apply cause unresolved; inspect documented audit,0.655,,
r56,r56-eu-elx12:P-noplan,elx-12-retry-api-deprecation,7,kogen-bench-eu,kh-plan,gpt-6-luna,requested low (stage efforts not recovered),invalid,unresolved,control_apply cause unresolved; inspect documented audit,0.654,,
r56,r56-eu-elx12:P-noplan,elx-12-retry-api-deprecation,8,kogen-bench-eu,kh-plan,gpt-6-luna,requested low (stage efforts not recovered),invalid,unresolved,control_apply cause unresolved; inspect documented audit,0.653,,
r56,r56-eu-elx12:P-noplan,elx-12-retry-api-deprecation,9,kogen-bench-eu,kh-plan,gpt-6-luna,requested low (stage efforts not recovered),invalid,unresolved,control_apply cause unresolved; inspect documented audit,0.622,,
r56,r56-eu-elx12:P-noreview,elx-12-retry-api-deprecation,1,kogen-bench-eu,kh-plan,gpt-6-luna + gpt-6.1-sol,gpt-6-luna / xhigh + gpt-6.1-sol / high,pass,pass,,939.519,527025,0.30848445999999996
r56,r56-eu-elx12:P-noreview,elx-12-retry-api-deprecation,10,kogen-bench-eu,kh-plan,gpt-6-luna + gpt-6.1-sol,gpt-6-luna / xhigh + gpt-6.1-sol / high,pass,pass,,939.994,797563,0.36609519999999995
r56,r56-eu-elx12:P-noreview,elx-12-retry-api-deprecation,11,kogen-bench-eu,kh-plan,gpt-6-luna + gpt-6.1-sol,gpt-6-luna / xhigh + gpt-6.1-sol / high,pass,pass,,1039.749,1050388,0.37455748
r56,r56-eu-elx12:P-noreview,elx-12-retry-api-deprecation,12,kogen-bench-eu,kh-plan,gpt-6-luna + gpt-6.1-sol,gpt-6-luna / xhigh + gpt-6.1-sol / high,pass,pass,,1191.45,1083945,0.35763824
r56,r56-eu-elx12:P-noreview,elx-12-retry-api-deprecation,2,kogen-bench-eu,kh-plan,gpt-6-luna + gpt-6.1-sol,gpt-6-luna / xhigh + gpt-6.1-sol / high,pass,pass,,1360.542,1059241,0.43113261999999997
r56,r56-eu-elx12:P-noreview,elx-12-retry-api-deprecation,3,kogen-bench-eu,kh-plan,gpt-6-luna + gpt-6.1-sol,gpt-6-luna / xhigh + gpt-6.1-sol / high,pass,pass,,1025.082,692595,0.33601496
r56,r56-eu-elx12:P-noreview,elx-12-retry-api-deprecation,4,kogen-bench-eu,kh-plan,gpt-6-luna + gpt-6.1-sol,gpt-6-luna / xhigh + gpt-6.1-sol / high,pass,pass,,1055.485,952472,0.34079802000000003
r56,r56-eu-elx12:P-noreview,elx-12-retry-api-deprecation,5,kogen-bench-eu,kh-plan,gpt-6-luna + gpt-6.1-sol,gpt-6-luna / xhigh + gpt-6.1-sol / high,pass,pass,,991.24,538541,0.38784614
r56,r56-eu-elx12:P-noreview,elx-12-retry-api-deprecation,6,kogen-bench-eu,kh-plan,gpt-6-luna + gpt-6.1-sol,gpt-6-luna / xhigh + gpt-6.1-sol / high,pass,pass,,1167.054,781778,0.4443551
r56,r56-eu-elx12:P-noreview,elx-12-retry-api-deprecation,7,kogen-bench-eu,kh-plan,gpt-6-luna + gpt-6.1-sol,gpt-6-luna / xhigh + gpt-6.1-sol / high,pass,pass,,1263.525,1058548,0.4760195
r56,r56-eu-elx12:P-noreview,elx-12-retry-api-deprecation,8,kogen-bench-eu,kh-plan,gpt-6-luna + gpt-6.1-sol,gpt-6-luna / xhigh + gpt-6.1-sol / high,pass,pass,,984.967,832504,0.34294613999999995
r56,r56-eu-elx12:P-noreview,elx-12-retry-api-deprecation,9,kogen-bench-eu,kh-plan,gpt-6-luna + gpt-6.1-sol,gpt-6-luna / xhigh + gpt-6.1-sol / high,pass,pass,,1041.561,954714,0.42184416
r56,r56-us-elx07:P-full,elx-07-cli-stats,1,kogen-bench-us,kh-plan,gpt-6-luna + gpt-6.1-sol,gpt-6-luna / xhigh + gpt-6.1-sol / high,pass,pass,,1577.285,1076306,0.52460938
r56,r56-us-elx07:P-full,elx-07-cli-stats,10,kogen-bench-us,kh-plan,gpt-6-luna + gpt-6.1-sol,gpt-6-luna / xhigh + gpt-6.1-sol / high,pass,pass,,1572.793,1379880,0.45864924
r56,r56-us-elx07:P-full,elx-07-cli-stats,11,kogen-bench-us,kh-plan,gpt-6-luna + gpt-6.1-sol,gpt-6-luna / xhigh + gpt-6.1-sol / high,pass,pass,,1401.885,1039382,0.48771388
r56,r56-us-elx07:P-full,elx-07-cli-stats,12,kogen-bench-us,kh-plan,gpt-6-luna + gpt-6.1-sol,gpt-6-luna / xhigh + gpt-6.1-sol / high,pass,pass,,1408.754,1124948,0.50085784
r56,r56-us-elx07:P-full,elx-07-cli-stats,2,kogen-bench-us,kh-plan,gpt-6-luna + gpt-6.1-sol,gpt-6-luna / xhigh + gpt-6.1-sol / high,pass,pass,,1272.272,848280,0.40908818
r56,r56-us-elx07:P-full,elx-07-cli-stats,3,kogen-bench-us,kh-plan,gpt-6-luna + gpt-6.1-sol,gpt-6-luna / xhigh + gpt-6.1-sol / high,pass,pass,,1960.83,1955707,0.60840266
r56,r56-us-elx07:P-full,elx-07-cli-stats,4,kogen-bench-us,kh-plan,gpt-6-luna + gpt-6.1-sol,gpt-6-luna / xhigh + gpt-6.1-sol / high,pass,pass,,1663.74,1442656,0.43057958
r56,r56-us-elx07:P-full,elx-07-cli-stats,5,kogen-bench-us,kh-plan,gpt-6-luna + gpt-6.1-sol,gpt-6-luna / xhigh + gpt-6.1-sol / high,pass,pass,,1216.869,832809,0.5412345199999999
r56,r56-us-elx07:P-full,elx-07-cli-stats,6,kogen-bench-us,kh-plan,gpt-6-luna + gpt-6.1-sol,gpt-6-luna / xhigh + gpt-6.1-sol / high,pass,pass,,1434.915,1133528,0.43880045999999995
r56,r56-us-elx07:P-full,elx-07-cli-stats,7,kogen-bench-us,kh-plan,gpt-6-luna + gpt-6.1-sol,gpt-6-luna / xhigh + gpt-6.1-sol / high,pass,pass,,1711.301,1372662,0.54063196
r56,r56-us-elx07:P-full,elx-07-cli-stats,8,kogen-bench-us,kh-plan,gpt-6-luna + gpt-6.1-sol,gpt-6-luna / xhigh + gpt-6.1-sol / high,pass,pass,,1440.378,1235220,0.4886526
r56,r56-us-elx07:P-full,elx-07-cli-stats,9,kogen-bench-us,kh-plan,gpt-6-luna + gpt-6.1-sol,gpt-6-luna / xhigh + gpt-6.1-sol / high,pass,pass,,1423.147,1226081,0.45715281999999996
r56,r56-us-elx07:P-nocontract,elx-07-cli-stats,1,kogen-bench-us,kh-plan,gpt-6-luna + gpt-6.1-sol,gpt-6-luna / xhigh + gpt-6.1-sol / high,pass,pass,,893.944,708545,0.24832696
r56,r56-us-elx07:P-nocontract,elx-07-cli-stats,10,kogen-bench-us,kh-plan,gpt-6-luna + gpt-6.1-sol,gpt-6-luna / xhigh + gpt-6.1-sol / high,pass,pass,,975.352,1275301,0.31804410000000005
r56,r56-us-elx07:P-nocontract,elx-07-cli-stats,11,kogen-bench-us,kh-plan,gpt-6-luna + gpt-6.1-sol,gpt-6-luna / xhigh + gpt-6.1-sol / high,pass,pass,,836.422,797318,0.21673863999999998
r56,r56-us-elx07:P-nocontract,elx-07-cli-stats,12,kogen-bench-us,kh-plan,gpt-6-luna + gpt-6.1-sol,gpt-6-luna / xhigh + gpt-6.1-sol / high,pass,pass,,957.583,928535,0.2523492
r56,r56-us-elx07:P-nocontract,elx-07-cli-stats,2,kogen-bench-us,kh-plan,gpt-6-luna + gpt-6.1-sol,gpt-6-luna / xhigh + gpt-6.1-sol / high,pass,pass,,814.956,606548,0.22911627999999998
r56,r56-us-elx07:P-nocontract,elx-07-cli-stats,3,kogen-bench-us,kh-plan,gpt-6-luna + gpt-6.1-sol,gpt-6-luna / xhigh + gpt-6.1-sol / high,pass,pass,,838.88,764595,0.21657362000000002
r56,r56-us-elx07:P-nocontract,elx-07-cli-stats,4,kogen-bench-us,kh-plan,gpt-6-luna + gpt-6.1-sol,gpt-6-luna / xhigh + gpt-6.1-sol / high,pass,pass,,959.199,929292,0.30059114
r56,r56-us-elx07:P-nocontract,elx-07-cli-stats,5,kogen-bench-us,kh-plan,gpt-6-luna + gpt-6.1-sol,gpt-6-luna / xhigh + gpt-6.1-sol / high,pass,pass,,974.362,896701,0.26972367999999997
r56,r56-us-elx07:P-nocontract,elx-07-cli-stats,6,kogen-bench-us,kh-plan,gpt-6-luna + gpt-6.1-sol,gpt-6-luna / xhigh + gpt-6.1-sol / high,pass,pass,,904.695,931786,0.24009712
r56,r56-us-elx07:P-nocontract,elx-07-cli-stats,7,kogen-bench-us,kh-plan,gpt-6-luna + gpt-6.1-sol,gpt-6-luna / xhigh + gpt-6.1-sol / high,pass,pass,,982.724,643030,0.22921780000000003
r56,r56-us-elx07:P-nocontract,elx-07-cli-stats,8,kogen-bench-us,kh-plan,gpt-6-luna + gpt-6.1-sol,gpt-6-luna / xhigh + gpt-6.1-sol / high,pass,pass,,1132.248,884121,0.26493692
r56,r56-us-elx07:P-nocontract,elx-07-cli-stats,9,kogen-bench-us,kh-plan,gpt-6-luna + gpt-6.1-sol,gpt-6-luna / xhigh + gpt-6.1-sol / high,pass,pass,,832.569,623609,0.18489020000000003
r56,r56-us-elx07:P-noctx2,elx-07-cli-stats,1,kogen-bench-us,kh-plan,gpt-6-luna + gpt-6.1-sol,gpt-6-luna / xhigh + gpt-6.1-sol / high,pass,pass,,1185.553,1151764,0.34072788
r56,r56-us-elx07:P-noctx2,elx-07-cli-stats,10,kogen-bench-us,kh-plan,gpt-6-luna + gpt-6.1-sol,gpt-6-luna / xhigh + gpt-6.1-sol / high,pass,pass,,1233.018,1090368,0.33525790000000005
r56,r56-us-elx07:P-noctx2,elx-07-cli-stats,11,kogen-bench-us,kh-plan,gpt-6-luna + gpt-6.1-sol,gpt-6-luna / xhigh + gpt-6.1-sol / high,pass,pass,,1309.697,1900153,0.43481424
r56,r56-us-elx07:P-noctx2,elx-07-cli-stats,12,kogen-bench-us,kh-plan,gpt-6-luna + gpt-6.1-sol,gpt-6-luna / xhigh + gpt-6.1-sol / high,pass,pass,,1081.966,1053384,0.35961052
r56,r56-us-elx07:P-noctx2,elx-07-cli-stats,2,kogen-bench-us,kh-plan,gpt-6-luna + gpt-6.1-sol,gpt-6-luna / xhigh + gpt-6.1-sol / high,pass,pass,,1161.234,1157562,0.29167286000000003
r56,r56-us-elx07:P-noctx2,elx-07-cli-stats,3,kogen-bench-us,kh-plan,gpt-6-luna + gpt-6.1-sol,gpt-6-luna / xhigh + gpt-6.1-sol / high,pass,pass,,1150.393,1065397,0.32301772
r56,r56-us-elx07:P-noctx2,elx-07-cli-stats,4,kogen-bench-us,kh-plan,gpt-6-luna + gpt-6.1-sol,gpt-6-luna / xhigh + gpt-6.1-sol / high,pass,pass,,1974.878,2177300,0.485186
r56,r56-us-elx07:P-noctx2,elx-07-cli-stats,5,kogen-bench-us,kh-plan,gpt-6-luna + gpt-6.1-sol,gpt-6-luna / xhigh + gpt-6.1-sol / high,pass,pass,,1553.206,1452964,0.38155616000000003
r56,r56-us-elx07:P-noctx2,elx-07-cli-stats,6,kogen-bench-us,kh-plan,gpt-6-luna + gpt-6.1-sol,gpt-6-luna / xhigh + gpt-6.1-sol / high,pass,pass,,1841.56,1996645,0.45702506
r56,r56-us-elx07:P-noctx2,elx-07-cli-stats,7,kogen-bench-us,kh-plan,gpt-6-luna + gpt-6.1-sol,gpt-6-luna / xhigh + gpt-6.1-sol / high,pass,pass,,1043.468,784662,0.28624732
r56,r56-us-elx07:P-noctx2,elx-07-cli-stats,8,kogen-bench-us,kh-plan,gpt-6-luna + gpt-6.1-sol,gpt-6-luna / xhigh + gpt-6.1-sol / high,pass,pass,,1181.933,1160404,0.36105584
r56,r56-us-elx07:P-noctx2,elx-07-cli-stats,9,kogen-bench-us,kh-plan,gpt-6-luna + gpt-6.1-sol,gpt-6-luna / xhigh + gpt-6.1-sol / high,pass,pass,,1346.56,1017153,0.31842316
r56,r56-us-elx07:P-noplan,elx-07-cli-stats,1,kogen-bench-us,kh-plan,gpt-6-luna,requested low (stage efforts not recovered),invalid,unresolved,control_apply cause unresolved; inspect documented audit,1.018,,
r56,r56-us-elx07:P-noplan,elx-07-cli-stats,10,kogen-bench-us,kh-plan,gpt-6-luna,requested low (stage efforts not recovered),invalid,unresolved,control_apply cause unresolved; inspect documented audit,0.958,,
r56,r56-us-elx07:P-noplan,elx-07-cli-stats,11,kogen-bench-us,kh-plan,gpt-6-luna,requested low (stage efforts not recovered),invalid,unresolved,control_apply cause unresolved; inspect documented audit,0.637,,
r56,r56-us-elx07:P-noplan,elx-07-cli-stats,12,kogen-bench-us,kh-plan,gpt-6-luna,requested low (stage efforts not recovered),invalid,unresolved,control_apply cause unresolved; inspect documented audit,0.634,,
r56,r56-us-elx07:P-noplan,elx-07-cli-stats,2,kogen-bench-us,kh-plan,gpt-6-luna,requested low (stage efforts not recovered),invalid,unresolved,control_apply cause unresolved; inspect documented audit,0.973,,
r56,r56-us-elx07:P-noplan,elx-07-cli-stats,3,kogen-bench-us,kh-plan,gpt-6-luna,requested low (stage efforts not recovered),invalid,unresolved,control_apply cause unresolved; inspect documented audit,1.815,,
r56,r56-us-elx07:P-noplan,elx-07-cli-stats,4,kogen-bench-us,kh-plan,gpt-6-luna,requested low (stage efforts not recovered),invalid,unresolved,control_apply cause unresolved; inspect documented audit,0.636,,
r56,r56-us-elx07:P-noplan,elx-07-cli-stats,5,kogen-bench-us,kh-plan,gpt-6-luna,requested low (stage efforts not recovered),invalid,unresolved,control_apply cause unresolved; inspect documented audit,0.854,,
r56,r56-us-elx07:P-noplan,elx-07-cli-stats,6,kogen-bench-us,kh-plan,gpt-6-luna,requested low (stage efforts not recovered),invalid,unresolved,control_apply cause unresolved; inspect documented audit,1.141,,
r56,r56-us-elx07:P-noplan,elx-07-cli-stats,7,kogen-bench-us,kh-plan,gpt-6-luna,requested low (stage efforts not recovered),invalid,unresolved,control_apply cause unresolved; inspect documented audit,0.914,,
r56,r56-us-elx07:P-noplan,elx-07-cli-stats,8,kogen-bench-us,kh-plan,gpt-6-luna,requested low (stage efforts not recovered),invalid,unresolved,control_apply cause unresolved; inspect documented audit,0.625,,
r56,r56-us-elx07:P-noplan,elx-07-cli-stats,9,kogen-bench-us,kh-plan,gpt-6-luna,requested low (stage efforts not recovered),invalid,unresolved,control_apply cause unresolved; inspect documented audit,0.633,,
r56,r56-us-elx07:P-noreview,elx-07-cli-stats,1,kogen-bench-us,kh-plan,gpt-6-luna + gpt-6.1-sol,gpt-6-luna / xhigh + gpt-6.1-sol / high,pass,pass,,1117.692,884623,0.35137606
r56,r56-us-elx07:P-noreview,elx-07-cli-stats,10,kogen-bench-us,kh-plan,gpt-6-luna + gpt-6.1-sol,gpt-6-luna / xhigh + gpt-6.1-sol / high,pass,pass,,1192.956,953278,0.40917118
r56,r56-us-elx07:P-noreview,elx-07-cli-stats,11,kogen-bench-us,kh-plan,gpt-6-luna + gpt-6.1-sol,gpt-6-luna / xhigh + gpt-6.1-sol / high,pass,pass,,1367.369,1556020,0.44120499999999996
r56,r56-us-elx07:P-noreview,elx-07-cli-stats,12,kogen-bench-us,kh-plan,gpt-6-luna + gpt-6.1-sol,gpt-6-luna / xhigh + gpt-6.1-sol / high,pass,pass,,1260.519,1286529,0.38812782
r56,r56-us-elx07:P-noreview,elx-07-cli-stats,2,kogen-bench-us,kh-plan,gpt-6-luna + gpt-6.1-sol,gpt-6-luna / xhigh + gpt-6.1-sol / high,pass,pass,,1637.717,2183601,0.49932056
r56,r56-us-elx07:P-noreview,elx-07-cli-stats,3,kogen-bench-us,kh-plan,gpt-6-luna + gpt-6.1-sol,gpt-6-luna / xhigh + gpt-6.1-sol / high,pass,pass,,1230.584,1076539,0.31136230000000004
r56,r56-us-elx07:P-noreview,elx-07-cli-stats,4,kogen-bench-us,kh-plan,gpt-6-luna + gpt-6.1-sol,gpt-6-luna / xhigh + gpt-6.1-sol / high,pass,pass,,1114.464,701860,0.34134612
r56,r56-us-elx07:P-noreview,elx-07-cli-stats,5,kogen-bench-us,kh-plan,gpt-6-luna + gpt-6.1-sol,gpt-6-luna / xhigh + gpt-6.1-sol / high,fail,fail,,1376.978,1703293,0.3848507
r56,r56-us-elx07:P-noreview,elx-07-cli-stats,6,kogen-bench-us,kh-plan,gpt-6-luna + gpt-6.1-sol,gpt-6-luna / xhigh + gpt-6.1-sol / high,pass,pass,,1414.536,1173764,0.41569082
r56,r56-us-elx07:P-noreview,elx-07-cli-stats,7,kogen-bench-us,kh-plan,gpt-6-luna + gpt-6.1-sol,gpt-6-luna / xhigh + gpt-6.1-sol / high,pass,pass,,1619.01,1641793,0.44489444
r56,r56-us-elx07:P-noreview,elx-07-cli-stats,8,kogen-bench-us,kh-plan,gpt-6-luna + gpt-6.1-sol,gpt-6-luna / xhigh + gpt-6.1-sol / high,pass,pass,,1302.418,1026814,0.41021157999999996
r56,r56-us-elx07:P-noreview,elx-07-cli-stats,9,kogen-bench-us,kh-plan,gpt-6-luna + gpt-6.1-sol,gpt-6-luna / xhigh + gpt-6.1-sol / high,pass,pass,,1465.153,1006739,0.34824219999999995
r56c,r56c-eu-elx12:P-noplan2,elx-12-retry-api-deprecation,1,kogen-bench-eu,kh-plan,gpt-6-luna + gpt-6.1-sol,gpt-6-luna / xhigh + gpt-6.1-sol / high,fail,fail,,946.879,429263,0.29217466000000003
r56c,r56c-eu-elx12:P-noplan2,elx-12-retry-api-deprecation,10,kogen-bench-eu,kh-plan,gpt-6-luna + gpt-6.1-sol,gpt-6-luna / xhigh + gpt-6.1-sol / high,fail,fail,,889.32,532975,0.3744272
r56c,r56c-eu-elx12:P-noplan2,elx-12-retry-api-deprecation,11,kogen-bench-eu,kh-plan,gpt-6-luna + gpt-6.1-sol,gpt-6-luna / xhigh + gpt-6.1-sol / high,pass,pass,,983.456,755260,0.41119767999999995
r56c,r56c-eu-elx12:P-noplan2,elx-12-retry-api-deprecation,12,kogen-bench-eu,kh-plan,gpt-6-luna + gpt-6.1-sol,gpt-6-luna / xhigh + gpt-6.1-sol / high,fail,fail,,994.855,509895,0.33100736000000003
r56c,r56c-eu-elx12:P-noplan2,elx-12-retry-api-deprecation,2,kogen-bench-eu,kh-plan,gpt-6-luna + gpt-6.1-sol,gpt-6-luna / xhigh + gpt-6.1-sol / high,pass,pass,,1485.0,1248965,0.41561022000000003
r56c,r56c-eu-elx12:P-noplan2,elx-12-retry-api-deprecation,3,kogen-bench-eu,kh-plan,gpt-6-luna + gpt-6.1-sol,gpt-6-luna / xhigh + gpt-6.1-sol / high,fail,fail,,1213.324,1025325,0.41277556
r56c,r56c-eu-elx12:P-noplan2,elx-12-retry-api-deprecation,4,kogen-bench-eu,kh-plan,gpt-6-luna + gpt-6.1-sol,gpt-6-luna / xhigh + gpt-6.1-sol / high,fail,fail,,1507.664,1075612,0.46126112
r56c,r56c-eu-elx12:P-noplan2,elx-12-retry-api-deprecation,5,kogen-bench-eu,kh-plan,gpt-6-luna + gpt-6.1-sol,gpt-6-luna / xhigh + gpt-6.1-sol / high,pass,pass,,1192.408,916090,0.39818712
r56c,r56c-eu-elx12:P-noplan2,elx-12-retry-api-deprecation,6,kogen-bench-eu,kh-plan,gpt-6-luna + gpt-6.1-sol,gpt-6-luna / xhigh + gpt-6.1-sol / high,pass,pass,,1093.072,558694,0.38813446
r56c,r56c-eu-elx12:P-noplan2,elx-12-retry-api-deprecation,7,kogen-bench-eu,kh-plan,gpt-6-luna + gpt-6.1-sol,gpt-6-luna / xhigh + gpt-6.1-sol / high,pass,pass,,953.191,611889,0.34205184
r56c,r56c-eu-elx12:P-noplan2,elx-12-retry-api-deprecation,8,kogen-bench-eu,kh-plan,gpt-6-luna + gpt-6.1-sol,gpt-6-luna / xhigh + gpt-6.1-sol / high,fail,fail,,1049.963,792523,0.38772794
r56c,r56c-eu-elx12:P-noplan2,elx-12-retry-api-deprecation,9,kogen-bench-eu,kh-plan,gpt-6-luna + gpt-6.1-sol,gpt-6-luna / xhigh + gpt-6.1-sol / high,pass,pass,,1335.736,930796,0.38832866
r56c,r56c-eu-hwbroadcastdet:B-ctx-det,rails-hw-scoped-broadcast,1,kogen-bench-eu,kh-plan,gpt-6-luna,gpt-6-luna / xhigh,pass,pass,,515.321,969433,0.02111266
r56c,r56c-eu-hwbroadcastdet:B-ctx-det,rails-hw-scoped-broadcast,2,kogen-bench-eu,kh-plan,gpt-6-luna,gpt-6-luna / xhigh,pass,pass,,654.568,1630837,0.031741620000000005
r56c,r56c-eu-hwbroadcastdet:B-ctx-det,rails-hw-scoped-broadcast,3,kogen-bench-eu,kh-plan,gpt-6-luna,gpt-6-luna / xhigh,pass,pass,,456.851,684578,0.016536680000000005
r56c,r56c-eu-hwbroadcastdet:B-ctx-det,rails-hw-scoped-broadcast,4,kogen-bench-eu,kh-plan,gpt-6-luna,gpt-6-luna / xhigh,pass,pass,,388.409,636394,0.015111399999999997
r56c,r56c-eu-hwbroadcastdet:B-ctx-det,rails-hw-scoped-broadcast,5,kogen-bench-eu,kh-plan,gpt-6-luna,gpt-6-luna / xhigh,pass,pass,,491.33,879078,0.01880612
r56c,r56c-eu-hwbroadcastdet:B-ctx-det,rails-hw-scoped-broadcast,6,kogen-bench-eu,kh-plan,gpt-6-luna,gpt-6-luna / xhigh,pass,pass,,471.367,1277981,0.02573978
r56c,r56c-us-asvariantdet:B-ctx-det,rails-as-variant-processed-once,1,kogen-bench-us,kh-plan,gpt-6-luna,gpt-6-luna / xhigh,fail,fail,,805.691,2019484,0.03701399999999999
r56c,r56c-us-asvariantdet:B-ctx-det,rails-as-variant-processed-once,2,kogen-bench-us,kh-plan,gpt-6-luna,gpt-6-luna / xhigh,fail,fail,,393.599,735557,0.018867300000000004
r56c,r56c-us-elx07:P-noplan2,elx-07-cli-stats,1,kogen-bench-us,kh-plan,gpt-6-luna + gpt-6.1-sol,gpt-6-luna / xhigh + gpt-6.1-sol / high,pass,pass,,1344.956,971714,0.42645038
r56c,r56c-us-elx07:P-noplan2,elx-07-cli-stats,10,kogen-bench-us,kh-plan,gpt-6-luna + gpt-6.1-sol,gpt-6-luna / xhigh + gpt-6.1-sol / high,pass,pass,,922.669,723250,0.39873768
r56c,r56c-us-elx07:P-noplan2,elx-07-cli-stats,11,kogen-bench-us,kh-plan,gpt-6-luna + gpt-6.1-sol,gpt-6-luna / xhigh + gpt-6.1-sol / high,pass,pass,,670.752,351509,0.23588572
r56c,r56c-us-elx07:P-noplan2,elx-07-cli-stats,12,kogen-bench-us,kh-plan,gpt-6-luna + gpt-6.1-sol,gpt-6-luna / xhigh + gpt-6.1-sol / high,fail,fail,,936.364,491106,0.29579618
r56c,r56c-us-elx07:P-noplan2,elx-07-cli-stats,2,kogen-bench-us,kh-plan,gpt-6-luna + gpt-6.1-sol,gpt-6-luna / xhigh + gpt-6.1-sol / high,pass,pass,,1013.598,761036,0.42172121999999995
r56c,r56c-us-elx07:P-noplan2,elx-07-cli-stats,3,kogen-bench-us,kh-plan,gpt-6-luna + gpt-6.1-sol,gpt-6-luna / xhigh + gpt-6.1-sol / high,pass,pass,,1168.23,1032485,0.34707995999999997
r56c,r56c-us-elx07:P-noplan2,elx-07-cli-stats,4,kogen-bench-us,kh-plan,gpt-6-luna + gpt-6.1-sol,gpt-6-luna / xhigh + gpt-6.1-sol / high,fail,fail,,1033.675,565358,0.32871680000000003
r56c,r56c-us-elx07:P-noplan2,elx-07-cli-stats,5,kogen-bench-us,kh-plan,gpt-6-luna + gpt-6.1-sol,gpt-6-luna / xhigh + gpt-6.1-sol / high,fail,fail,,958.76,605446,0.32306102000000003
r56c,r56c-us-elx07:P-noplan2,elx-07-cli-stats,6,kogen-bench-us,kh-plan,gpt-6-luna + gpt-6.1-sol,gpt-6-luna / xhigh + gpt-6.1-sol / high,pass,pass,,1417.417,643594,0.30213155999999997
r56c,r56c-us-elx07:P-noplan2,elx-07-cli-stats,7,kogen-bench-us,kh-plan,gpt-6-luna + gpt-6.1-sol,gpt-6-luna / xhigh + gpt-6.1-sol / high,pass,pass,,1019.579,679808,0.41480081999999996
r56c,r56c-us-elx07:P-noplan2,elx-07-cli-stats,8,kogen-bench-us,kh-plan,gpt-6-luna + gpt-6.1-sol,gpt-6-luna / xhigh + gpt-6.1-sol / high,pass,pass,,975.254,535838,0.26974666
r56c,r56c-us-elx07:P-noplan2,elx-07-cli-stats,9,kogen-bench-us,kh-plan,gpt-6-luna + gpt-6.1-sol,gpt-6-luna / xhigh + gpt-6.1-sol / high,fail,fail,,760.575,502427,0.31017008
r56c,r56c-us-elx07det:B-ctx-det,elx-07-cli-stats,1,kogen-bench-us,kh-plan,gpt-6-luna,gpt-6-luna / xhigh,fail,fail,,268.142,207233,0.010536419999999998
r56c,r56c-us-elx07det:B-ctx-det,elx-07-cli-stats,10,kogen-bench-us,kh-plan,gpt-6-luna,gpt-6-luna / xhigh,pass,pass,,297.032,325573,0.012934020000000001
r56c,r56c-us-elx07det:B-ctx-det,elx-07-cli-stats,11,kogen-bench-us,kh-plan,gpt-6-luna,gpt-6-luna / xhigh,pass,pass,,233.654,191526,0.01089172
r56c,r56c-us-elx07det:B-ctx-det,elx-07-cli-stats,12,kogen-bench-us,kh-plan,gpt-6-luna,gpt-6-luna / xhigh,fail,fail,,238.983,223606,0.01024972
r56c,r56c-us-elx07det:B-ctx-det,elx-07-cli-stats,2,kogen-bench-us,kh-plan,gpt-6-luna,gpt-6-luna / xhigh,pass,pass,,348.094,327340,0.01404208
r56c,r56c-us-elx07det:B-ctx-det,elx-07-cli-stats,3,kogen-bench-us,kh-plan,gpt-6-luna,gpt-6-luna / xhigh,pass,pass,,374.95,245739,0.010940860000000002
r56c,r56c-us-elx07det:B-ctx-det,elx-07-cli-stats,4,kogen-bench-us,kh-plan,gpt-6-luna,gpt-6-luna / xhigh,fail,fail,,236.49,154907,0.010987019999999998
r56c,r56c-us-elx07det:B-ctx-det,elx-07-cli-stats,5,kogen-bench-us,kh-plan,gpt-6-luna,gpt-6-luna / xhigh,fail,fail,,431.209,504791,0.019122940000000005
r56c,r56c-us-elx07det:B-ctx-det,elx-07-cli-stats,6,kogen-bench-us,kh-plan,gpt-6-luna,gpt-6-luna / xhigh,fail,fail,,528.552,247273,0.011880020000000002
r56c,r56c-us-elx07det:B-ctx-det,elx-07-cli-stats,7,kogen-bench-us,kh-plan,gpt-6-luna,gpt-6-luna / xhigh,pass,pass,,257.527,234886,0.010908520000000001
r56c,r56c-us-elx07det:B-ctx-det,elx-07-cli-stats,8,kogen-bench-us,kh-plan,gpt-6-luna,gpt-6-luna / xhigh,pass,pass,,381.575,180004,0.010320639999999999
r56c,r56c-us-elx07det:B-ctx-det,elx-07-cli-stats,9,kogen-bench-us,kh-plan,gpt-6-luna,gpt-6-luna / xhigh,pass,pass,,254.983,206065,0.012334340000000001
r56c,r56c-us-elx12det:B-ctx-det,elx-12-retry-api-deprecation,1,kogen-bench-us,kh-plan,gpt-6-luna,gpt-6-luna / xhigh,pass,pass,,162.441,159243,0.008228860000000001
r56c,r56c-us-elx12det:B-ctx-det,elx-12-retry-api-deprecation,10,kogen-bench-us,kh-plan,gpt-6-luna,gpt-6-luna / xhigh,fail,fail,,374.145,307505,0.010007219999999999
r56c,r56c-us-elx12det:B-ctx-det,elx-12-retry-api-deprecation,11,kogen-bench-us,kh-plan,gpt-6-luna,gpt-6-luna / xhigh,pass,pass,,176.939,148151,0.007733020000000001
r56c,r56c-us-elx12det:B-ctx-det,elx-12-retry-api-deprecation,12,kogen-bench-us,kh-plan,gpt-6-luna,gpt-6-luna / xhigh,fail,fail,,215.683,278998,0.010745240000000001
r56c,r56c-us-elx12det:B-ctx-det,elx-12-retry-api-deprecation,2,kogen-bench-us,kh-plan,gpt-6-luna,gpt-6-luna / xhigh,fail,fail,,258.06,147323,0.007118619999999999
r56c,r56c-us-elx12det:B-ctx-det,elx-12-retry-api-deprecation,3,kogen-bench-us,kh-plan,gpt-6-luna,gpt-6-luna / xhigh,fail,fail,,235.496,257719,0.010248700000000001
r56c,r56c-us-elx12det:B-ctx-det,elx-12-retry-api-deprecation,4,kogen-bench-us,kh-plan,gpt-6-luna,gpt-6-luna / xhigh,fail,fail,,178.414,166361,0.00769906
r56c,r56c-us-elx12det:B-ctx-det,elx-12-retry-api-deprecation,5,kogen-bench-us,kh-plan,gpt-6-luna,gpt-6-luna / xhigh,fail,fail,,177.925,131795,0.006870380000000001
r56c,r56c-us-elx12det:B-ctx-det,elx-12-retry-api-deprecation,6,kogen-bench-us,kh-plan,gpt-6-luna,gpt-6-luna / xhigh,fail,fail,,243.964,188212,0.008279680000000001
r56c,r56c-us-elx12det:B-ctx-det,elx-12-retry-api-deprecation,7,kogen-bench-us,kh-plan,gpt-6-luna,gpt-6-luna / xhigh,fail,fail,,211.933,150297,0.00796794
r56c,r56c-us-elx12det:B-ctx-det,elx-12-retry-api-deprecation,8,kogen-bench-us,kh-plan,gpt-6-luna,gpt-6-luna / xhigh,fail,fail,,265.495,235707,0.0097943
r56c,r56c-us-elx12det:B-ctx-det,elx-12-retry-api-deprecation,9,kogen-bench-us,kh-plan,gpt-6-luna,gpt-6-luna / xhigh,fail,fail,,270.5,310502,0.01104004
r56d,r56d-eu-hwbroadcastdet:B-ctx-det,rails-hw-scoped-broadcast,1,kogen-bench-eu,kh-plan,gpt-6-luna,gpt-6-luna / xhigh,pass,pass,,385.212,829198,0.019112440000000005
r56d,r56d-us-asvariantdet:B-ctx-det,rails-as-variant-processed-once,1,kogen-bench-us,kh-plan,gpt-6-luna,gpt-6-luna / xhigh,fail,fail,,825.727,1908062,0.03573972
r56p2,r56p2-eu-acthrottle:B-ctx-det,rails-ac-throttle-search,1,kogen-bench-eu,kh-plan,gpt-6-luna,gpt-6-luna / xhigh,pass,pass,,206.096,210731,0.0074251000000000004
r56p2,r56p2-eu-acthrottle:B-ctx-det,rails-ac-throttle-search,10,kogen-bench-eu,kh-plan,gpt-6-luna,gpt-6-luna / xhigh,pass,pass,,195.997,211067,0.007043820000000001
r56p2,r56p2-eu-acthrottle:B-ctx-det,rails-ac-throttle-search,2,kogen-bench-eu,kh-plan,gpt-6-luna,gpt-6-luna / xhigh,pass,pass,,299.588,449270,0.012373080000000003
r56p2,r56p2-eu-acthrottle:B-ctx-det,rails-ac-throttle-search,3,kogen-bench-eu,kh-plan,gpt-6-luna,gpt-6-luna / xhigh,pass,pass,,178.452,190415,0.00665342
r56p2,r56p2-eu-acthrottle:B-ctx-det,rails-ac-throttle-search,4,kogen-bench-eu,kh-plan,gpt-6-luna,gpt-6-luna / xhigh,fail,fail,,266.502,671361,0.015787860000000004
r56p2,r56p2-eu-acthrottle:B-ctx-det,rails-ac-throttle-search,5,kogen-bench-eu,kh-plan,gpt-6-luna,gpt-6-luna / xhigh,pass,pass,,131.923,259606,0.0081422
r56p2,r56p2-eu-acthrottle:B-ctx-det,rails-ac-throttle-search,6,kogen-bench-eu,kh-plan,gpt-6-luna,gpt-6-luna / xhigh,fail,fail,,310.617,754752,0.01864184
r56p2,r56p2-eu-acthrottle:B-ctx-det,rails-ac-throttle-search,7,kogen-bench-eu,kh-plan,gpt-6-luna,gpt-6-luna / xhigh,pass,pass,,183.464,295860,0.00889008
r56p2,r56p2-eu-acthrottle:B-ctx-det,rails-ac-throttle-search,8,kogen-bench-eu,kh-plan,gpt-6-luna,gpt-6-luna / xhigh,pass,pass,,190.988,313485,0.01198706
r56p2,r56p2-eu-acthrottle:B-ctx-det,rails-ac-throttle-search,9,kogen-bench-eu,kh-plan,gpt-6-luna,gpt-6-luna / xhigh,fail,fail,,526.54,498881,0.01386866
r56p2,r56p2-eu-acthrottle:B-ctx-ls,rails-ac-throttle-search,1,kogen-bench-eu,kh-plan,gpt-6-luna,gpt-6-luna / xhigh,pass,pass,,179.973,114323,0.00416998
r56p2,r56p2-eu-acthrottle:B-ctx-ls,rails-ac-throttle-search,10,kogen-bench-eu,kh-plan,gpt-6-luna,gpt-6-luna / xhigh,fail,fail,,332.486,372097,0.01273482
r56p2,r56p2-eu-acthrottle:B-ctx-ls,rails-ac-throttle-search,2,kogen-bench-eu,kh-plan,gpt-6-luna,gpt-6-luna / xhigh,pass,pass,,147.464,116694,0.00472956
r56p2,r56p2-eu-acthrottle:B-ctx-ls,rails-ac-throttle-search,3,kogen-bench-eu,kh-plan,gpt-6-luna,gpt-6-luna / xhigh,pass,pass,,201.995,176428,0.00638192
r56p2,r56p2-eu-acthrottle:B-ctx-ls,rails-ac-throttle-search,4,kogen-bench-eu,kh-plan,gpt-6-luna,gpt-6-luna / xhigh,fail,fail,,376.21,325105,0.0104785
r56p2,r56p2-eu-acthrottle:B-ctx-ls,rails-ac-throttle-search,5,kogen-bench-eu,kh-plan,gpt-6-luna,gpt-6-luna / xhigh,fail,fail,,239.557,417046,0.01099276
r56p2,r56p2-eu-acthrottle:B-ctx-ls,rails-ac-throttle-search,6,kogen-bench-eu,kh-plan,gpt-6-luna,gpt-6-luna / xhigh,pass,pass,,166.9,125018,0.00471572
r56p2,r56p2-eu-acthrottle:B-ctx-ls,rails-ac-throttle-search,7,kogen-bench-eu,kh-plan,gpt-6-luna,gpt-6-luna / xhigh,pass,pass,,158.451,115113,0.004731620000000001
r56p2,r56p2-eu-acthrottle:B-ctx-ls,rails-ac-throttle-search,8,kogen-bench-eu,kh-plan,gpt-6-luna,gpt-6-luna / xhigh,fail,fail,,451.824,734427,0.01827326
r56p2,r56p2-eu-acthrottle:B-ctx-ls,rails-ac-throttle-search,9,kogen-bench-eu,kh-plan,gpt-6-luna,gpt-6-luna / xhigh,pass,pass,,112.385,150421,0.0054725799999999995
r56p2,r56p2-eu-acthrottle:B-ctx-none,rails-ac-throttle-search,1,kogen-bench-eu,kh-plan,gpt-6-luna,gpt-6-luna / xhigh,pass,pass,,110.27,147117,0.00519338
r56p2,r56p2-eu-acthrottle:B-ctx-none,rails-ac-throttle-search,10,kogen-bench-eu,kh-plan,gpt-6-luna,gpt-6-luna / xhigh,pass,pass,,429.776,452736,0.013306959999999998
r56p2,r56p2-eu-acthrottle:B-ctx-none,rails-ac-throttle-search,2,kogen-bench-eu,kh-plan,gpt-6-luna,gpt-6-luna / xhigh,fail,fail,,620.478,1176497,0.026194979999999993
r56p2,r56p2-eu-acthrottle:B-ctx-none,rails-ac-throttle-search,3,kogen-bench-eu,kh-plan,gpt-6-luna,gpt-6-luna / xhigh,pass,pass,,226.516,161414,0.006445240000000001
r56p2,r56p2-eu-acthrottle:B-ctx-none,rails-ac-throttle-search,4,kogen-bench-eu,kh-plan,gpt-6-luna,gpt-6-luna / xhigh,pass,pass,,342.653,360094,0.01115292
r56p2,r56p2-eu-acthrottle:B-ctx-none,rails-ac-throttle-search,5,kogen-bench-eu,kh-plan,gpt-6-luna,gpt-6-luna / xhigh,pass,pass,,340.156,476922,0.013147319999999997
r56p2,r56p2-eu-acthrottle:B-ctx-none,rails-ac-throttle-search,6,kogen-bench-eu,kh-plan,gpt-6-luna,gpt-6-luna / xhigh,pass,pass,,171.959,167958,0.0064917199999999994
r56p2,r56p2-eu-acthrottle:B-ctx-none,rails-ac-throttle-search,7,kogen-bench-eu,kh-plan,gpt-6-luna,gpt-6-luna / xhigh,fail,fail,,339.002,294541,0.00981162
r56p2,r56p2-eu-acthrottle:B-ctx-none,rails-ac-throttle-search,8,kogen-bench-eu,kh-plan,gpt-6-luna,gpt-6-luna / xhigh,pass,pass,,268.86,287905,0.01156642
r56p2,r56p2-eu-acthrottle:B-ctx-none,rails-ac-throttle-search,9,kogen-bench-eu,kh-plan,gpt-6-luna,gpt-6-luna / xhigh,pass,pass,,191.977,153999,0.0053047
r56p2,r56p2-eu-acthrottle:B-ctx-pack,rails-ac-throttle-search,1,kogen-bench-eu,kh-plan,gpt-6-luna + gpt-6-luna,gpt-6-luna / low + gpt-6-luna / xhigh,pass,pass,,2023.809,1232696,0.03256336
r56p2,r56p2-eu-acthrottle:B-ctx-pack,rails-ac-throttle-search,10,kogen-bench-eu,kh-plan,gpt-6-luna + gpt-6-luna,gpt-6-luna / low + gpt-6-luna / xhigh,fail,fail,,365.195,390833,0.015084579999999997
r56p2,r56p2-eu-acthrottle:B-ctx-pack,rails-ac-throttle-search,2,kogen-bench-eu,kh-plan,gpt-6-luna + gpt-6-luna,gpt-6-luna / low + gpt-6-luna / xhigh,pass,pass,,468.458,519425,0.018997940000000005
r56p2,r56p2-eu-acthrottle:B-ctx-pack,rails-ac-throttle-search,3,kogen-bench-eu,kh-plan,gpt-6-luna + gpt-6-luna,gpt-6-luna / low + gpt-6-luna / xhigh,fail,fail,,338.469,502926,0.01628332
r56p2,r56p2-eu-acthrottle:B-ctx-pack,rails-ac-throttle-search,4,kogen-bench-eu,kh-plan,gpt-6-luna + gpt-6-luna,gpt-6-luna / low + gpt-6-luna / xhigh,fail,fail,,548.908,784241,0.024123060000000005
r56p2,r56p2-eu-acthrottle:B-ctx-pack,rails-ac-throttle-search,5,kogen-bench-eu,kh-plan,gpt-6-luna + gpt-6-luna,gpt-6-luna / low + gpt-6-luna / xhigh,pass,pass,,540.366,464572,0.017560480000000003
r56p2,r56p2-eu-acthrottle:B-ctx-pack,rails-ac-throttle-search,6,kogen-bench-eu,kh-plan,gpt-6-luna + gpt-6-luna,gpt-6-luna / low + gpt-6-luna / xhigh,fail,fail,,575.052,717938,0.01968964
r56p2,r56p2-eu-acthrottle:B-ctx-pack,rails-ac-throttle-search,7,kogen-bench-eu,kh-plan,gpt-6-luna + gpt-6-luna,gpt-6-luna / low + gpt-6-luna / xhigh,fail,fail,,508.826,355052,0.014943040000000003
r56p2,r56p2-eu-acthrottle:B-ctx-pack,rails-ac-throttle-search,8,kogen-bench-eu,kh-plan,gpt-6-luna + gpt-6-luna,gpt-6-luna / low + gpt-6-luna / xhigh,pass,pass,,490.032,360991,0.014890460000000001
r56p2,r56p2-eu-acthrottle:B-ctx-pack,rails-ac-throttle-search,9,kogen-bench-eu,kh-plan,gpt-6-luna + gpt-6-luna,gpt-6-luna / low + gpt-6-luna / xhigh,fail,fail,,478.23,454205,0.016506499999999997
r56p2,r56p2-eu-hwbroadcast:B-ctx-det,rails-hw-scoped-broadcast,1,kogen-bench-eu,kh-plan,gpt-6-luna,requested low (stage efforts not recovered),invalid,unresolved,control_apply cause unresolved; inspect documented audit,1.09,,
r56p2,r56p2-eu-hwbroadcast:B-ctx-det,rails-hw-scoped-broadcast,10,kogen-bench-eu,kh-plan,gpt-6-luna,gpt-6-luna / xhigh,pass,pass,,327.645,727179,0.01983918
r56p2,r56p2-eu-hwbroadcast:B-ctx-det,rails-hw-scoped-broadcast,2,kogen-bench-eu,kh-plan,gpt-6-luna,requested low (stage efforts not recovered),invalid,unresolved,control_apply cause unresolved; inspect documented audit,1.091,,
r56p2,r56p2-eu-hwbroadcast:B-ctx-det,rails-hw-scoped-broadcast,3,kogen-bench-eu,kh-plan,gpt-6-luna,requested low (stage efforts not recovered),invalid,unresolved,control_apply cause unresolved; inspect documented audit,1.828,,
r56p2,r56p2-eu-hwbroadcast:B-ctx-det,rails-hw-scoped-broadcast,4,kogen-bench-eu,kh-plan,gpt-6-luna,requested low (stage efforts not recovered),invalid,unresolved,control_apply cause unresolved; inspect documented audit,1.092,,
r56p2,r56p2-eu-hwbroadcast:B-ctx-det,rails-hw-scoped-broadcast,5,kogen-bench-eu,kh-plan,gpt-6-luna,requested low (stage efforts not recovered),invalid,unresolved,control_apply cause unresolved; inspect documented audit,1.085,,
r56p2,r56p2-eu-hwbroadcast:B-ctx-det,rails-hw-scoped-broadcast,6,kogen-bench-eu,kh-plan,gpt-6-luna,requested low (stage efforts not recovered),invalid,unresolved,control_apply cause unresolved; inspect documented audit,1.096,,
r56p2,r56p2-eu-hwbroadcast:B-ctx-det,rails-hw-scoped-broadcast,7,kogen-bench-eu,kh-plan,gpt-6-luna,gpt-6-luna / xhigh,pass,pass,,392.728,801243,0.0188007
r56p2,r56p2-eu-hwbroadcast:B-ctx-det,rails-hw-scoped-broadcast,8,kogen-bench-eu,kh-plan,gpt-6-luna,gpt-6-luna / xhigh,pass,pass,,497.884,981847,0.022378940000000003
r56p2,r56p2-eu-hwbroadcast:B-ctx-det,rails-hw-scoped-broadcast,9,kogen-bench-eu,kh-plan,gpt-6-luna,gpt-6-luna / xhigh,pass,pass,,528.857,1178156,0.02446288
r56p2,r56p2-eu-hwbroadcast:B-ctx-ls,rails-hw-scoped-broadcast,1,kogen-bench-eu,kh-plan,gpt-6-luna,gpt-6-luna / xhigh,pass,pass,,343.161,522845,0.014974260000000001
r56p2,r56p2-eu-hwbroadcast:B-ctx-ls,rails-hw-scoped-broadcast,10,kogen-bench-eu,kh-plan,gpt-6-luna,gpt-6-luna / xhigh,pass,pass,,414.228,622158,0.017359000000000003
r56p2,r56p2-eu-hwbroadcast:B-ctx-ls,rails-hw-scoped-broadcast,2,kogen-bench-eu,kh-plan,gpt-6-luna,gpt-6-luna / xhigh,pass,pass,,388.213,554405,0.014135459999999999
r56p2,r56p2-eu-hwbroadcast:B-ctx-ls,rails-hw-scoped-broadcast,3,kogen-bench-eu,kh-plan,gpt-6-luna,gpt-6-luna / xhigh,pass,pass,,429.843,957118,0.022060039999999996
r56p2,r56p2-eu-hwbroadcast:B-ctx-ls,rails-hw-scoped-broadcast,4,kogen-bench-eu,kh-plan,gpt-6-luna,gpt-6-luna / xhigh,pass,pass,,647.507,1023104,0.024321839999999997
r56p2,r56p2-eu-hwbroadcast:B-ctx-ls,rails-hw-scoped-broadcast,5,kogen-bench-eu,kh-plan,gpt-6-luna,gpt-6-luna / xhigh,pass,pass,,395.745,602891,0.01776478
r56p2,r56p2-eu-hwbroadcast:B-ctx-ls,rails-hw-scoped-broadcast,6,kogen-bench-eu,kh-plan,gpt-6-luna,gpt-6-luna / xhigh,pass,pass,,384.722,555487,0.015420380000000003
r56p2,r56p2-eu-hwbroadcast:B-ctx-ls,rails-hw-scoped-broadcast,7,kogen-bench-eu,kh-plan,gpt-6-luna,gpt-6-luna / xhigh,pass,pass,,352.164,403804,0.011991760000000002
r56p2,r56p2-eu-hwbroadcast:B-ctx-ls,rails-hw-scoped-broadcast,8,kogen-bench-eu,kh-plan,gpt-6-luna,gpt-6-luna / xhigh,pass,pass,,306.417,385908,0.011802720000000001
r56p2,r56p2-eu-hwbroadcast:B-ctx-ls,rails-hw-scoped-broadcast,9,kogen-bench-eu,kh-plan,gpt-6-luna,gpt-6-luna / xhigh,pass,pass,,678.742,1614904,0.03270592
r56p2,r56p2-eu-hwbroadcast:B-ctx-none,rails-hw-scoped-broadcast,1,kogen-bench-eu,kh-plan,gpt-6-luna,gpt-6-luna / xhigh,pass,pass,,392.606,470344,0.013490559999999999
r56p2,r56p2-eu-hwbroadcast:B-ctx-none,rails-hw-scoped-broadcast,10,kogen-bench-eu,kh-plan,gpt-6-luna,gpt-6-luna / xhigh,pass,pass,,352.158,675786,0.01700372
r56p2,r56p2-eu-hwbroadcast:B-ctx-none,rails-hw-scoped-broadcast,2,kogen-bench-eu,kh-plan,gpt-6-luna,gpt-6-luna / xhigh,pass,pass,,646.781,792015,0.018585820000000003
r56p2,r56p2-eu-hwbroadcast:B-ctx-none,rails-hw-scoped-broadcast,3,kogen-bench-eu,kh-plan,gpt-6-luna,gpt-6-luna / xhigh,pass,pass,,362.7,633363,0.0178207
r56p2,r56p2-eu-hwbroadcast:B-ctx-none,rails-hw-scoped-broadcast,4,kogen-bench-eu,kh-plan,gpt-6-luna,gpt-6-luna / xhigh,pass,pass,,369.678,639589,0.01671586
r56p2,r56p2-eu-hwbroadcast:B-ctx-none,rails-hw-scoped-broadcast,5,kogen-bench-eu,kh-plan,gpt-6-luna,gpt-6-luna / xhigh,fail,fail,,773.166,1057741,0.02308674
r56p2,r56p2-eu-hwbroadcast:B-ctx-none,rails-hw-scoped-broadcast,6,kogen-bench-eu,kh-plan,gpt-6-luna,gpt-6-luna / xhigh,pass,pass,,415.03,680893,0.017724340000000005
r56p2,r56p2-eu-hwbroadcast:B-ctx-none,rails-hw-scoped-broadcast,7,kogen-bench-eu,kh-plan,gpt-6-luna,gpt-6-luna / xhigh,pass,pass,,523.885,902957,0.02085954
r56p2,r56p2-eu-hwbroadcast:B-ctx-none,rails-hw-scoped-broadcast,8,kogen-bench-eu,kh-plan,gpt-6-luna,gpt-6-luna / xhigh,pass,pass,,393.006,438355,0.012816780000000002
r56p2,r56p2-eu-hwbroadcast:B-ctx-none,rails-hw-scoped-broadcast,9,kogen-bench-eu,kh-plan,gpt-6-luna,gpt-6-luna / xhigh,pass,pass,,504.845,717567,0.017713580000000003
r56p2,r56p2-eu-hwbroadcast:B-ctx-pack,rails-hw-scoped-broadcast,1,kogen-bench-eu,kh-plan,gpt-6-luna + gpt-6-luna,gpt-6-luna / low + gpt-6-luna / xhigh,pass,pass,,653.102,677194,0.02160324
r56p2,r56p2-eu-hwbroadcast:B-ctx-pack,rails-hw-scoped-broadcast,10,kogen-bench-eu,kh-plan,gpt-6-luna + gpt-6-luna,gpt-6-luna / low + gpt-6-luna / xhigh,pass,pass,,521.753,937634,0.02583131999999999
r56p2,r56p2-eu-hwbroadcast:B-ctx-pack,rails-hw-scoped-broadcast,2,kogen-bench-eu,kh-plan,gpt-6-luna + gpt-6-luna,gpt-6-luna / low + gpt-6-luna / xhigh,pass,pass,,343.098,426910,0.01582308
r56p2,r56p2-eu-hwbroadcast:B-ctx-pack,rails-hw-scoped-broadcast,3,kogen-bench-eu,kh-plan,gpt-6-luna + gpt-6-luna,gpt-6-luna / low + gpt-6-luna / xhigh,pass,pass,,418.004,667461,0.020052740000000003
r56p2,r56p2-eu-hwbroadcast:B-ctx-pack,rails-hw-scoped-broadcast,4,kogen-bench-eu,kh-plan,gpt-6-luna + gpt-6-luna,gpt-6-luna / low + gpt-6-luna / xhigh,pass,pass,,660.117,1137666,0.028632440000000006
r56p2,r56p2-eu-hwbroadcast:B-ctx-pack,rails-hw-scoped-broadcast,5,kogen-bench-eu,kh-plan,gpt-6-luna + gpt-6-luna,gpt-6-luna / low + gpt-6-luna / xhigh,pass,pass,,465.649,640729,0.020405940000000004
r56p2,r56p2-eu-hwbroadcast:B-ctx-pack,rails-hw-scoped-broadcast,6,kogen-bench-eu,kh-plan,gpt-6-luna + gpt-6-luna,gpt-6-luna / low + gpt-6-luna / xhigh,pass,pass,,507.895,623160,0.01942144
r56p2,r56p2-eu-hwbroadcast:B-ctx-pack,rails-hw-scoped-broadcast,7,kogen-bench-eu,kh-plan,gpt-6-luna + gpt-6-luna,gpt-6-luna / low + gpt-6-luna / xhigh,pass,pass,,530.377,657931,0.01974198
r56p2,r56p2-eu-hwbroadcast:B-ctx-pack,rails-hw-scoped-broadcast,8,kogen-bench-eu,kh-plan,gpt-6-luna + gpt-6-luna,gpt-6-luna / low + gpt-6-luna / xhigh,pass,pass,,617.3,986463,0.025126540000000003
r56p2,r56p2-eu-hwbroadcast:B-ctx-pack,rails-hw-scoped-broadcast,9,kogen-bench-eu,kh-plan,gpt-6-luna + gpt-6-luna,gpt-6-luna / low + gpt-6-luna / xhigh,pass,pass,,785.851,1006809,0.027798340000000008
r56p2,r56p2-us-ajenqueue:B-ctx-det,rails-aj-enqueue-after-commit,1,kogen-bench-us,kh-plan,gpt-6-luna,gpt-6-luna / xhigh,pass,pass,,212.991,293294,0.009835159999999997
r56p2,r56p2-us-ajenqueue:B-ctx-det,rails-aj-enqueue-after-commit,10,kogen-bench-us,kh-plan,gpt-6-luna,gpt-6-luna / xhigh,pass,pass,,144.661,205122,0.005850760000000002
r56p2,r56p2-us-ajenqueue:B-ctx-det,rails-aj-enqueue-after-commit,2,kogen-bench-us,kh-plan,gpt-6-luna,gpt-6-luna / xhigh,pass,pass,,102.345,167971,0.00503846
r56p2,r56p2-us-ajenqueue:B-ctx-det,rails-aj-enqueue-after-commit,3,kogen-bench-us,kh-plan,gpt-6-luna,gpt-6-luna / xhigh,pass,pass,,261.537,254770,0.00743972
r56p2,r56p2-us-ajenqueue:B-ctx-det,rails-aj-enqueue-after-commit,4,kogen-bench-us,kh-plan,gpt-6-luna,gpt-6-luna / xhigh,pass,pass,,135.373,260318,0.00909748
r56p2,r56p2-us-ajenqueue:B-ctx-det,rails-aj-enqueue-after-commit,5,kogen-bench-us,kh-plan,gpt-6-luna,gpt-6-luna / xhigh,pass,pass,,115.375,155852,0.005243040000000001
r56p2,r56p2-us-ajenqueue:B-ctx-det,rails-aj-enqueue-after-commit,6,kogen-bench-us,kh-plan,gpt-6-luna,gpt-6-luna / xhigh,pass,pass,,141.874,202267,0.00553542
r56p2,r56p2-us-ajenqueue:B-ctx-det,rails-aj-enqueue-after-commit,7,kogen-bench-us,kh-plan,gpt-6-luna,gpt-6-luna / xhigh,pass,pass,,217.504,308058,0.00863204
r56p2,r56p2-us-ajenqueue:B-ctx-det,rails-aj-enqueue-after-commit,8,kogen-bench-us,kh-plan,gpt-6-luna,gpt-6-luna / xhigh,pass,pass,,108.333,218289,0.006943539999999999
r56p2,r56p2-us-ajenqueue:B-ctx-det,rails-aj-enqueue-after-commit,9,kogen-bench-us,kh-plan,gpt-6-luna,gpt-6-luna / xhigh,pass,pass,,136.404,169196,0.007075280000000001
r56p2,r56p2-us-ajenqueue:B-ctx-ls,rails-aj-enqueue-after-commit,1,kogen-bench-us,kh-plan,gpt-6-luna,gpt-6-luna / xhigh,pass,pass,,164.371,141655,0.00561446
r56p2,r56p2-us-ajenqueue:B-ctx-ls,rails-aj-enqueue-after-commit,10,kogen-bench-us,kh-plan,gpt-6-luna,gpt-6-luna / xhigh,pass,pass,,165.712,107045,0.0043452199999999995
r56p2,r56p2-us-ajenqueue:B-ctx-ls,rails-aj-enqueue-after-commit,2,kogen-bench-us,kh-plan,gpt-6-luna,gpt-6-luna / xhigh,pass,pass,,109.132,123752,0.00504848
r56p2,r56p2-us-ajenqueue:B-ctx-ls,rails-aj-enqueue-after-commit,3,kogen-bench-us,kh-plan,gpt-6-luna,gpt-6-luna / xhigh,pass,pass,,117.192,121182,0.00395516
r56p2,r56p2-us-ajenqueue:B-ctx-ls,rails-aj-enqueue-after-commit,4,kogen-bench-us,kh-plan,gpt-6-luna,gpt-6-luna / xhigh,pass,pass,,101.66,111520,0.0037083199999999993
r56p2,r56p2-us-ajenqueue:B-ctx-ls,rails-aj-enqueue-after-commit,5,kogen-bench-us,kh-plan,gpt-6-luna,gpt-6-luna / xhigh,pass,pass,,192.428,193457,0.0074469
r56p2,r56p2-us-ajenqueue:B-ctx-ls,rails-aj-enqueue-after-commit,6,kogen-bench-us,kh-plan,gpt-6-luna,gpt-6-luna / xhigh,pass,pass,,104.837,181264,0.00561464
r56p2,r56p2-us-ajenqueue:B-ctx-ls,rails-aj-enqueue-after-commit,7,kogen-bench-us,kh-plan,gpt-6-luna,gpt-6-luna / xhigh,pass,pass,,100.424,116474,0.00410628
r56p2,r56p2-us-ajenqueue:B-ctx-ls,rails-aj-enqueue-after-commit,8,kogen-bench-us,kh-plan,gpt-6-luna,gpt-6-luna / xhigh,pass,pass,,93.303,120142,0.0047194
r56p2,r56p2-us-ajenqueue:B-ctx-ls,rails-aj-enqueue-after-commit,9,kogen-bench-us,kh-plan,gpt-6-luna,gpt-6-luna / xhigh,pass,pass,,185.678,274566,0.008198359999999998
r56p2,r56p2-us-ajenqueue:B-ctx-none,rails-aj-enqueue-after-commit,1,kogen-bench-us,kh-plan,gpt-6-luna,gpt-6-luna / xhigh,pass,pass,,139.203,240003,0.007458860000000001
r56p2,r56p2-us-ajenqueue:B-ctx-none,rails-aj-enqueue-after-commit,10,kogen-bench-us,kh-plan,gpt-6-luna,gpt-6-luna / xhigh,pass,pass,,141.204,129786,0.00468116
r56p2,r56p2-us-ajenqueue:B-ctx-none,rails-aj-enqueue-after-commit,2,kogen-bench-us,kh-plan,gpt-6-luna,gpt-6-luna / xhigh,pass,pass,,113.228,102652,0.00438592
r56p2,r56p2-us-ajenqueue:B-ctx-none,rails-aj-enqueue-after-commit,3,kogen-bench-us,kh-plan,gpt-6-luna,gpt-6-luna / xhigh,pass,pass,,242.213,355697,0.00984202
r56p2,r56p2-us-ajenqueue:B-ctx-none,rails-aj-enqueue-after-commit,4,kogen-bench-us,kh-plan,gpt-6-luna,gpt-6-luna / xhigh,pass,pass,,358.1,545937,0.01564794
r56p2,r56p2-us-ajenqueue:B-ctx-none,rails-aj-enqueue-after-commit,5,kogen-bench-us,kh-plan,gpt-6-luna,gpt-6-luna / xhigh,pass,pass,,286.018,286705,0.00902034
r56p2,r56p2-us-ajenqueue:B-ctx-none,rails-aj-enqueue-after-commit,6,kogen-bench-us,kh-plan,gpt-6-luna,gpt-6-luna / xhigh,pass,pass,,220.821,144561,0.005646739999999999
r56p2,r56p2-us-ajenqueue:B-ctx-none,rails-aj-enqueue-after-commit,7,kogen-bench-us,kh-plan,gpt-6-luna,gpt-6-luna / xhigh,pass,pass,,143.602,105717,0.005494499999999999
r56p2,r56p2-us-ajenqueue:B-ctx-none,rails-aj-enqueue-after-commit,8,kogen-bench-us,kh-plan,gpt-6-luna,gpt-6-luna / xhigh,pass,pass,,454.886,625008,0.01649776
r56p2,r56p2-us-ajenqueue:B-ctx-none,rails-aj-enqueue-after-commit,9,kogen-bench-us,kh-plan,gpt-6-luna,gpt-6-luna / xhigh,pass,pass,,153.016,50816,0.00283352
r56p2,r56p2-us-ajenqueue:B-ctx-pack,rails-aj-enqueue-after-commit,1,kogen-bench-us,kh-plan,gpt-6-luna + gpt-6-luna,gpt-6-luna / low + gpt-6-luna / xhigh,pass,pass,,243.506,229647,0.011882940000000002
r56p2,r56p2-us-ajenqueue:B-ctx-pack,rails-aj-enqueue-after-commit,10,kogen-bench-us,kh-plan,gpt-6-luna + gpt-6-luna,gpt-6-luna / low + gpt-6-luna / xhigh,pass,pass,,199.797,174308,0.007762720000000002
r56p2,r56p2-us-ajenqueue:B-ctx-pack,rails-aj-enqueue-after-commit,2,kogen-bench-us,kh-plan,gpt-6-luna + gpt-6-luna,gpt-6-luna / low + gpt-6-luna / xhigh,pass,pass,,214.226,129616,0.00769808
r56p2,r56p2-us-ajenqueue:B-ctx-pack,rails-aj-enqueue-after-commit,3,kogen-bench-us,kh-plan,gpt-6-luna + gpt-6-luna,gpt-6-luna / low + gpt-6-luna / xhigh,pass,pass,,386.449,159771,0.008566460000000001
r56p2,r56p2-us-ajenqueue:B-ctx-pack,rails-aj-enqueue-after-commit,4,kogen-bench-us,kh-plan,gpt-6-luna + gpt-6-luna,gpt-6-luna / low + gpt-6-luna / xhigh,pass,pass,,189.574,116593,0.006096900000000001
r56p2,r56p2-us-ajenqueue:B-ctx-pack,rails-aj-enqueue-after-commit,5,kogen-bench-us,kh-plan,gpt-6-luna + gpt-6-luna,gpt-6-luna / low + gpt-6-luna / xhigh,pass,pass,,211.767,139851,0.008589820000000001
r56p2,r56p2-us-ajenqueue:B-ctx-pack,rails-aj-enqueue-after-commit,6,kogen-bench-us,kh-plan,gpt-6-luna + gpt-6-luna,gpt-6-luna / low + gpt-6-luna / xhigh,pass,pass,,210.147,210387,0.009872220000000001
r56p2,r56p2-us-ajenqueue:B-ctx-pack,rails-aj-enqueue-after-commit,7,kogen-bench-us,kh-plan,gpt-6-luna + gpt-6-luna,gpt-6-luna / low + gpt-6-luna / xhigh,pass,pass,,169.207,147981,0.007934420000000001
r56p2,r56p2-us-ajenqueue:B-ctx-pack,rails-aj-enqueue-after-commit,8,kogen-bench-us,kh-plan,gpt-6-luna + gpt-6-luna,gpt-6-luna / low + gpt-6-luna / xhigh,pass,pass,,174.632,158801,0.008415220000000001
r56p2,r56p2-us-ajenqueue:B-ctx-pack,rails-aj-enqueue-after-commit,9,kogen-bench-us,kh-plan,gpt-6-luna + gpt-6-luna,gpt-6-luna / low + gpt-6-luna / xhigh,pass,pass,,311.705,213308,0.011672160000000001
r56p2,r56p2-us-asvariant:B-ctx-det,rails-as-variant-processed-once,1,kogen-bench-us,kh-plan,gpt-6-luna,requested low (stage efforts not recovered),invalid,unresolved,control_apply cause unresolved; inspect documented audit,1.087,,
r56p2,r56p2-us-asvariant:B-ctx-det,rails-as-variant-processed-once,10,kogen-bench-us,kh-plan,gpt-6-luna,gpt-6-luna / xhigh,fail,fail,,758.601,1955094,0.039948840000000006
r56p2,r56p2-us-asvariant:B-ctx-det,rails-as-variant-processed-once,2,kogen-bench-us,kh-plan,gpt-6-luna,requested low (stage efforts not recovered),invalid,unresolved,control_apply cause unresolved; inspect documented audit,1.374,,
r56p2,r56p2-us-asvariant:B-ctx-det,rails-as-variant-processed-once,3,kogen-bench-us,kh-plan,gpt-6-luna,gpt-6-luna / xhigh,pass,pass,,836.928,2348406,0.044068119999999995
r56p2,r56p2-us-asvariant:B-ctx-det,rails-as-variant-processed-once,4,kogen-bench-us,kh-plan,gpt-6-luna,gpt-6-luna / xhigh,pass,pass,,1152.478,2507967,0.04549742000000001
r56p2,r56p2-us-asvariant:B-ctx-det,rails-as-variant-processed-once,5,kogen-bench-us,kh-plan,gpt-6-luna,gpt-6-luna / xhigh,fail,fail,,408.571,1132247,0.023755420000000003
r56p2,r56p2-us-asvariant:B-ctx-det,rails-as-variant-processed-once,6,kogen-bench-us,kh-plan,gpt-6-luna,gpt-6-luna / xhigh,fail,fail,,482.137,1430314,0.030789000000000004
r56p2,r56p2-us-asvariant:B-ctx-det,rails-as-variant-processed-once,7,kogen-bench-us,kh-plan,gpt-6-luna,gpt-6-luna / xhigh,fail,fail,,635.937,1122829,0.024650819999999997
r56p2,r56p2-us-asvariant:B-ctx-det,rails-as-variant-processed-once,8,kogen-bench-us,kh-plan,gpt-6-luna,gpt-6-luna / xhigh,pass,pass,,587.057,2333559,0.04269093999999999
r56p2,r56p2-us-asvariant:B-ctx-det,rails-as-variant-processed-once,9,kogen-bench-us,kh-plan,gpt-6-luna,gpt-6-luna / xhigh,fail,fail,,509.781,1065141,0.02411554
r56p2,r56p2-us-asvariant:B-ctx-ls,rails-as-variant-processed-once,1,kogen-bench-us,kh-plan,gpt-6-luna,gpt-6-luna / xhigh,pass,pass,,812.748,1286034,0.026707160000000004
r56p2,r56p2-us-asvariant:B-ctx-ls,rails-as-variant-processed-once,10,kogen-bench-us,kh-plan,gpt-6-luna,gpt-6-luna / xhigh,fail,fail,,592.751,1660432,0.03744280000000001
r56p2,r56p2-us-asvariant:B-ctx-ls,rails-as-variant-processed-once,2,kogen-bench-us,kh-plan,gpt-6-luna,gpt-6-luna / xhigh,fail,fail,,508.283,1535811,0.029888940000000003
r56p2,r56p2-us-asvariant:B-ctx-ls,rails-as-variant-processed-once,3,kogen-bench-us,kh-plan,gpt-6-luna,gpt-6-luna / xhigh,fail,fail,,587.933,1180470,0.028564040000000002
r56p2,r56p2-us-asvariant:B-ctx-ls,rails-as-variant-processed-once,4,kogen-bench-us,kh-plan,gpt-6-luna,gpt-6-luna / xhigh,fail,fail,,387.632,655203,0.01803486
r56p2,r56p2-us-asvariant:B-ctx-ls,rails-as-variant-processed-once,5,kogen-bench-us,kh-plan,gpt-6-luna,gpt-6-luna / xhigh,fail,fail,,435.726,989306,0.022958839999999998
r56p2,r56p2-us-asvariant:B-ctx-ls,rails-as-variant-processed-once,6,kogen-bench-us,kh-plan,gpt-6-luna,gpt-6-luna / xhigh,fail,fail,,483.941,1179013,0.0251577
r56p2,r56p2-us-asvariant:B-ctx-ls,rails-as-variant-processed-once,7,kogen-bench-us,kh-plan,gpt-6-luna,gpt-6-luna / xhigh,pass,pass,,955.244,1720475,0.03366886000000001
r56p2,r56p2-us-asvariant:B-ctx-ls,rails-as-variant-processed-once,8,kogen-bench-us,kh-plan,gpt-6-luna,gpt-6-luna / xhigh,fail,fail,,451.395,1179975,0.031364300000000005
r56p2,r56p2-us-asvariant:B-ctx-ls,rails-as-variant-processed-once,9,kogen-bench-us,kh-plan,gpt-6-luna,gpt-6-luna / xhigh,fail,fail,,450.981,1112469,0.025016580000000004
r56p2,r56p2-us-asvariant:B-ctx-none,rails-as-variant-processed-once,1,kogen-bench-us,kh-plan,gpt-6-luna,gpt-6-luna / xhigh,pass,pass,,504.621,1534444,0.0324672
r56p2,r56p2-us-asvariant:B-ctx-none,rails-as-variant-processed-once,10,kogen-bench-us,kh-plan,gpt-6-luna,gpt-6-luna / xhigh,fail,fail,,766.246,727331,0.02005398
r56p2,r56p2-us-asvariant:B-ctx-none,rails-as-variant-processed-once,2,kogen-bench-us,kh-plan,gpt-6-luna,gpt-6-luna / xhigh,fail,fail,,605.881,1317542,0.028760760000000003
r56p2,r56p2-us-asvariant:B-ctx-none,rails-as-variant-processed-once,3,kogen-bench-us,kh-plan,gpt-6-luna,gpt-6-luna / xhigh,fail,fail,,712.853,2294639,0.046249979999999996
r56p2,r56p2-us-asvariant:B-ctx-none,rails-as-variant-processed-once,4,kogen-bench-us,kh-plan,gpt-6-luna,gpt-6-luna / xhigh,pass,pass,,544.227,1694407,0.03305165999999999
r56p2,r56p2-us-asvariant:B-ctx-none,rails-as-variant-processed-once,5,kogen-bench-us,kh-plan,gpt-6-luna,gpt-6-luna / xhigh,fail,fail,,349.103,571554,0.01723564
r56p2,r56p2-us-asvariant:B-ctx-none,rails-as-variant-processed-once,6,kogen-bench-us,kh-plan,gpt-6-luna,gpt-6-luna / xhigh,fail,fail,,357.592,657456,0.016835519999999996
r56p2,r56p2-us-asvariant:B-ctx-none,rails-as-variant-processed-once,7,kogen-bench-us,kh-plan,gpt-6-luna,gpt-6-luna / xhigh,fail,fail,,353.775,852902,0.0194054
r56p2,r56p2-us-asvariant:B-ctx-none,rails-as-variant-processed-once,8,kogen-bench-us,kh-plan,gpt-6-luna,gpt-6-luna / xhigh,fail,fail,,512.322,1454400,0.028908960000000008
r56p2,r56p2-us-asvariant:B-ctx-none,rails-as-variant-processed-once,9,kogen-bench-us,kh-plan,gpt-6-luna,gpt-6-luna / xhigh,pass,pass,,592.208,916442,0.022092199999999992
r56p2,r56p2-us-asvariant:B-ctx-pack,rails-as-variant-processed-once,1,kogen-bench-us,kh-plan,gpt-6-luna + gpt-6-luna,gpt-6-luna / low + gpt-6-luna / xhigh,fail,fail,,755.777,976518,0.029718759999999997
r56p2,r56p2-us-asvariant:B-ctx-pack,rails-as-variant-processed-once,10,kogen-bench-us,kh-plan,gpt-6-luna + gpt-6-luna,gpt-6-luna / low + gpt-6-luna / xhigh,pass,pass,,466.236,664429,0.022210019999999997
r56p2,r56p2-us-asvariant:B-ctx-pack,rails-as-variant-processed-once,2,kogen-bench-us,kh-plan,gpt-6-luna + gpt-6-luna,gpt-6-luna / low + gpt-6-luna / xhigh,fail,fail,,553.604,666275,0.02287638
r56p2,r56p2-us-asvariant:B-ctx-pack,rails-as-variant-processed-once,3,kogen-bench-us,kh-plan,gpt-6-luna + gpt-6-luna,gpt-6-luna / low + gpt-6-luna / xhigh,fail,fail,,1282.807,1864054,0.03943684
r56p2,r56p2-us-asvariant:B-ctx-pack,rails-as-variant-processed-once,4,kogen-bench-us,kh-plan,gpt-6-luna + gpt-6-luna,gpt-6-luna / low + gpt-6-luna / xhigh,fail,fail,,886.177,1382209,0.034372420000000015
r56p2,r56p2-us-asvariant:B-ctx-pack,rails-as-variant-processed-once,5,kogen-bench-us,kh-plan,gpt-6-luna + gpt-6-luna,gpt-6-luna / low + gpt-6-luna / xhigh,fail,fail,,616.924,839854,0.03106292
r56p2,r56p2-us-asvariant:B-ctx-pack,rails-as-variant-processed-once,6,kogen-bench-us,kh-plan,gpt-6-luna + gpt-6-luna,gpt-6-luna / low + gpt-6-luna / xhigh,fail,fail,,553.01,1112522,0.027895000000000007
r56p2,r56p2-us-asvariant:B-ctx-pack,rails-as-variant-processed-once,7,kogen-bench-us,kh-plan,gpt-6-luna + gpt-6-luna,gpt-6-luna / low + gpt-6-luna / xhigh,fail,fail,,833.369,1018487,0.02643198
r56p2,r56p2-us-asvariant:B-ctx-pack,rails-as-variant-processed-once,8,kogen-bench-us,kh-plan,gpt-6-luna + gpt-6-luna,gpt-6-luna / low + gpt-6-luna / xhigh,fail,fail,,462.942,519893,0.0207833
r56p2,r56p2-us-asvariant:B-ctx-pack,rails-as-variant-processed-once,9,kogen-bench-us,kh-plan,gpt-6-luna + gpt-6-luna,gpt-6-luna / low + gpt-6-luna / xhigh,pass,pass,,688.623,1308132,0.03206968000000001
r56p2,r56p2-us-elx07:B-ctx-det,elx-07-cli-stats,1,kogen-bench-us,kh-plan,gpt-6-luna,requested low (stage efforts not recovered),invalid,unresolved,control_apply cause unresolved; inspect documented audit,0.654,,
r56p2,r56p2-us-elx07:B-ctx-det,elx-07-cli-stats,10,kogen-bench-us,kh-plan,gpt-6-luna,requested low (stage efforts not recovered),invalid,unresolved,control_apply cause unresolved; inspect documented audit,1.153,,
r56p2,r56p2-us-elx07:B-ctx-det,elx-07-cli-stats,11,kogen-bench-us,kh-plan,gpt-6-luna,requested low (stage efforts not recovered),invalid,unresolved,control_apply cause unresolved; inspect documented audit,0.664,,
r56p2,r56p2-us-elx07:B-ctx-det,elx-07-cli-stats,12,kogen-bench-us,kh-plan,gpt-6-luna,requested low (stage efforts not recovered),invalid,unresolved,control_apply cause unresolved; inspect documented audit,1.052,,
r56p2,r56p2-us-elx07:B-ctx-det,elx-07-cli-stats,2,kogen-bench-us,kh-plan,gpt-6-luna,requested low (stage efforts not recovered),invalid,unresolved,control_apply cause unresolved; inspect documented audit,0.662,,
r56p2,r56p2-us-elx07:B-ctx-det,elx-07-cli-stats,3,kogen-bench-us,kh-plan,gpt-6-luna,requested low (stage efforts not recovered),invalid,unresolved,control_apply cause unresolved; inspect documented audit,0.662,,
r56p2,r56p2-us-elx07:B-ctx-det,elx-07-cli-stats,4,kogen-bench-us,kh-plan,gpt-6-luna,requested low (stage efforts not recovered),invalid,unresolved,control_apply cause unresolved; inspect documented audit,1.046,,
r56p2,r56p2-us-elx07:B-ctx-det,elx-07-cli-stats,5,kogen-bench-us,kh-plan,gpt-6-luna,requested low (stage efforts not recovered),invalid,unresolved,control_apply cause unresolved; inspect documented audit,0.652,,
r56p2,r56p2-us-elx07:B-ctx-det,elx-07-cli-stats,6,kogen-bench-us,kh-plan,gpt-6-luna,requested low (stage efforts not recovered),invalid,unresolved,control_apply cause unresolved; inspect documented audit,0.668,,
r56p2,r56p2-us-elx07:B-ctx-det,elx-07-cli-stats,7,kogen-bench-us,kh-plan,gpt-6-luna,requested low (stage efforts not recovered),invalid,unresolved,control_apply cause unresolved; inspect documented audit,0.583,,
r56p2,r56p2-us-elx07:B-ctx-det,elx-07-cli-stats,8,kogen-bench-us,kh-plan,gpt-6-luna,requested low (stage efforts not recovered),invalid,unresolved,control_apply cause unresolved; inspect documented audit,1.06,,
r56p2,r56p2-us-elx07:B-ctx-det,elx-07-cli-stats,9,kogen-bench-us,kh-plan,gpt-6-luna,requested low (stage efforts not recovered),invalid,unresolved,control_apply cause unresolved; inspect documented audit,0.661,,
r56p2,r56p2-us-elx07:B-ctx-ls,elx-07-cli-stats,1,kogen-bench-us,kh-plan,gpt-6-luna,gpt-6-luna / xhigh,fail,fail,,342.111,329791,0.013732700000000002
r56p2,r56p2-us-elx07:B-ctx-ls,elx-07-cli-stats,10,kogen-bench-us,kh-plan,gpt-6-luna,gpt-6-luna / xhigh,pass,pass,,495.258,496922,0.019339480000000003
r56p2,r56p2-us-elx07:B-ctx-ls,elx-07-cli-stats,11,kogen-bench-us,kh-plan,gpt-6-luna,gpt-6-luna / xhigh,fail,fail,,335.043,218511,0.011204140000000003
r56p2,r56p2-us-elx07:B-ctx-ls,elx-07-cli-stats,12,kogen-bench-us,kh-plan,gpt-6-luna,gpt-6-luna / xhigh,fail,fail,,165.368,108489,0.006427139999999999
r56p2,r56p2-us-elx07:B-ctx-ls,elx-07-cli-stats,2,kogen-bench-us,kh-plan,gpt-6-luna,gpt-6-luna / xhigh,pass,pass,,270.307,249359,0.010876460000000001
r56p2,r56p2-us-elx07:B-ctx-ls,elx-07-cli-stats,3,kogen-bench-us,kh-plan,gpt-6-luna,gpt-6-luna / xhigh,fail,fail,,294.887,296231,0.01255774
r56p2,r56p2-us-elx07:B-ctx-ls,elx-07-cli-stats,4,kogen-bench-us,kh-plan,gpt-6-luna,gpt-6-luna / xhigh,pass,pass,,356.069,305663,0.01392294
r56p2,r56p2-us-elx07:B-ctx-ls,elx-07-cli-stats,5,kogen-bench-us,kh-plan,gpt-6-luna,gpt-6-luna / xhigh,fail,fail,,196.913,104856,0.0075479200000000005
r56p2,r56p2-us-elx07:B-ctx-ls,elx-07-cli-stats,6,kogen-bench-us,kh-plan,gpt-6-luna,gpt-6-luna / xhigh,pass,pass,,286.541,116894,0.00797676
r56p2,r56p2-us-elx07:B-ctx-ls,elx-07-cli-stats,7,kogen-bench-us,kh-plan,gpt-6-luna,gpt-6-luna / xhigh,fail,fail,,291.184,216933,0.011019620000000003
r56p2,r56p2-us-elx07:B-ctx-ls,elx-07-cli-stats,8,kogen-bench-us,kh-plan,gpt-6-luna,gpt-6-luna / xhigh,pass,pass,,378.424,322942,0.014634119999999997
r56p2,r56p2-us-elx07:B-ctx-ls,elx-07-cli-stats,9,kogen-bench-us,kh-plan,gpt-6-luna,gpt-6-luna / xhigh,fail,fail,,347.062,184896,0.01173672
r56p2,r56p2-us-elx07:B-ctx-none,elx-07-cli-stats,1,kogen-bench-us,kh-plan,gpt-6-luna,gpt-6-luna / xhigh,pass,pass,,475.37,490994,0.01884796
r56p2,r56p2-us-elx07:B-ctx-none,elx-07-cli-stats,10,kogen-bench-us,kh-plan,gpt-6-luna,gpt-6-luna / xhigh,fail,fail,,314.557,313156,0.013106720000000002
r56p2,r56p2-us-elx07:B-ctx-none,elx-07-cli-stats,11,kogen-bench-us,kh-plan,gpt-6-luna,gpt-6-luna / xhigh,fail,fail,,173.368,173644,0.008258160000000002
r56p2,r56p2-us-elx07:B-ctx-none,elx-07-cli-stats,12,kogen-bench-us,kh-plan,gpt-6-luna,gpt-6-luna / xhigh,fail,fail,,387.206,328397,0.013565460000000005
r56p2,r56p2-us-elx07:B-ctx-none,elx-07-cli-stats,2,kogen-bench-us,kh-plan,gpt-6-luna,gpt-6-luna / xhigh,pass,pass,,375.979,352762,0.015653640000000003
r56p2,r56p2-us-elx07:B-ctx-none,elx-07-cli-stats,3,kogen-bench-us,kh-plan,gpt-6-luna,gpt-6-luna / xhigh,fail,fail,,268.984,216287,0.012029020000000001
r56p2,r56p2-us-elx07:B-ctx-none,elx-07-cli-stats,4,kogen-bench-us,kh-plan,gpt-6-luna,gpt-6-luna / xhigh,fail,fail,,247.457,148583,0.008092460000000003
r56p2,r56p2-us-elx07:B-ctx-none,elx-07-cli-stats,5,kogen-bench-us,kh-plan,gpt-6-luna,gpt-6-luna / xhigh,fail,fail,,217.776,163344,0.008230240000000002
r56p2,r56p2-us-elx07:B-ctx-none,elx-07-cli-stats,6,kogen-bench-us,kh-plan,gpt-6-luna,gpt-6-luna / xhigh,fail,fail,,504.251,242888,0.012150320000000001
r56p2,r56p2-us-elx07:B-ctx-none,elx-07-cli-stats,7,kogen-bench-us,kh-plan,gpt-6-luna,gpt-6-luna / xhigh,fail,fail,,268.955,250881,0.011212339999999998
r56p2,r56p2-us-elx07:B-ctx-none,elx-07-cli-stats,8,kogen-bench-us,kh-plan,gpt-6-luna,gpt-6-luna / xhigh,fail,fail,,351.141,384621,0.015208339999999999
r56p2,r56p2-us-elx07:B-ctx-none,elx-07-cli-stats,9,kogen-bench-us,kh-plan,gpt-6-luna,gpt-6-luna / xhigh,fail,fail,,340.069,351407,0.01862062
r56p2,r56p2-us-elx07:B-ctx-pack,elx-07-cli-stats,1,kogen-bench-us,kh-plan,gpt-6-luna + gpt-6-luna,gpt-6-luna / low + gpt-6-luna / xhigh,fail,fail,,364.507,232624,0.014670480000000001
r56p2,r56p2-us-elx07:B-ctx-pack,elx-07-cli-stats,10,kogen-bench-us,kh-plan,gpt-6-luna + gpt-6-luna,gpt-6-luna / low + gpt-6-luna / xhigh,pass,pass,,574.015,511965,0.020327380000000003
r56p2,r56p2-us-elx07:B-ctx-pack,elx-07-cli-stats,11,kogen-bench-us,kh-plan,gpt-6-luna + gpt-6-luna,gpt-6-luna / low + gpt-6-luna / xhigh,fail,fail,,443.622,348551,0.01850758
r56p2,r56p2-us-elx07:B-ctx-pack,elx-07-cli-stats,12,kogen-bench-us,kh-plan,gpt-6-luna + gpt-6-luna,gpt-6-luna / low + gpt-6-luna / xhigh,fail,fail,,327.71,248601,0.013587859999999998
r56p2,r56p2-us-elx07:B-ctx-pack,elx-07-cli-stats,2,kogen-bench-us,kh-plan,gpt-6-luna + gpt-6-luna,gpt-6-luna / low + gpt-6-luna / xhigh,pass,pass,,348.735,274611,0.0148223
r56p2,r56p2-us-elx07:B-ctx-pack,elx-07-cli-stats,3,kogen-bench-us,kh-plan,gpt-6-luna + gpt-6-luna,gpt-6-luna / low + gpt-6-luna / xhigh,pass,pass,,458.343,246794,0.015036520000000001
r56p2,r56p2-us-elx07:B-ctx-pack,elx-07-cli-stats,4,kogen-bench-us,kh-plan,gpt-6-luna + gpt-6-luna,gpt-6-luna / low + gpt-6-luna / xhigh,pass,pass,,393.49,322360,0.015862
r56p2,r56p2-us-elx07:B-ctx-pack,elx-07-cli-stats,5,kogen-bench-us,kh-plan,gpt-6-luna + gpt-6-luna,gpt-6-luna / low + gpt-6-luna / xhigh,pass,pass,,429.384,319202,0.015775160000000003
r56p2,r56p2-us-elx07:B-ctx-pack,elx-07-cli-stats,6,kogen-bench-us,kh-plan,gpt-6-luna + gpt-6-luna,gpt-6-luna / low + gpt-6-luna / xhigh,pass,pass,,531.254,404215,0.01598686
r56p2,r56p2-us-elx07:B-ctx-pack,elx-07-cli-stats,7,kogen-bench-us,kh-plan,gpt-6-luna + gpt-6-luna,gpt-6-luna / low + gpt-6-luna / xhigh,fail,fail,,398.581,254449,0.014438180000000002
r56p2,r56p2-us-elx07:B-ctx-pack,elx-07-cli-stats,8,kogen-bench-us,kh-plan,gpt-6-luna + gpt-6-luna,gpt-6-luna / low + gpt-6-luna / xhigh,pass,pass,,297.259,171503,0.0113359
r56p2,r56p2-us-elx07:B-ctx-pack,elx-07-cli-stats,9,kogen-bench-us,kh-plan,gpt-6-luna + gpt-6-luna,gpt-6-luna / low + gpt-6-luna / xhigh,pass,pass,,451.547,341627,0.01669238
r56p2,r56p2-us-elx12:B-ctx-det,elx-12-retry-api-deprecation,1,kogen-bench-us,kh-plan,gpt-6-luna,requested low (stage efforts not recovered),invalid,unresolved,control_apply cause unresolved; inspect documented audit,1.046,,
r56p2,r56p2-us-elx12:B-ctx-det,elx-12-retry-api-deprecation,10,kogen-bench-us,kh-plan,gpt-6-luna,requested low (stage efforts not recovered),invalid,unresolved,control_apply cause unresolved; inspect documented audit,0.657,,
r56p2,r56p2-us-elx12:B-ctx-det,elx-12-retry-api-deprecation,11,kogen-bench-us,kh-plan,gpt-6-luna,requested low (stage efforts not recovered),invalid,unresolved,control_apply cause unresolved; inspect documented audit,0.664,,
r56p2,r56p2-us-elx12:B-ctx-det,elx-12-retry-api-deprecation,12,kogen-bench-us,kh-plan,gpt-6-luna,requested low (stage efforts not recovered),invalid,unresolved,control_apply cause unresolved; inspect documented audit,0.658,,
r56p2,r56p2-us-elx12:B-ctx-det,elx-12-retry-api-deprecation,2,kogen-bench-us,kh-plan,gpt-6-luna,requested low (stage efforts not recovered),invalid,unresolved,control_apply cause unresolved; inspect documented audit,0.639,,
r56p2,r56p2-us-elx12:B-ctx-det,elx-12-retry-api-deprecation,3,kogen-bench-us,kh-plan,gpt-6-luna,requested low (stage efforts not recovered),invalid,unresolved,control_apply cause unresolved; inspect documented audit,0.987,,
r56p2,r56p2-us-elx12:B-ctx-det,elx-12-retry-api-deprecation,4,kogen-bench-us,kh-plan,gpt-6-luna,requested low (stage efforts not recovered),invalid,unresolved,control_apply cause unresolved; inspect documented audit,1.606,,
r56p2,r56p2-us-elx12:B-ctx-det,elx-12-retry-api-deprecation,5,kogen-bench-us,kh-plan,gpt-6-luna,requested low (stage efforts not recovered),invalid,unresolved,control_apply cause unresolved; inspect documented audit,0.645,,
r56p2,r56p2-us-elx12:B-ctx-det,elx-12-retry-api-deprecation,6,kogen-bench-us,kh-plan,gpt-6-luna,requested low (stage efforts not recovered),invalid,unresolved,control_apply cause unresolved; inspect documented audit,0.654,,
r56p2,r56p2-us-elx12:B-ctx-det,elx-12-retry-api-deprecation,7,kogen-bench-us,kh-plan,gpt-6-luna,requested low (stage efforts not recovered),invalid,unresolved,control_apply cause unresolved; inspect documented audit,1.042,,
r56p2,r56p2-us-elx12:B-ctx-det,elx-12-retry-api-deprecation,8,kogen-bench-us,kh-plan,gpt-6-luna,requested low (stage efforts not recovered),invalid,unresolved,control_apply cause unresolved; inspect documented audit,0.946,,
r56p2,r56p2-us-elx12:B-ctx-det,elx-12-retry-api-deprecation,9,kogen-bench-us,kh-plan,gpt-6-luna,requested low (stage efforts not recovered),invalid,unresolved,control_apply cause unresolved; inspect documented audit,0.633,,
r56p2,r56p2-us-elx12:B-ctx-ls,elx-12-retry-api-deprecation,1,kogen-bench-us,kh-plan,gpt-6-luna,gpt-6-luna / xhigh,fail,fail,,206.346,231492,0.00951208
r56p2,r56p2-us-elx12:B-ctx-ls,elx-12-retry-api-deprecation,10,kogen-bench-us,kh-plan,gpt-6-luna,gpt-6-luna / xhigh,pass,pass,,175.89,145977,0.00728298
r56p2,r56p2-us-elx12:B-ctx-ls,elx-12-retry-api-deprecation,11,kogen-bench-us,kh-plan,gpt-6-luna,gpt-6-luna / xhigh,pass,pass,,217.934,217662,0.00922276
r56p2,r56p2-us-elx12:B-ctx-ls,elx-12-retry-api-deprecation,12,kogen-bench-us,kh-plan,gpt-6-luna,gpt-6-luna / xhigh,fail,fail,,171.878,120239,0.007275340000000001
r56p2,r56p2-us-elx12:B-ctx-ls,elx-12-retry-api-deprecation,2,kogen-bench-us,kh-plan,gpt-6-luna,gpt-6-luna / xhigh,fail,fail,,236.471,311946,0.01159828
r56p2,r56p2-us-elx12:B-ctx-ls,elx-12-retry-api-deprecation,3,kogen-bench-us,kh-plan,gpt-6-luna,gpt-6-luna / xhigh,pass,pass,,185.224,176688,0.00785656
r56p2,r56p2-us-elx12:B-ctx-ls,elx-12-retry-api-deprecation,4,kogen-bench-us,kh-plan,gpt-6-luna,gpt-6-luna / xhigh,fail,fail,,184.92,164752,0.007806800000000001
r56p2,r56p2-us-elx12:B-ctx-ls,elx-12-retry-api-deprecation,5,kogen-bench-us,kh-plan,gpt-6-luna,gpt-6-luna / xhigh,fail,fail,,210.487,163068,0.00857016
r56p2,r56p2-us-elx12:B-ctx-ls,elx-12-retry-api-deprecation,6,kogen-bench-us,kh-plan,gpt-6-luna,gpt-6-luna / xhigh,fail,fail,,183.876,178824,0.009602480000000002
r56p2,r56p2-us-elx12:B-ctx-ls,elx-12-retry-api-deprecation,7,kogen-bench-us,kh-plan,gpt-6-luna,gpt-6-luna / xhigh,pass,pass,,168.892,71068,0.00517328
r56p2,r56p2-us-elx12:B-ctx-ls,elx-12-retry-api-deprecation,8,kogen-bench-us,kh-plan,gpt-6-luna,gpt-6-luna / xhigh,pass,pass,,157.389,133304,0.006547600000000001
r56p2,r56p2-us-elx12:B-ctx-ls,elx-12-retry-api-deprecation,9,kogen-bench-us,kh-plan,gpt-6-luna,gpt-6-luna / xhigh,fail,fail,,327.54,100340,0.00726856
r56p2,r56p2-us-elx12:B-ctx-none,elx-12-retry-api-deprecation,1,kogen-bench-us,kh-plan,gpt-6-luna,gpt-6-luna / xhigh,pass,pass,,335.383,196373,0.009199459999999998
r56p2,r56p2-us-elx12:B-ctx-none,elx-12-retry-api-deprecation,10,kogen-bench-us,kh-plan,gpt-6-luna,gpt-6-luna / xhigh,fail,fail,,221.909,187953,0.008540500000000001
r56p2,r56p2-us-elx12:B-ctx-none,elx-12-retry-api-deprecation,11,kogen-bench-us,kh-plan,gpt-6-luna,gpt-6-luna / xhigh,pass,pass,,384.179,132221,0.008081700000000002
r56p2,r56p2-us-elx12:B-ctx-none,elx-12-retry-api-deprecation,12,kogen-bench-us,kh-plan,gpt-6-luna,gpt-6-luna / xhigh,fail,fail,,150.364,88722,0.005697000000000001
r56p2,r56p2-us-elx12:B-ctx-none,elx-12-retry-api-deprecation,2,kogen-bench-us,kh-plan,gpt-6-luna,gpt-6-luna / xhigh,pass,pass,,232.487,157949,0.0091001
r56p2,r56p2-us-elx12:B-ctx-none,elx-12-retry-api-deprecation,3,kogen-bench-us,kh-plan,gpt-6-luna,gpt-6-luna / xhigh,pass,pass,,209.418,235574,0.00880476
r56p2,r56p2-us-elx12:B-ctx-none,elx-12-retry-api-deprecation,4,kogen-bench-us,kh-plan,gpt-6-luna,gpt-6-luna / xhigh,fail,fail,,149.862,95990,0.00675308
r56p2,r56p2-us-elx12:B-ctx-none,elx-12-retry-api-deprecation,5,kogen-bench-us,kh-plan,gpt-6-luna,gpt-6-luna / xhigh,pass,pass,,246.276,192753,0.009059699999999999
r56p2,r56p2-us-elx12:B-ctx-none,elx-12-retry-api-deprecation,6,kogen-bench-us,kh-plan,gpt-6-luna,gpt-6-luna / xhigh,pass,pass,,198.169,113637,0.00694122
r56p2,r56p2-us-elx12:B-ctx-none,elx-12-retry-api-deprecation,7,kogen-bench-us,kh-plan,gpt-6-luna,gpt-6-luna / xhigh,pass,pass,,214.421,208223,0.010696780000000001
r56p2,r56p2-us-elx12:B-ctx-none,elx-12-retry-api-deprecation,8,kogen-bench-us,kh-plan,gpt-6-luna,gpt-6-luna / xhigh,fail,fail,,3580.11,114401,0.00870754
r56p2,r56p2-us-elx12:B-ctx-none,elx-12-retry-api-deprecation,9,kogen-bench-us,kh-plan,gpt-6-luna,gpt-6-luna / xhigh,fail,fail,,273.978,223943,0.00977054
r56p2,r56p2-us-elx12:B-ctx-pack,elx-12-retry-api-deprecation,1,kogen-bench-us,kh-plan,gpt-6-luna + gpt-6-luna,gpt-6-luna / low + gpt-6-luna / xhigh,pass,pass,,282.935,205093,0.01404786
r56p2,r56p2-us-elx12:B-ctx-pack,elx-12-retry-api-deprecation,10,kogen-bench-us,kh-plan,gpt-6-luna + gpt-6-luna,gpt-6-luna / low + gpt-6-luna / xhigh,fail,fail,,300.598,207942,0.01120996
r56p2,r56p2-us-elx12:B-ctx-pack,elx-12-retry-api-deprecation,11,kogen-bench-us,kh-plan,gpt-6-luna + gpt-6-luna,gpt-6-luna / low + gpt-6-luna / xhigh,fail,fail,,238.061,139086,0.008720840000000002
r56p2,r56p2-us-elx12:B-ctx-pack,elx-12-retry-api-deprecation,12,kogen-bench-us,kh-plan,gpt-6-luna + gpt-6-luna,gpt-6-luna / low + gpt-6-luna / xhigh,pass,pass,,340.186,426635,0.016971580000000003
r56p2,r56p2-us-elx12:B-ctx-pack,elx-12-retry-api-deprecation,2,kogen-bench-us,kh-plan,gpt-6-luna + gpt-6-luna,gpt-6-luna / low + gpt-6-luna / xhigh,pass,pass,,279.892,244567,0.01215758
r56p2,r56p2-us-elx12:B-ctx-pack,elx-12-retry-api-deprecation,3,kogen-bench-us,kh-plan,gpt-6-luna + gpt-6-luna,gpt-6-luna / low + gpt-6-luna / xhigh,fail,fail,,260.498,205596,0.011995440000000001
r56p2,r56p2-us-elx12:B-ctx-pack,elx-12-retry-api-deprecation,4,kogen-bench-us,kh-plan,gpt-6-luna + gpt-6-luna,gpt-6-luna / low + gpt-6-luna / xhigh,pass,pass,,223.746,163350,0.00927308
r56p2,r56p2-us-elx12:B-ctx-pack,elx-12-retry-api-deprecation,5,kogen-bench-us,kh-plan,gpt-6-luna + gpt-6-luna,gpt-6-luna / low + gpt-6-luna / xhigh,fail,fail,,266.022,217144,0.010758080000000001
r56p2,r56p2-us-elx12:B-ctx-pack,elx-12-retry-api-deprecation,6,kogen-bench-us,kh-plan,gpt-6-luna + gpt-6-luna,gpt-6-luna / low + gpt-6-luna / xhigh,fail,fail,,308.175,209879,0.012546700000000001
r56p2,r56p2-us-elx12:B-ctx-pack,elx-12-retry-api-deprecation,7,kogen-bench-us,kh-plan,gpt-6-luna + gpt-6-luna,gpt-6-luna / low + gpt-6-luna / xhigh,fail,fail,,300.846,207048,0.011247199999999999
r56p2,r56p2-us-elx12:B-ctx-pack,elx-12-retry-api-deprecation,8,kogen-bench-us,kh-plan,gpt-6-luna + gpt-6-luna,gpt-6-luna / low + gpt-6-luna / xhigh,fail,fail,,314.007,208780,0.0104148
r56p2,r56p2-us-elx12:B-ctx-pack,elx-12-retry-api-deprecation,9,kogen-bench-us,kh-plan,gpt-6-luna + gpt-6-luna,gpt-6-luna / low + gpt-6-luna / xhigh,fail,fail,,273.933,189871,0.01049862
r57,r57-control-us-elx07:control-default-tools,elx-07-cli-stats,1,kogen-bench-us,kh-plan,gpt-6-luna,xhigh,pass,not_scored,smoke or control row; retained outside scored denominator,421.046,388871,
r57,r57-us-elx05:default-tools,elx-05-cache-single-flight,1,kogen-bench-us,kh-plan,gpt-6-luna,low,pass,pass,,160.335,96307,0.005600460000000001
r57,r57-us-elx05:default-tools,elx-05-cache-single-flight,2,kogen-bench-us,kh-plan,gpt-6-luna,low,pass,pass,,131.856,71459,0.004920300000000001
r57,r57-us-elx05:default-tools,elx-05-cache-single-flight,3,kogen-bench-us,kh-plan,gpt-6-luna,low,pass,pass,,147.61,61783,0.004978140000000001
r57,r57-us-elx05:default-tools,elx-05-cache-single-flight,4,kogen-bench-us,kh-plan,gpt-6-luna,low,pass,pass,,160.354,66567,0.0047246200000000006
r57,r57-us-elx05:shell-only,elx-05-cache-single-flight,1,kogen-bench-us,kh-plan,gpt-6-luna,low,pass,pass,,143.787,71958,0.00538404
r57,r57-us-elx05:shell-only,elx-05-cache-single-flight,2,kogen-bench-us,kh-plan,gpt-6-luna,low,pass,pass,,105.309,34704,0.0037600799999999994
r57,r57-us-elx05:shell-only,elx-05-cache-single-flight,3,kogen-bench-us,kh-plan,gpt-6-luna,low,pass,pass,,146.344,52565,0.005218499999999999
r57,r57-us-elx05:shell-only,elx-05-cache-single-flight,4,kogen-bench-us,kh-plan,gpt-6-luna,low,pass,pass,,130.821,39348,0.00459016
r57,r57-us-elx07:default-tools,elx-07-cli-stats,1,kogen-bench-us,kh-plan,gpt-6-luna,low,pass,pass,,193.999,122843,0.007415420000000001
r57,r57-us-elx07:default-tools,elx-07-cli-stats,2,kogen-bench-us,kh-plan,gpt-6-luna,low,pass,pass,,297.283,199625,0.010591139999999997
r57,r57-us-elx07:default-tools,elx-07-cli-stats,3,kogen-bench-us,kh-plan,gpt-6-luna,low,pass,pass,,305.006,306580,0.01329104
r57,r57-us-elx07:default-tools,elx-07-cli-stats,4,kogen-bench-us,kh-plan,gpt-6-luna,low,fail,fail,,581.876,705443,0.02297822
r57,r57-us-elx07:shell-only,elx-07-cli-stats,1,kogen-bench-us,kh-plan,gpt-6-luna,low,pass,pass,,166.196,66342,0.00603788
r57,r57-us-elx07:shell-only,elx-07-cli-stats,2,kogen-bench-us,kh-plan,gpt-6-luna,low,pass,pass,,188.378,122258,0.0073466799999999995
r57,r57-us-elx07:shell-only,elx-07-cli-stats,3,kogen-bench-us,kh-plan,gpt-6-luna,low,fail,fail,,273.973,123688,0.007495119999999999
r57,r57-us-elx07:shell-only,elx-07-cli-stats,4,kogen-bench-us,kh-plan,gpt-6-luna,low,fail,fail,,167.861,64290,0.00633116
r57,r57-us-elx12:default-tools,elx-12-retry-api-deprecation,1,kogen-bench-us,kh-plan,gpt-6-luna,low,fail,fail,,168.63,98365,0.0060668200000000005
r57,r57-us-elx12:default-tools,elx-12-retry-api-deprecation,2,kogen-bench-us,kh-plan,gpt-6-luna,low,fail,fail,,217.357,202204,0.011118320000000001
r57,r57-us-elx12:default-tools,elx-12-retry-api-deprecation,3,kogen-bench-us,kh-plan,gpt-6-luna,low,pass,pass,,418.947,276878,0.010422679999999998
r57,r57-us-elx12:default-tools,elx-12-retry-api-deprecation,4,kogen-bench-us,kh-plan,gpt-6-luna,low,pass,pass,,281.254,146807,0.011283179999999999
r57,r57-us-elx12:shell-only,elx-12-retry-api-deprecation,1,kogen-bench-us,kh-plan,gpt-6-luna,low,pass,pass,,257.63,176177,0.009537619999999998
r57,r57-us-elx12:shell-only,elx-12-retry-api-deprecation,2,kogen-bench-us,kh-plan,gpt-6-luna,low,pass,pass,,262.082,54597,0.00485874
r57,r57-us-elx12:shell-only,elx-12-retry-api-deprecation,3,kogen-bench-us,kh-plan,gpt-6-luna,low,fail,fail,,345.492,68846,0.00596204
r57,r57-us-elx12:shell-only,elx-12-retry-api-deprecation,4,kogen-bench-us,kh-plan,gpt-6-luna,low,fail,fail,,191.852,121117,0.007234979999999999
r57,r57-us-syn13:default-tools,syn-13-bug-empty-filter-crash,1,kogen-bench-us,kh-plan,gpt-6-luna,low,pass,pass,,487.307,438797,0.012671780000000002
r57,r57-us-syn13:default-tools,syn-13-bug-empty-filter-crash,2,kogen-bench-us,kh-plan,gpt-6-luna,low,pass,pass,,463.724,705624,0.01958256
r57,r57-us-syn13:default-tools,syn-13-bug-empty-filter-crash,3,kogen-bench-us,kh-plan,gpt-6-luna,low,pass,pass,,188.429,275469,0.009820980000000002
r57,r57-us-syn13:default-tools,syn-13-bug-empty-filter-crash,4,kogen-bench-us,kh-plan,gpt-6-luna,low,pass,pass,,247.994,385424,0.01297568
r57,r57-us-syn13:shell-only,syn-13-bug-empty-filter-crash,1,kogen-bench-us,kh-plan,gpt-6-luna,low,pass,pass,,192.353,105399,0.006973740000000001
r57,r57-us-syn13:shell-only,syn-13-bug-empty-filter-crash,2,kogen-bench-us,kh-plan,gpt-6-luna,low,pass,pass,,266.547,122173,0.00680634
r57,r57-us-syn13:shell-only,syn-13-bug-empty-filter-crash,3,kogen-bench-us,kh-plan,gpt-6-luna,low,pass,pass,,188.451,135935,0.006598300000000001
r57,r57-us-syn13:shell-only,syn-13-bug-empty-filter-crash,4,kogen-bench-us,kh-plan,gpt-6-luna,low,pass,pass,,222.412,150132,0.00846824
r57,r57-us-syn14:default-tools,syn-14-bug-sla-business-hours,1,kogen-bench-us,kh-plan,gpt-6-luna,low,pass,pass,,146.042,156957,0.004956180000000001
r57,r57-us-syn14:default-tools,syn-14-bug-sla-business-hours,2,kogen-bench-us,kh-plan,gpt-6-luna,low,pass,pass,,94.97,86049,0.0029077000000000005
r57,r57-us-syn14:default-tools,syn-14-bug-sla-business-hours,3,kogen-bench-us,kh-plan,gpt-6-luna,low,pass,pass,,99.008,141794,0.00469236
r57,r57-us-syn14:default-tools,syn-14-bug-sla-business-hours,4,kogen-bench-us,kh-plan,gpt-6-luna,low,pass,pass,,112.744,149297,0.0049974600000000004
r57,r57-us-syn14:shell-only,syn-14-bug-sla-business-hours,1,kogen-bench-us,kh-plan,gpt-6-luna,low,pass,pass,,89.807,100758,0.004447400000000001
r57,r57-us-syn14:shell-only,syn-14-bug-sla-business-hours,2,kogen-bench-us,kh-plan,gpt-6-luna,low,pass,pass,,93.447,31095,0.00214638
r57,r57-us-syn14:shell-only,syn-14-bug-sla-business-hours,3,kogen-bench-us,kh-plan,gpt-6-luna,low,pass,pass,,83.623,32584,0.00251568
r57,r57-us-syn14:shell-only,syn-14-bug-sla-business-hours,4,kogen-bench-us,kh-plan,gpt-6-luna,low,pass,pass,,98.574,82433,0.00413482
r57c,r57c-eu-elx05:default-tools,elx-05-cache-single-flight,1,kogen-bench-eu,kh-plan,gpt-6-luna,low,pass,pass,,179.506,115007,0.00629086
r57c,r57c-eu-elx05:default-tools,elx-05-cache-single-flight,2,kogen-bench-eu,kh-plan,gpt-6-luna,low,pass,pass,,121.018,56335,0.0045035000000000006
r57c,r57c-eu-elx05:default-tools,elx-05-cache-single-flight,3,kogen-bench-eu,kh-plan,gpt-6-luna,low,pass,pass,,162.489,119730,0.00734892
r57c,r57c-eu-elx05:default-tools,elx-05-cache-single-flight,4,kogen-bench-eu,kh-plan,gpt-6-luna,low,pass,pass,,122.418,47839,0.0043555
r57c,r57c-eu-elx05:default-tools,elx-05-cache-single-flight,5,kogen-bench-eu,kh-plan,gpt-6-luna,low,pass,pass,,112.901,44639,0.00411446
r57c,r57c-eu-elx05:default-tools,elx-05-cache-single-flight,6,kogen-bench-eu,kh-plan,gpt-6-luna,low,pass,pass,,137.643,54665,0.00454562
r57c,r57c-eu-elx05:default-tools,elx-05-cache-single-flight,7,kogen-bench-eu,kh-plan,gpt-6-luna,low,pass,pass,,172.06,120035,0.007528859999999999
r57c,r57c-eu-elx05:default-tools,elx-05-cache-single-flight,8,kogen-bench-eu,kh-plan,gpt-6-luna,low,pass,pass,,169.351,91352,0.0072264
r57c,r57c-eu-elx05:shell-only,elx-05-cache-single-flight,1,kogen-bench-eu,kh-plan,gpt-6-luna,low,pass,pass,,154.428,93718,0.006930919999999999
r57c,r57c-eu-elx05:shell-only,elx-05-cache-single-flight,2,kogen-bench-eu,kh-plan,gpt-6-luna,low,pass,pass,,138.346,60199,0.0050697400000000005
r57c,r57c-eu-elx05:shell-only,elx-05-cache-single-flight,3,kogen-bench-eu,kh-plan,gpt-6-luna,low,pass,pass,,166.996,71528,0.00525792
r57c,r57c-eu-elx05:shell-only,elx-05-cache-single-flight,4,kogen-bench-eu,kh-plan,gpt-6-luna,low,pass,pass,,139.871,42579,0.00480094
r57c,r57c-eu-elx05:shell-only,elx-05-cache-single-flight,5,kogen-bench-eu,kh-plan,gpt-6-luna,low,pass,pass,,128.23,57282,0.00553452
r57c,r57c-eu-elx05:shell-only,elx-05-cache-single-flight,6,kogen-bench-eu,kh-plan,gpt-6-luna,low,pass,pass,,197.034,35435,0.0038787799999999996
r57c,r57c-eu-elx05:shell-only,elx-05-cache-single-flight,7,kogen-bench-eu,kh-plan,gpt-6-luna,low,pass,pass,,106.272,38304,0.0040317600000000006
r57c,r57c-eu-elx05:shell-only,elx-05-cache-single-flight,8,kogen-bench-eu,kh-plan,gpt-6-luna,low,pass,pass,,183.375,29337,0.0030861
r57c,r57c-eu-elx07:default-tools,elx-07-cli-stats,1,kogen-bench-eu,kh-plan,gpt-6-luna,low,pass,pass,,382.202,345693,0.016552740000000003
r57c,r57c-eu-elx07:default-tools,elx-07-cli-stats,2,kogen-bench-eu,kh-plan,gpt-6-luna,low,fail,fail,,256.896,136419,0.010668620000000002
r57c,r57c-eu-elx07:default-tools,elx-07-cli-stats,3,kogen-bench-eu,kh-plan,gpt-6-luna,low,pass,pass,,354.589,177131,0.010765100000000001
r57c,r57c-eu-elx07:default-tools,elx-07-cli-stats,4,kogen-bench-eu,kh-plan,gpt-6-luna,low,pass,pass,,627.256,421687,0.016519020000000002
r57c,r57c-eu-elx07:default-tools,elx-07-cli-stats,5,kogen-bench-eu,kh-plan,gpt-6-luna,low,fail,fail,,689.296,500431,0.016017740000000003
r57c,r57c-eu-elx07:default-tools,elx-07-cli-stats,6,kogen-bench-eu,kh-plan,gpt-6-luna,low,pass,pass,,325.734,417475,0.014373259999999999
r57c,r57c-eu-elx07:default-tools,elx-07-cli-stats,7,kogen-bench-eu,kh-plan,gpt-6-luna,low,pass,pass,,362.291,140471,0.01096454
r57c,r57c-eu-elx07:default-tools,elx-07-cli-stats,8,kogen-bench-eu,kh-plan,gpt-6-luna,low,pass,pass,,227.431,202061,0.01022378
r57c,r57c-eu-elx07:shell-only,elx-07-cli-stats,1,kogen-bench-eu,kh-plan,gpt-6-luna,low,pass,pass,,185.035,110235,0.007567900000000001
r57c,r57c-eu-elx07:shell-only,elx-07-cli-stats,2,kogen-bench-eu,kh-plan,gpt-6-luna,low,fail,fail,,237.586,152770,0.00922084
r57c,r57c-eu-elx07:shell-only,elx-07-cli-stats,3,kogen-bench-eu,kh-plan,gpt-6-luna,low,fail,fail,,284.615,109659,0.0073063799999999995
r57c,r57c-eu-elx07:shell-only,elx-07-cli-stats,4,kogen-bench-eu,kh-plan,gpt-6-luna,low,fail,fail,,241.116,136653,0.00833074
r57c,r57c-eu-elx07:shell-only,elx-07-cli-stats,5,kogen-bench-eu,kh-plan,gpt-6-luna,low,pass,pass,,276.049,137055,0.0079119
r57c,r57c-eu-elx07:shell-only,elx-07-cli-stats,6,kogen-bench-eu,kh-plan,gpt-6-luna,low,pass,pass,,263.043,146785,0.010417220000000001
r57c,r57c-eu-elx07:shell-only,elx-07-cli-stats,7,kogen-bench-eu,kh-plan,gpt-6-luna,low,fail,fail,,168.462,88666,0.00620452
r57c,r57c-eu-elx07:shell-only,elx-07-cli-stats,8,kogen-bench-eu,kh-plan,gpt-6-luna,low,pass,pass,,192.939,97214,0.0065574000000000006
r57c,r57c-eu-elx12:default-tools,elx-12-retry-api-deprecation,1,kogen-bench-eu,kh-plan,gpt-6-luna,low,fail,fail,,168.718,83425,0.006359620000000001
r57c,r57c-eu-elx12:default-tools,elx-12-retry-api-deprecation,2,kogen-bench-eu,kh-plan,gpt-6-luna,low,fail,fail,,195.523,124742,0.006854839999999999
r57c,r57c-eu-elx12:default-tools,elx-12-retry-api-deprecation,3,kogen-bench-eu,kh-plan,gpt-6-luna,low,pass,pass,,187.035,134227,0.007355499999999999
r57c,r57c-eu-elx12:default-tools,elx-12-retry-api-deprecation,4,kogen-bench-eu,kh-plan,gpt-6-luna,low,pass,pass,,302.443,161352,0.00881528
r57c,r57c-eu-elx12:default-tools,elx-12-retry-api-deprecation,5,kogen-bench-eu,kh-plan,gpt-6-luna,low,fail,fail,,192.451,134279,0.0071116600000000006
r57c,r57c-eu-elx12:default-tools,elx-12-retry-api-deprecation,6,kogen-bench-eu,kh-plan,gpt-6-luna,low,fail,fail,,329.307,110742,0.00670668
r57c,r57c-eu-elx12:default-tools,elx-12-retry-api-deprecation,7,kogen-bench-eu,kh-plan,gpt-6-luna,low,pass,pass,,311.082,157315,0.00893974
r57c,r57c-eu-elx12:default-tools,elx-12-retry-api-deprecation,8,kogen-bench-eu,kh-plan,gpt-6-luna,low,fail,fail,,246.579,135691,0.00745326
r57c,r57c-eu-elx12:shell-only,elx-12-retry-api-deprecation,1,kogen-bench-eu,kh-plan,gpt-6-luna,low,fail,fail,,165.969,82646,0.005946999999999999
r57c,r57c-eu-elx12:shell-only,elx-12-retry-api-deprecation,2,kogen-bench-eu,kh-plan,gpt-6-luna,low,pass,pass,,248.805,121848,0.00758192
r57c,r57c-eu-elx12:shell-only,elx-12-retry-api-deprecation,3,kogen-bench-eu,kh-plan,gpt-6-luna,low,pass,pass,,273.074,150758,0.010478520000000002
r57c,r57c-eu-elx12:shell-only,elx-12-retry-api-deprecation,4,kogen-bench-eu,kh-plan,gpt-6-luna,low,pass,pass,,271.596,109979,0.00701582
r57c,r57c-eu-elx12:shell-only,elx-12-retry-api-deprecation,5,kogen-bench-eu,kh-plan,gpt-6-luna,low,fail,fail,,279.272,81198,0.0055835599999999996
r57c,r57c-eu-elx12:shell-only,elx-12-retry-api-deprecation,6,kogen-bench-eu,kh-plan,gpt-6-luna,low,pass,pass,,220.03,181500,0.01026672
r57c,r57c-eu-elx12:shell-only,elx-12-retry-api-deprecation,7,kogen-bench-eu,kh-plan,gpt-6-luna,low,pass,pass,,187.998,98620,0.00706416
r57c,r57c-eu-elx12:shell-only,elx-12-retry-api-deprecation,8,kogen-bench-eu,kh-plan,gpt-6-luna,low,fail,fail,,134.422,53145,0.00534794
r57c,r57c-eu-syn13:default-tools,syn-13-bug-empty-filter-crash,1,kogen-bench-eu,kh-plan,gpt-6-luna,low,pass,pass,,208.015,329449,0.01023762
r57c,r57c-eu-syn13:default-tools,syn-13-bug-empty-filter-crash,2,kogen-bench-eu,kh-plan,gpt-6-luna,low,pass,pass,,200.805,252028,0.008892560000000002
r57c,r57c-eu-syn13:default-tools,syn-13-bug-empty-filter-crash,3,kogen-bench-eu,kh-plan,gpt-6-luna,low,pass,pass,,293.638,458587,0.014828540000000001
r57c,r57c-eu-syn13:default-tools,syn-13-bug-empty-filter-crash,4,kogen-bench-eu,kh-plan,gpt-6-luna,low,pass,pass,,317.064,551290,0.01565548
r57c,r57c-eu-syn13:default-tools,syn-13-bug-empty-filter-crash,5,kogen-bench-eu,kh-plan,gpt-6-luna,low,pass,pass,,259.979,468847,0.013320380000000001
r57c,r57c-eu-syn13:default-tools,syn-13-bug-empty-filter-crash,6,kogen-bench-eu,kh-plan,gpt-6-luna,low,pass,pass,,342.664,327693,0.01070434
r57c,r57c-eu-syn13:default-tools,syn-13-bug-empty-filter-crash,7,kogen-bench-eu,kh-plan,gpt-6-luna,low,pass,pass,,298.641,613330,0.014439319999999997
r57c,r57c-eu-syn13:default-tools,syn-13-bug-empty-filter-crash,8,kogen-bench-eu,kh-plan,gpt-6-luna,low,pass,pass,,251.703,376347,0.012403260000000003
r57c,r57c-eu-syn13:shell-only,syn-13-bug-empty-filter-crash,1,kogen-bench-eu,kh-plan,gpt-6-luna,low,pass,pass,,168.827,117378,0.007405799999999999
r57c,r57c-eu-syn13:shell-only,syn-13-bug-empty-filter-crash,2,kogen-bench-eu,kh-plan,gpt-6-luna,low,pass,pass,,255.574,135871,0.00858558
r57c,r57c-eu-syn13:shell-only,syn-13-bug-empty-filter-crash,3,kogen-bench-eu,kh-plan,gpt-6-luna,low,pass,pass,,193.625,173849,0.008653300000000001
r57c,r57c-eu-syn13:shell-only,syn-13-bug-empty-filter-crash,4,kogen-bench-eu,kh-plan,gpt-6-luna,low,pass,pass,,267.395,80649,0.00555554
r57c,r57c-eu-syn13:shell-only,syn-13-bug-empty-filter-crash,5,kogen-bench-eu,kh-plan,gpt-6-luna,low,pass,pass,,182.472,137121,0.007409539999999999
r57c,r57c-eu-syn13:shell-only,syn-13-bug-empty-filter-crash,6,kogen-bench-eu,kh-plan,gpt-6-luna,low,pass,pass,,166.439,106990,0.005355240000000001
r57c,r57c-eu-syn13:shell-only,syn-13-bug-empty-filter-crash,7,kogen-bench-eu,kh-plan,gpt-6-luna,low,pass,pass,,276.04,116007,0.00655294
r57c,r57c-eu-syn13:shell-only,syn-13-bug-empty-filter-crash,8,kogen-bench-eu,kh-plan,gpt-6-luna,low,pass,pass,,194.433,87604,0.00622216
r57c,r57c-eu-syn14:default-tools,syn-14-bug-sla-business-hours,1,kogen-bench-eu,kh-plan,gpt-6-luna,low,pass,pass,,79.139,118899,0.00428054
r57c,r57c-eu-syn14:default-tools,syn-14-bug-sla-business-hours,2,kogen-bench-eu,kh-plan,gpt-6-luna,low,pass,pass,,108.804,146336,0.006017040000000001
r57c,r57c-eu-syn14:default-tools,syn-14-bug-sla-business-hours,3,kogen-bench-eu,kh-plan,gpt-6-luna,low,pass,pass,,97.889,163322,0.00502636
r57c,r57c-eu-syn14:default-tools,syn-14-bug-sla-business-hours,4,kogen-bench-eu,kh-plan,gpt-6-luna,low,pass,pass,,111.453,170011,0.00674318
r57c,r57c-eu-syn14:default-tools,syn-14-bug-sla-business-hours,5,kogen-bench-eu,kh-plan,gpt-6-luna,low,pass,pass,,104.379,180899,0.0056007
r57c,r57c-eu-syn14:default-tools,syn-14-bug-sla-business-hours,6,kogen-bench-eu,kh-plan,gpt-6-luna,low,pass,pass,,86.894,139308,0.004703280000000001
r57c,r57c-eu-syn14:default-tools,syn-14-bug-sla-business-hours,7,kogen-bench-eu,kh-plan,gpt-6-luna,low,pass,pass,,154.972,178474,0.005720439999999999
r57c,r57c-eu-syn14:default-tools,syn-14-bug-sla-business-hours,8,kogen-bench-eu,kh-plan,gpt-6-luna,low,pass,pass,,121.376,160473,0.00506706
r57c,r57c-eu-syn14:shell-only,syn-14-bug-sla-business-hours,1,kogen-bench-eu,kh-plan,gpt-6-luna,low,pass,pass,,95.379,104484,0.005565280000000001
r57c,r57c-eu-syn14:shell-only,syn-14-bug-sla-business-hours,2,kogen-bench-eu,kh-plan,gpt-6-luna,low,pass,pass,,85.325,55259,0.00317406
r57c,r57c-eu-syn14:shell-only,syn-14-bug-sla-business-hours,3,kogen-bench-eu,kh-plan,gpt-6-luna,low,pass,pass,,85.821,93702,0.004560359999999999
r57c,r57c-eu-syn14:shell-only,syn-14-bug-sla-business-hours,4,kogen-bench-eu,kh-plan,gpt-6-luna,low,pass,pass,,57.301,40642,0.0030509200000000004
r57c,r57c-eu-syn14:shell-only,syn-14-bug-sla-business-hours,5,kogen-bench-eu,kh-plan,gpt-6-luna,low,pass,pass,,77.322,58699,0.00334862
r57c,r57c-eu-syn14:shell-only,syn-14-bug-sla-business-hours,6,kogen-bench-eu,kh-plan,gpt-6-luna,low,pass,pass,,68.318,63178,0.00319884
r57c,r57c-eu-syn14:shell-only,syn-14-bug-sla-business-hours,7,kogen-bench-eu,kh-plan,gpt-6-luna,low,pass,pass,,131.791,40018,0.00265988
r57c,r57c-eu-syn14:shell-only,syn-14-bug-sla-business-hours,8,kogen-bench-eu,kh-plan,gpt-6-luna,low,pass,pass,,76.363,43357,0.0027995399999999997
r58,r58:564a-pilot-codex-lmax,elx-12-retry-api-deprecation,1,kogen-bench-eu,codex,gpt-6-luna,max,fail,fail,,424.866,560743,0.01548894
r58,r58:564a-pilot-codex-lmax,elx-12-retry-api-deprecation,2,kogen-bench-eu,codex,gpt-6-luna,max,pass,pass,,232.249,207971,0.00803158
r58,r58:564a-pilot-codex-lmax,elx-12-retry-api-deprecation,3,kogen-bench-eu,codex,gpt-6-luna,max,fail,fail,,352.98,417637,0.012621700000000001
r58,r58:564a-pilot-codex-solhi,elx-12-retry-api-deprecation,1,kogen-bench-eu,codex,gpt-6.1-sol,high,pass,pass,,202.084,118705,0.134938
r58,r58:564a-pilot-codex-solhi,elx-12-retry-api-deprecation,2,kogen-bench-eu,codex,gpt-6.1-sol,high,pass,pass,,262.621,297594,0.1855816
r58,r58:564a-pilot-codex-solhi,elx-12-retry-api-deprecation,3,kogen-bench-eu,codex,gpt-6.1-sol,high,pass,pass,,207.009,156533,0.11621
r58,r58:564a-pilot-kogen-direct,elx-12-retry-api-deprecation,1,kogen-bench-eu,kogen-direct,gpt-6-luna,max,pass,fail,,564.422,231231,
r58,r58:564a-pilot-kogen-direct,elx-12-retry-api-deprecation,2,kogen-bench-eu,kogen-direct,gpt-6-luna,max,fail,fail,,511.178,231598,
r58,r58:564a-pilot-kogen-direct,elx-12-retry-api-deprecation,3,kogen-bench-eu,kogen-direct,gpt-6-luna,max,fail,fail,,646.212,386593,
r58,r58:564a-pilot-kogen-direct-shell,elx-12-retry-api-deprecation,1,kogen-bench-eu,kogen-direct-shell,gpt-6-luna,max,invalid,unresolved,control_apply cause unresolved; inspect documented audit,2.862,0,
r58,r58:564a-pilot-kogen-direct-shell,elx-12-retry-api-deprecation,2,kogen-bench-eu,kogen-direct-shell,gpt-6-luna,max,invalid,unresolved,control_apply cause unresolved; inspect documented audit,319.417,9227,
r58,r58:564a-pilot-kogen-direct-shell,elx-12-retry-api-deprecation,3,kogen-bench-eu,kogen-direct-shell,gpt-6-luna,max,pass,fail,,593.173,395373,
r58,r58:564a-pilot-kogen-staged,elx-12-retry-api-deprecation,1,kogen-bench-eu,kogen-staged,gpt-6-luna,max,invalid,unresolved,control_apply cause unresolved; inspect documented audit,327.273,18254,
r58,r58:564a-pilot-kogen-staged,elx-12-retry-api-deprecation,2,kogen-bench-eu,kogen-staged,gpt-6-luna,max,invalid,unresolved,control_apply cause unresolved; inspect documented audit,2.82,0,
r58,r58:564a-pilot-kogen-staged,elx-12-retry-api-deprecation,3,kogen-bench-eu,kogen-staged,gpt-6-luna,max,pass,fail,,749.395,256975,
r58,r58:564a-pilot-codex-lmax,elx-07-cli-stats,1,kogen-bench-us,codex,gpt-6-luna,max,fail,fail,,275.545,422584,0.01548424
r58,r58:564a-pilot-codex-lmax,elx-07-cli-stats,2,kogen-bench-us,codex,gpt-6-luna,max,fail,fail,,236.521,430483,0.01250478
r58,r58:564a-pilot-codex-lmax,elx-07-cli-stats,3,kogen-bench-us,codex,gpt-6-luna,max,pass,pass,,329.484,946853,0.02207586
r58,r58:564a-pilot-codex-solhi,elx-07-cli-stats,1,kogen-bench-us,codex,gpt-6.1-sol,high,pass,pass,,282.882,190168,0.1456
r58,r58:564a-pilot-codex-solhi,elx-07-cli-stats,2,kogen-bench-us,codex,gpt-6.1-sol,high,pass,pass,,392.938,383059,0.210582
r58,r58:564a-pilot-codex-solhi,elx-07-cli-stats,3,kogen-bench-us,codex,gpt-6.1-sol,high,pass,pass,,218.755,150728,0.1275168
r58,r58:564a-pilot-kogen-direct,elx-07-cli-stats,1,kogen-bench-us,kogen-direct,gpt-6-luna,max,invalid,unresolved,control_apply cause unresolved; inspect documented audit,1.745,0,
r58,r58:564a-pilot-kogen-direct,elx-07-cli-stats,2,kogen-bench-us,kogen-direct,gpt-6-luna,max,fail,fail,,729.428,285789,
r58,r58:564a-pilot-kogen-direct,elx-07-cli-stats,3,kogen-bench-us,kogen-direct,gpt-6-luna,max,fail,fail,,475.527,180187,
r58,r58:564a-pilot-kogen-direct-shell,elx-07-cli-stats,1,kogen-bench-us,kogen-direct-shell,gpt-6-luna,max,pass,fail,,727.888,256440,
r58,r58:564a-pilot-kogen-direct-shell,elx-07-cli-stats,2,kogen-bench-us,kogen-direct-shell,gpt-6-luna,max,fail,fail,,710.918,374015,
r58,r58:564a-pilot-kogen-direct-shell,elx-07-cli-stats,3,kogen-bench-us,kogen-direct-shell,gpt-6-luna,max,pass,fail,,448.946,260267,
r58,r58:564a-pilot-kogen-staged,elx-07-cli-stats,1,kogen-bench-us,kogen-staged,gpt-6-luna,max,invalid,unresolved,control_apply cause unresolved; inspect documented audit,4.604,0,
r58,r58:564a-pilot-kogen-staged,elx-07-cli-stats,2,kogen-bench-us,kogen-staged,gpt-6-luna,max,fail,fail,,888.829,727100,
r58,r58:564a-pilot-kogen-staged,elx-07-cli-stats,3,kogen-bench-us,kogen-staged,gpt-6-luna,max,invalid,unresolved,control_apply cause unresolved; inspect documented audit,866.015,48661,
r58,r58:564a-discriminator-codex-lmax,elx-port-board-publish-unpublish-public-boundary,1,kogen-bench-us,codex,gpt-6-luna,max,fail,fail,,240.661,279315,0.00895982
r58,r58:564a-discriminator-codex-lmax,elx-port-board-publish-unpublish-public-boundary,2,kogen-bench-us,codex,gpt-6-luna,max,fail,fail,,134.462,173062,0.008380120000000001
r58,r58:564a-discriminator-kogen-direct,elx-port-board-publish-unpublish-public-boundary,1,kogen-bench-us,kogen-direct,gpt-6-luna,max,fail,fail,,503.327,334366,
r58,r58:564a-discriminator-kogen-direct,elx-port-board-publish-unpublish-public-boundary,2,kogen-bench-us,kogen-direct,gpt-6-luna,max,fail,fail,,586.705,248449,
r58,r58:564a-discriminator-kogen-direct-shell,elx-port-board-publish-unpublish-public-boundary,1,kogen-bench-us,kogen-direct-shell,gpt-6-luna,max,invalid,unresolved,control_apply cause unresolved; inspect documented audit,634.071,172952,
r58,r58:564a-discriminator-kogen-direct-shell,elx-port-board-publish-unpublish-public-boundary,2,kogen-bench-us,kogen-direct-shell,gpt-6-luna,max,invalid,unresolved,control_apply cause unresolved; inspect documented audit,593.056,133255,
r58,r58:564a-discriminator-kogen-staged,elx-port-board-publish-unpublish-public-boundary,1,kogen-bench-us,kogen-staged,gpt-6-luna,max,pass,fail,,538.973,429266,
r58,r58:564a-discriminator-kogen-staged,elx-port-board-publish-unpublish-public-boundary,2,kogen-bench-us,kogen-staged,gpt-6-luna,max,fail,fail,,641.549,381618,
r58,r58:564a-discriminator-kogen-staged,elx-port-board-publish-unpublish-public-boundary,3,kogen-bench-us,kogen-staged,gpt-6-luna,max,fail,fail,,727.531,405228,
r58,r58:564a-discriminator-codex-lmax,elx-port-erase-account,1,kogen-bench-us,codex,gpt-6-luna,max,fail,fail,,459.215,383360,0.014717200000000001
r58,r58:564a-discriminator-codex-lmax,elx-port-erase-account,2,kogen-bench-us,codex,gpt-6-luna,max,fail,fail,,625.246,599976,0.01965152
r58,r58:564a-discriminator-codex-lmax,elx-port-erase-account,3,kogen-bench-us,codex,gpt-6-luna,max,fail,fail,,370.13,618923,0.01852398
r58,r58:564a-discriminator-kogen-direct,elx-port-erase-account,1,kogen-bench-us,kogen-direct,gpt-6-luna,max,fail,fail,,771.823,587957,
r58,r58:564a-discriminator-kogen-direct,elx-port-erase-account,2,kogen-bench-us,kogen-direct,gpt-6-luna,max,fail,fail,,745.667,554658,
r58,r58:564a-discriminator-kogen-direct,elx-port-erase-account,3,kogen-bench-us,kogen-direct,gpt-6-luna,max,invalid,unresolved,control_apply cause unresolved; inspect documented audit,908.88,404973,
r58,r58:564a-discriminator-kogen-direct-shell,elx-port-erase-account,1,kogen-bench-us,kogen-direct-shell,gpt-6-luna,max,fail,fail,,740.079,466311,
r58,r58:564a-discriminator-kogen-direct-shell,elx-port-erase-account,2,kogen-bench-us,kogen-direct-shell,gpt-6-luna,max,fail,fail,,772.447,412267,
r58,r58:564a-discriminator-kogen-direct-shell,elx-port-erase-account,3,kogen-bench-us,kogen-direct-shell,gpt-6-luna,max,fail,fail,,873.145,362065,
r58,r58:564a-discriminator-kogen-staged,elx-port-erase-account,1,kogen-bench-us,kogen-staged,gpt-6-luna,max,invalid,unresolved,control_apply cause unresolved; inspect documented audit,779.105,370148,
r58,r58:564a-discriminator-kogen-staged,elx-port-erase-account,2,kogen-bench-us,kogen-staged,gpt-6-luna,max,invalid,unresolved,control_apply cause unresolved; inspect documented audit,988.296,267865,
r58,r58:564a-discriminator-kogen-staged,elx-port-erase-account,3,kogen-bench-us,kogen-staged,gpt-6-luna,max,fail,fail,,1246.247,655453,
r58,r58:564a-pilot-codex-lmax,syn-14-bug-sla-business-hours,1,kogen-bench-us,codex,gpt-6-luna,max,pass,pass,,157.783,282440,0.00728992
r58,r58:564a-pilot-codex-lmax,syn-14-bug-sla-business-hours,2,kogen-bench-us,codex,gpt-6-luna,max,pass,pass,,97.215,290077,0.0061313
r58,r58:564a-pilot-codex-lmax,syn-14-bug-sla-business-hours,3,kogen-bench-us,codex,gpt-6-luna,max,pass,pass,,98.137,320965,0.00733194
r58,r58:564a-pilot-codex-solhi,syn-14-bug-sla-business-hours,1,kogen-bench-us,codex,gpt-6.1-sol,high,pass,pass,,139.721,292948,0.1332336
r58,r58:564a-pilot-codex-solhi,syn-14-bug-sla-business-hours,2,kogen-bench-us,codex,gpt-6.1-sol,high,pass,pass,,135.223,285268,0.1186912
r58,r58:564a-pilot-codex-solhi,syn-14-bug-sla-business-hours,3,kogen-bench-us,codex,gpt-6.1-sol,high,pass,pass,,142.003,227193,0.142314
r58,r58:564a-pilot-kogen-direct,syn-14-bug-sla-business-hours,1,kogen-bench-us,kogen-direct,gpt-6-luna,max,pass,fail,,659.904,104018,
r58,r58:564a-pilot-kogen-direct,syn-14-bug-sla-business-hours,2,kogen-bench-us,kogen-direct,gpt-6-luna,max,pass,fail,,395.867,103276,
r58,r58:564a-pilot-kogen-direct,syn-14-bug-sla-business-hours,3,kogen-bench-us,kogen-direct,gpt-6-luna,max,pass,fail,,448.091,77739,
r58,r58:564a-pilot-kogen-direct-shell,syn-14-bug-sla-business-hours,1,kogen-bench-us,kogen-direct-shell,gpt-6-luna,max,pass,fail,,342.885,54362,
r58,r58:564a-pilot-kogen-direct-shell,syn-14-bug-sla-business-hours,2,kogen-bench-us,kogen-direct-shell,gpt-6-luna,max,pass,fail,,422.542,90711,
r58,r58:564a-pilot-kogen-direct-shell,syn-14-bug-sla-business-hours,3,kogen-bench-us,kogen-direct-shell,gpt-6-luna,max,pass,fail,,386.2,78989,
r58,r58:564a-pilot-kogen-staged,syn-14-bug-sla-business-hours,1,kogen-bench-us,kogen-staged,gpt-6-luna,max,pass,fail,,532.116,63192,
r58,r58:564a-pilot-kogen-staged,syn-14-bug-sla-business-hours,2,kogen-bench-us,kogen-staged,gpt-6-luna,max,pass,fail,,777.548,317417,
r58,r58:564a-pilot-kogen-staged,syn-14-bug-sla-business-hours,3,kogen-bench-us,kogen-staged,gpt-6-luna,max,pass,fail,,453.989,58300,
r58,r58:kogen-direct,syn-14-bug-sla-business-hours,1,kogen-bench-us,kogen-direct,gpt-6-luna,max,invalid,unresolved,control_apply cause unresolved; inspect documented audit,11.921,0,
r58,r58:kogen,syn-14-bug-sla-business-hours,1,kogen-bench-us,kogen,gpt-6-luna,max,invalid,unresolved,control_apply cause unresolved; inspect documented audit,2.722,0,
r58,r58:kogen-staged,syn-14-bug-sla-business-hours,1,kogen-bench-us,kogen-staged,gpt-6-luna,max,invalid,unresolved,environment label requires evidence review; no exclusion asserted,0,,
r58,r58:smoke-564a-kogen-direct-a1,syn-14-bug-sla-business-hours,1,kogen-bench-us,kogen-direct,gpt-6-luna,max,invalid,not_scored,smoke or control row; retained outside scored denominator,165.332,48703,
r58,r58:smoke-564a-kogen-direct-a2,syn-14-bug-sla-business-hours,1,kogen-bench-us,kogen-direct,gpt-6-luna,max,invalid,not_scored,smoke or control row; retained outside scored denominator,132.121,31851,
r58,r58:smoke-564a-kogen-direct-shell-a1,syn-14-bug-sla-business-hours,1,kogen-bench-us,kogen-direct-shell,gpt-6-luna,max,invalid,not_scored,smoke or control row; retained outside scored denominator,167.782,25253,
r58,r58:smoke-564a-kogen-direct-shell-a2,syn-14-bug-sla-business-hours,1,kogen-bench-us,kogen-direct-shell,gpt-6-luna,max,invalid,not_scored,smoke or control row; retained outside scored denominator,152.301,30523,
r58,r58:smoke-564a-kogen-staged-a1,syn-14-bug-sla-business-hours,1,kogen-bench-us,kogen-staged,gpt-6-luna,max,invalid,not_scored,smoke or control row; retained outside scored denominator,183.851,21108,
r58,r58:smoke-564a-kogen-staged-a2,syn-14-bug-sla-business-hours,1,kogen-bench-us,kogen-staged,gpt-6-luna,max,invalid,not_scored,smoke or control row; retained outside scored denominator,233.991,64894,
r58,r58:smoke-7bfd-kogen-direct-a1,syn-14-bug-sla-business-hours,1,kogen-bench-us,kogen-direct,gpt-6-luna,max,invalid,not_scored,smoke or control row; retained outside scored denominator,56.207,0,
r58,r58:smoke-7bfd-kogen-direct-a2,syn-14-bug-sla-business-hours,1,kogen-bench-us,kogen-direct,gpt-6-luna,max,invalid,not_scored,smoke or control row; retained outside scored denominator,61.506,0,
r58,r58:smoke-7bfd-kogen-direct-shell-a1,syn-14-bug-sla-business-hours,1,kogen-bench-us,kogen-direct-shell,gpt-6-luna,max,invalid,not_scored,smoke or control row; retained outside scored denominator,82.435,0,
r58,r58:smoke-7bfd-kogen-direct-shell-a2,syn-14-bug-sla-business-hours,1,kogen-bench-us,kogen-direct-shell,gpt-6-luna,max,invalid,not_scored,smoke or control row; retained outside scored denominator,55.336,0,
r58,r58:smoke-7bfd-kogen-staged-a1,syn-14-bug-sla-business-hours,1,kogen-bench-us,kogen-staged,gpt-6-luna,max,invalid,not_scored,smoke or control row; retained outside scored denominator,61.222,0,
r58,r58:smoke-7bfd-kogen-staged-a2,syn-14-bug-sla-business-hours,1,kogen-bench-us,kogen-staged,gpt-6-luna,max,invalid,not_scored,smoke or control row; retained outside scored denominator,57.636,0,
r58,r58:smoke-identity-20261004-564a-kogen-direct-a1,syn-14-bug-sla-business-hours,1,kogen-bench-us,kogen-direct,gpt-6-luna,max,fail,not_scored,smoke or control row; retained outside scored denominator,801.267,184883,
r58,r58:smoke-identity-20261004-564a-kogen-direct-shell-a1,syn-14-bug-sla-business-hours,1,kogen-bench-us,kogen-direct-shell,gpt-6-luna,max,pass,not_scored,smoke or control row; retained outside scored denominator,365.194,48451,
r58,r58:smoke-identity-20261004-564a-kogen-staged-a1,syn-14-bug-sla-business-hours,1,kogen-bench-us,kogen-staged,gpt-6-luna,max,invalid,not_scored,smoke or control row; retained outside scored denominator,214.92,61358,
r58,r58:smoke-identity-20261004-564a-kogen-staged-a2,syn-14-bug-sla-business-hours,1,kogen-bench-us,kogen-staged,gpt-6-luna,max,fail,not_scored,smoke or control row; retained outside scored denominator,607.181,130824,
r58,r58:smoke-prer58c-kogen-direct,syn-14-bug-sla-business-hours,1,kogen-bench-us,kogen-direct,gpt-6-luna,max,invalid,not_scored,smoke or control row; retained outside scored denominator,0,,
r58,r58:smoke-prer58c-kogen-staged,syn-14-bug-sla-business-hours,1,kogen-bench-us,kogen-staged,gpt-6-luna,max,invalid,not_scored,smoke or control row; retained outside scored denominator,0,,
r58,r58:smoke-prer58c-r2-kogen-direct,syn-14-bug-sla-business-hours,1,kogen-bench-us,kogen-direct,gpt-6-luna,max,invalid,not_scored,smoke or control row; retained outside scored denominator,44.282,0,
r58,r58:smoke-prer58c-r2-kogen-staged,syn-14-bug-sla-business-hours,1,kogen-bench-us,kogen-staged,gpt-6-luna,max,invalid,not_scored,smoke or control row; retained outside scored denominator,0,,
r58,r58:smoke-prer58c-r3-kogen-direct,syn-14-bug-sla-business-hours,1,kogen-bench-us,kogen-direct,gpt-6-luna,max,invalid,not_scored,smoke or control row; retained outside scored denominator,0.495,0,
r58,r58:smoke-prer58c-r3-kogen-staged,syn-14-bug-sla-business-hours,1,kogen-bench-us,kogen-staged,gpt-6-luna,max,invalid,not_scored,smoke or control row; retained outside scored denominator,44.056,0,
r58,r58:smoke67a7-kogen-direct,syn-14-bug-sla-business-hours,1,kogen-bench-us,kogen-direct,gpt-6-luna,max,invalid,not_scored,smoke or control row; retained outside scored denominator,38.243,0,
r58,r58:smoke67a7-kogen-staged,syn-14-bug-sla-business-hours,1,kogen-bench-us,kogen-staged,gpt-6-luna,max,invalid,not_scored,smoke or control row; retained outside scored denominator,6.886,0,
r58b,r58b:r58b-smoke-retry2-us-syn-14-bug-sla-business-hours-kogen-solintent-r1,syn-14-bug-sla-business-hours,1,kogen-bench-us,kogen-solintent,gpt-6.1-sol,mixed,invalid,not_scored,smoke or control row; retained outside scored denominator,0.859,0,
r58b,r58b:r58b-smoke-retry3-us-syn-14-bug-sla-business-hours-kogen-solintent-r1,syn-14-bug-sla-business-hours,1,kogen-bench-us,kogen-solintent,gpt-6.1-sol,mixed,invalid,not_scored,smoke or control row; retained outside scored denominator,0.51,0,
r58b,r58b:r58b-smoke-retry4-us-syn-14-bug-sla-business-hours-kogen-solintent-r1,syn-14-bug-sla-business-hours,1,kogen-bench-us,kogen-solintent,gpt-6.1-sol,mixed,invalid,not_scored,smoke or control row; retained outside scored denominator,1.223,0,
r58b,r58b:r58b-smoke-retry5-us-syn-14-bug-sla-business-hours-kogen-solintent-r1,syn-14-bug-sla-business-hours,1,kogen-bench-us,kogen-solintent,gpt-6.1-sol,high,fail,not_scored,smoke or control row; retained outside scored denominator,759.157,1057023,
r61,r61:kogen-direct-escalate,elx-12-retry-api-deprecation,1,kogen-bench-eu,kogen-direct-escalate,gpt-6-luna,max,invalid,unresolved,control_apply cause unresolved; inspect documented audit,318.96,10703,
r61,r61:kogen-direct-escalate,elx-12-retry-api-deprecation,2,kogen-bench-eu,kogen-direct-escalate,gpt-6-luna,mixed,invalid,unresolved,control_apply cause unresolved; inspect documented audit,1094.661,655163,
r61,r61:kogen-direct-escalate,elx-12-retry-api-deprecation,3,kogen-bench-eu,kogen-direct-escalate,gpt-6-luna,max,fail,fail,,539.637,363797,
r61,r61:kogen-direct-escalate,elx-12-retry-api-deprecation,4,kogen-bench-eu,kogen-direct-escalate,gpt-6-luna,max,fail,fail,,649.037,204429,
r61,r61:kogen-direct-escalate,elx-12-retry-api-deprecation,5,kogen-bench-eu,kogen-direct-escalate,gpt-6-luna,max,invalid,unresolved,control_apply cause unresolved; inspect documented audit,343.276,21650,
r61,r61:kogen-direct-sol,elx-12-retry-api-deprecation,1,kogen-bench-eu,kogen-direct-sol,gpt-6.1-sol,max,invalid,unresolved,control_apply cause unresolved; inspect documented audit,334.971,16887,
r61,r61:kogen-direct-sol,elx-12-retry-api-deprecation,2,kogen-bench-eu,kogen-direct-sol,gpt-6.1-sol,mixed,invalid,unresolved,control_apply cause unresolved; inspect documented audit,659.415,292949,
r61,r61:kogen-direct-sol,elx-12-retry-api-deprecation,3,kogen-bench-eu,kogen-direct-sol,gpt-6.1-sol,mixed,fail,fail,,484.776,147520,
r61,r61:kogen-direct-sol,elx-12-retry-api-deprecation,4,kogen-bench-eu,kogen-direct-sol,gpt-6.1-sol,mixed,fail,fail,,569.685,175957,
r61,r61-smoke:kogen-direct-escalate,syn-14-bug-sla-business-hours,1,kogen-bench-us,kogen-direct-escalate,gpt-6-luna,max,pass,not_scored,smoke or control row; retained outside scored denominator,377.727,82325,
r61,r61-smoke:kogen-direct-sol,syn-14-bug-sla-business-hours,1,kogen-bench-us,kogen-direct-sol,gpt-6.1-sol,mixed,pass,not_scored,smoke or control row; retained outside scored denominator,324.393,76364,
r61,r61-smoke:kogen-staged,syn-14-bug-sla-business-hours,1,kogen-bench-us,kogen-staged,gpt-6-luna,mixed,pass,not_scored,smoke or control row; retained outside scored denominator,453.512,122233,
r61,r61:kogen-direct-escalate,elx-07-cli-stats,1,kogen-bench-us,kogen-direct-escalate,gpt-6-luna,max,fail,fail,,430.83,305769,
r61,r61:kogen-direct-escalate,elx-07-cli-stats,2,kogen-bench-us,kogen-direct-escalate,gpt-6-luna,max,fail,fail,,558.433,416325,
r61,r61:kogen-direct-sol,elx-07-cli-stats,1,kogen-bench-us,kogen-direct-sol,gpt-6.1-sol,mixed,pass,pass,,497.839,248671,
r61,r61:kogen-direct-sol,elx-07-cli-stats,2,kogen-bench-us,kogen-direct-sol,gpt-6.1-sol,mixed,fail,fail,,437.394,188368,
r61,r61:kogen-direct-escalate,elx-port-board-publish-unpublish-public-boundary,1,kogen-bench-us,kogen-direct-escalate,gpt-6-luna,max,fail,fail,,627.864,354271,
r61,r61:kogen-direct-sol,elx-port-board-publish-unpublish-public-boundary,1,kogen-bench-us,kogen-direct-sol,gpt-6.1-sol,mixed,pass,pass,,575.47,261037,
r61,r61:kogen-direct-escalate,elx-port-erase-account,1,kogen-bench-us,kogen-direct-escalate,gpt-6-luna,max,invalid,unresolved,control_apply cause unresolved; inspect documented audit,463.433,96481,
r61,r61:kogen-direct-sol,elx-port-erase-account,1,kogen-bench-us,kogen-direct-sol,gpt-6.1-sol,mixed,pass,pass,,727.482,417000,
r61,r61pre-eu-elx12:r61pre-eu-elx12-elx-12-retry-api-deprecation-codex-lmax-r4,elx-12-retry-api-deprecation,4,kogen-bench-eu,codex,gpt-6-luna,max,pass,pass,,185.748,355011,0.01027486
r61,r61pre-eu-elx12:r61pre-eu-elx12-elx-12-retry-api-deprecation-codex-lmax-r5,elx-12-retry-api-deprecation,5,kogen-bench-eu,codex,gpt-6-luna,max,pass,pass,,290.786,307019,0.01166438
r61,r61pre-eu-elx12:r61pre-eu-elx12-elx-12-retry-api-deprecation-codex-solhi-r4,elx-12-retry-api-deprecation,4,kogen-bench-eu,codex,gpt-6.1-sol,high,pass,pass,,230.669,165879,0.1175788
r61,r61pre-eu-elx12:r61pre-eu-elx12-elx-12-retry-api-deprecation-codex-solhi-r5,elx-12-retry-api-deprecation,5,kogen-bench-eu,codex,gpt-6.1-sol,high,pass,pass,,204.164,141258,0.1195288
r61,r61pre-us-board:r61pre-us-board-elx-port-board-publish-unpublish-public-boundary-codex-lmax-r4,elx-port-board-publish-unpublish-public-boundary,4,kogen-bench-us,codex,gpt-6-luna,max,pass,pass,,144.707,256704,0.00840048
r61,r61pre-us-board:r61pre-us-board-elx-port-board-publish-unpublish-public-boundary-codex-lmax-r5,elx-port-board-publish-unpublish-public-boundary,5,kogen-bench-us,codex,gpt-6-luna,max,fail,fail,,190.1,239217,0.00811738
r61,r61pre-us-board:r61pre-us-board-elx-port-board-publish-unpublish-public-boundary-codex-solhi-r4,elx-port-board-publish-unpublish-public-boundary,4,kogen-bench-us,codex,gpt-6.1-sol,high,pass,pass,,278.718,235085,0.141754
r61,r61pre-us-board:r61pre-us-board-elx-port-board-publish-unpublish-public-boundary-codex-solhi-r5,elx-port-board-publish-unpublish-public-boundary,5,kogen-bench-us,codex,gpt-6.1-sol,high,pass,pass,,216.893,234497,0.1276276
r61,r61pre-us-elx07:r61pre-us-elx07-elx-07-cli-stats-codex-lmax-r4,elx-07-cli-stats,4,kogen-bench-us,codex,gpt-6-luna,max,fail,fail,,264.493,489573,0.01358554
r61,r61pre-us-elx07:r61pre-us-elx07-elx-07-cli-stats-codex-lmax-r5,elx-07-cli-stats,5,kogen-bench-us,codex,gpt-6-luna,max,fail,fail,,278.445,374660,0.01241216
r61,r61pre-us-elx07:r61pre-us-elx07-elx-07-cli-stats-codex-solhi-r4,elx-07-cli-stats,4,kogen-bench-us,codex,gpt-6.1-sol,high,pass,pass,,262.178,237284,0.153616
r61,r61pre-us-elx07:r61pre-us-elx07-elx-07-cli-stats-codex-solhi-r5,elx-07-cli-stats,5,kogen-bench-us,codex,gpt-6.1-sol,high,pass,pass,,395.879,366778,0.2035736
r61,r61pre-us-erase:r61pre-us-erase-elx-port-erase-account-codex-solhi-r4,elx-port-erase-account,4,kogen-bench-us,codex,gpt-6.1-sol,high,pass,pass,,377.43,328715,0.2206348
r61,r61pre-us-erase:r61pre-us-erase-elx-port-erase-account-codex-solhi-r5,elx-port-erase-account,5,kogen-bench-us,codex,gpt-6.1-sol,high,fail,fail,,292.032,340316,0.1721456
r62,r62-eu:r62-eu-elx04-kogen-direct-r1,elx-04-queue-backpressure,1,kogen-bench-eu,kogen-direct,gpt-6-luna,max,invalid,unresolved,control_apply cause unresolved; inspect documented audit,323.425,8835,
r62,r62-eu:r62-eu-elx04-kogen-direct-r2,elx-04-queue-backpressure,2,kogen-bench-eu,kogen-direct,gpt-6-luna,max,pass,fail,,469.193,187350,
r62,r62-eu:r62-eu-elx04-kogen-direct-r3,elx-04-queue-backpressure,3,kogen-bench-eu,kogen-direct,gpt-6-luna,max,pass,fail,,647.936,310150,
r62,r62-eu:r62-eu-elx04-kogen-direct-shell-r1,elx-04-queue-backpressure,1,kogen-bench-eu,kogen-direct-shell,gpt-6-luna,max,pass,fail,,843.304,203119,
r62,r62-eu:r62-eu-elx04-kogen-direct-shell-r2,elx-04-queue-backpressure,2,kogen-bench-eu,kogen-direct-shell,gpt-6-luna,max,pass,fail,,672.382,222392,
r62,r62-eu:r62-eu-elx04-kogen-direct-shell-r3,elx-04-queue-backpressure,3,kogen-bench-eu,kogen-direct-shell,gpt-6-luna,max,pass,fail,,532.156,256396,
r62,r62-eu:r62-eu-syn06-kogen-direct-r1,syn-06-migration-ticket-numbers,1,kogen-bench-eu,kogen-direct,gpt-6-luna,max,pass,fail,,862.228,741542,
r62,r62-eu:r62-eu-syn06-kogen-direct-r2,syn-06-migration-ticket-numbers,2,kogen-bench-eu,kogen-direct,gpt-6-luna,max,pass,fail,,844.649,817743,
r62,r62-us:r62-us-elx02-kogen-direct-r1,elx-02-ingest-supervision,1,kogen-bench-us,kogen-direct,gpt-6-luna,max,pass,fail,,594.999,197799,
r62,r62-us:r62-us-elx02-kogen-direct-r2,elx-02-ingest-supervision,2,kogen-bench-us,kogen-direct,gpt-6-luna,max,pass,fail,,351.201,110806,
r62,r62-us:r62-us-elx02-kogen-direct-r3,elx-02-ingest-supervision,3,kogen-bench-us,kogen-direct,gpt-6-luna,max,pass,fail,,538.012,152280,
r62,r62-us:r62-us-elx02-kogen-direct-shell-r1,elx-02-ingest-supervision,1,kogen-bench-us,kogen-direct-shell,gpt-6-luna,max,pass,fail,,425.415,108706,
r62,r62-us:r62-us-elx02-kogen-direct-shell-r2,elx-02-ingest-supervision,2,kogen-bench-us,kogen-direct-shell,gpt-6-luna,max,pass,fail,,338.39,138232,
r62,r62-us:r62-us-elx02-kogen-direct-shell-r3,elx-02-ingest-supervision,3,kogen-bench-us,kogen-direct-shell,gpt-6-luna,max,pass,fail,,404.179,151258,
r62,r62-us:r62-us-syn01-kogen-direct-r1,syn-01-live-ticket-filters,1,kogen-bench-us,kogen-direct,gpt-6-luna,max,pass,fail,,711.654,473190,
r62,r62-us:r62-us-syn01-kogen-direct-r2,syn-01-live-ticket-filters,2,kogen-bench-us,kogen-direct,gpt-6-luna,max,pass,fail,,804.925,298008,
r62,r62-us:r62-us-syn01-kogen-direct-r3,syn-01-live-ticket-filters,3,kogen-bench-us,kogen-direct,gpt-6-luna,max,pass,fail,,968.826,653081,
r62,r62-us:r62-us-syn01-kogen-direct-shell-r1,syn-01-live-ticket-filters,1,kogen-bench-us,kogen-direct-shell,gpt-6-luna,max,pass,fail,,816.807,467354,
r62b,r62b:kogen-direct-escalate,elx-04-queue-backpressure,1,kogen-bench-eu,kogen-direct-escalate,gpt-6-luna,max,pass,pass,,967.458,503248,
r62b,r62b:kogen-direct-escalate,elx-04-queue-backpressure,2,kogen-bench-eu,kogen-direct-escalate,gpt-6-luna,max,pass,pass,,884.384,173083,
r62b,r62b:kogen-direct-escalate,elx-04-queue-backpressure,3,kogen-bench-eu,kogen-direct-escalate,gpt-6-luna,max,pass,pass,,765.009,197910,
r62b,r62b:kogen-direct-shell,elx-04-queue-backpressure,1,kogen-bench-eu,kogen-direct-shell,gpt-6-luna,max,pass,pass,,487.513,284581,
r62b,r62b:kogen-direct-shell,elx-04-queue-backpressure,2,kogen-bench-eu,kogen-direct-shell,gpt-6-luna,max,pass,pass,,517.709,139185,
r62b,r62b:kogen-direct-shell,elx-04-queue-backpressure,3,kogen-bench-eu,kogen-direct-shell,gpt-6-luna,max,pass,pass,,514.007,198015,
r62b,r62b:kogen-staged,elx-04-queue-backpressure,1,kogen-bench-eu,kogen-staged,gpt-6-luna,mixed,pass,pass,,754.964,340531,
r62b,r62b:kogen-staged,elx-04-queue-backpressure,2,kogen-bench-eu,kogen-staged,gpt-6-luna,mixed,pass,pass,,851.912,534835,
r62b,r62b:kogen-staged,elx-04-queue-backpressure,3,kogen-bench-eu,kogen-staged,gpt-6-luna,mixed,pass,pass,,733.807,586399,
r62b,r62b:kogen-direct-escalate,syn-06-migration-ticket-numbers,1,kogen-bench-eu,kogen-direct-escalate,gpt-6-luna,max,invalid,fail,,2143.318,6275701,
r62b,r62b:kogen-direct-escalate,syn-06-migration-ticket-numbers,2,kogen-bench-eu,kogen-direct-escalate,gpt-6-luna,max,pass,pass,,798.516,814417,
r62b,r62b:kogen-direct-escalate,syn-06-migration-ticket-numbers,3,kogen-bench-eu,kogen-direct-escalate,gpt-6-luna,max,pass,pass,,733.543,560233,
r62b,r62b:kogen-direct-shell,syn-06-migration-ticket-numbers,1,kogen-bench-eu,kogen-direct-shell,gpt-6-luna,max,pass,pass,,986.64,596356,
r62b,r62b:kogen-direct-shell,syn-06-migration-ticket-numbers,2,kogen-bench-eu,kogen-direct-shell,gpt-6-luna,max,invalid,fail,,1251.126,748544,
r62b,r62b:kogen-direct-shell,syn-06-migration-ticket-numbers,3,kogen-bench-eu,kogen-direct-shell,gpt-6-luna,max,invalid,fail,,1534.121,982856,
r62b,r62b:kogen-staged,syn-06-migration-ticket-numbers,1,kogen-bench-eu,kogen-staged,gpt-6-luna,mixed,pass,pass,,1419.399,1250646,
r62b,r62b:kogen-staged,syn-06-migration-ticket-numbers,2,kogen-bench-eu,kogen-staged,gpt-6-luna,mixed,pass,pass,,1306.458,1071243,
r62b,r62b:kogen-staged,syn-06-migration-ticket-numbers,3,kogen-bench-eu,kogen-staged,gpt-6-luna,mixed,pass,pass,,1236.931,772235,
r62b,r62b:kogen-direct-escalate,syn-15-validation-ticket-form,1,kogen-bench-eu,kogen-direct-escalate,gpt-6-luna,max,pass,pass,,695.761,342401,
r62b,r62b:kogen-direct-escalate,syn-15-validation-ticket-form,2,kogen-bench-eu,kogen-direct-escalate,gpt-6-luna,max,fail,fail,,1017.952,530640,
r62b,r62b:kogen-direct-escalate,syn-15-validation-ticket-form,3,kogen-bench-eu,kogen-direct-escalate,gpt-6-luna,max,pass,pass,,765.57,466796,
r62b,r62b:kogen-direct-shell,syn-15-validation-ticket-form,1,kogen-bench-eu,kogen-direct-shell,gpt-6-luna,max,pass,pass,,531.673,173213,
r62b,r62b:kogen-direct-shell,syn-15-validation-ticket-form,2,kogen-bench-eu,kogen-direct-shell,gpt-6-luna,max,pass,pass,,694.157,276824,
r62b,r62b:kogen-direct-shell,syn-15-validation-ticket-form,3,kogen-bench-eu,kogen-direct-shell,gpt-6-luna,max,pass,pass,,533.608,266842,
r62b,r62b:kogen-staged,syn-15-validation-ticket-form,1,kogen-bench-eu,kogen-staged,gpt-6-luna,mixed,pass,pass,,799.622,419293,
r62b,r62b:kogen-staged,syn-15-validation-ticket-form,2,kogen-bench-eu,kogen-staged,gpt-6-luna,mixed,pass,pass,,723.364,216194,
r62b,r62b:kogen-staged,syn-15-validation-ticket-form,3,kogen-bench-eu,kogen-staged,gpt-6-luna,mixed,pass,pass,,710.199,251283,
r62b,r62b:kogen-direct-escalate,syn-24-csv-import,1,kogen-bench-eu,kogen-direct-escalate,gpt-6-luna,max,pass,pass,,1135.549,1354827,
r62b,r62b:kogen-direct-escalate,syn-24-csv-import,2,kogen-bench-eu,kogen-direct-escalate,gpt-6-luna,max,pass,pass,,1457.781,1452370,
r62b,r62b:kogen-direct-escalate,syn-24-csv-import,3,kogen-bench-eu,kogen-direct-escalate,gpt-6-luna,max,pass,pass,,998.575,1130867,
r62b,r62b:kogen-direct-shell,syn-24-csv-import,1,kogen-bench-eu,kogen-direct-shell,gpt-6-luna,max,pass,pass,,1375.059,923848,
r62b,r62b:kogen-direct-shell,syn-24-csv-import,2,kogen-bench-eu,kogen-direct-shell,gpt-6-luna,max,pass,pass,,2033.072,848956,
r62b,r62b:kogen-direct-shell,syn-24-csv-import,3,kogen-bench-eu,kogen-direct-shell,gpt-6-luna,max,fail,fail,,935.631,725868,
r62b,r62b:kogen-staged,syn-24-csv-import,1,kogen-bench-eu,kogen-staged,gpt-6-luna,mixed,invalid,fail,,1707.428,2889727,
r62b,r62b:kogen-staged,syn-24-csv-import,2,kogen-bench-eu,kogen-staged,gpt-6-luna,max,invalid,fail,,503.315,85371,
r62b,r62b:kogen-staged,syn-24-csv-import,3,kogen-bench-eu,kogen-staged,gpt-6-luna,mixed,pass,pass,,1264.109,1720248,
r62b,r62b:kogen-direct-escalate,elx-02-ingest-supervision,1,kogen-bench-us,kogen-direct-escalate,gpt-6-luna,max,pass,pass,,463.05,179247,
r62b,r62b:kogen-direct-escalate,elx-02-ingest-supervision,2,kogen-bench-us,kogen-direct-escalate,gpt-6-luna,max,pass,pass,,263.149,80859,
r62b,r62b:kogen-direct-escalate,elx-02-ingest-supervision,3,kogen-bench-us,kogen-direct-escalate,gpt-6-luna,mixed,invalid,fail,,636.158,238490,
r62b,r62b:kogen-direct-shell,elx-02-ingest-supervision,1,kogen-bench-us,kogen-direct-shell,gpt-6-luna,max,pass,pass,,657.953,138730,
r62b,r62b:kogen-direct-shell,elx-02-ingest-supervision,2,kogen-bench-us,kogen-direct-shell,gpt-6-luna,max,pass,pass,,277.343,115839,
r62b,r62b:kogen-direct-shell,elx-02-ingest-supervision,3,kogen-bench-us,kogen-direct-shell,gpt-6-luna,max,pass,pass,,274.21,68174,
r62b,r62b:kogen-staged,elx-02-ingest-supervision,1,kogen-bench-us,kogen-staged,gpt-6-luna,mixed,pass,pass,,571.754,126888,
r62b,r62b:kogen-staged,elx-02-ingest-supervision,2,kogen-bench-us,kogen-staged,gpt-6-luna,mixed,pass,pass,,555.074,194100,
r62b,r62b:kogen-staged,elx-02-ingest-supervision,3,kogen-bench-us,kogen-staged,gpt-6-luna,mixed,pass,pass,,551.004,189846,
r62b,r62b:kogen-direct-escalate,syn-01-live-ticket-filters,1,kogen-bench-us,kogen-direct-escalate,gpt-6-luna,max,pass,pass,,801.581,876190,
r62b,r62b:kogen-direct-escalate,syn-01-live-ticket-filters,2,kogen-bench-us,kogen-direct-escalate,gpt-6-luna,max,pass,pass,,887.469,1010354,
r62b,r62b:kogen-direct-escalate,syn-01-live-ticket-filters,3,kogen-bench-us,kogen-direct-escalate,gpt-6-luna,max,pass,pass,,746.848,646702,
r62b,r62b:kogen-direct-shell,syn-01-live-ticket-filters,1,kogen-bench-us,kogen-direct-shell,gpt-6-luna,max,pass,pass,,699.26,429934,
r62b,r62b:kogen-direct-shell,syn-01-live-ticket-filters,2,kogen-bench-us,kogen-direct-shell,gpt-6-luna,max,pass,pass,,766.192,601498,
r62b,r62b:kogen-direct-shell,syn-01-live-ticket-filters,3,kogen-bench-us,kogen-direct-shell,gpt-6-luna,max,invalid,fail,,974.706,230941,
r62b,r62b:kogen-staged,syn-01-live-ticket-filters,1,kogen-bench-us,kogen-staged,gpt-6-luna,mixed,pass,pass,,1179.867,1715579,
r62b,r62b:kogen-staged,syn-01-live-ticket-filters,2,kogen-bench-us,kogen-staged,gpt-6-luna,mixed,pass,pass,,914.894,537800,
r62b,r62b:kogen-staged,syn-01-live-ticket-filters,3,kogen-bench-us,kogen-staged,gpt-6-luna,mixed,pass,pass,,903.056,539821,
r62b,r62b:kogen-direct-escalate,syn-20-email-invite-flow,1,kogen-bench-us,kogen-direct-escalate,gpt-6-luna,max,pass,pass,,1419.54,1137696,
r62b,r62b:kogen-direct-escalate,syn-20-email-invite-flow,2,kogen-bench-us,kogen-direct-escalate,gpt-6-luna,max,pass,pass,,1542.91,1228051,
r62b,r62b:kogen-direct-escalate,syn-20-email-invite-flow,3,kogen-bench-us,kogen-direct-escalate,gpt-6-luna,max,pass,pass,,1103.548,1092894,
r62b,r62b:kogen-direct-shell,syn-20-email-invite-flow,1,kogen-bench-us,kogen-direct-shell,gpt-6-luna,max,fail,fail,,1131.591,1168552,
r62b,r62b:kogen-direct-shell,syn-20-email-invite-flow,2,kogen-bench-us,kogen-direct-shell,gpt-6-luna,max,pass,pass,,1356.077,722844,
r62b,r62b:kogen-direct-shell,syn-20-email-invite-flow,3,kogen-bench-us,kogen-direct-shell,gpt-6-luna,max,fail,fail,,1388.05,1392772,
r62b,r62b:kogen-staged,syn-20-email-invite-flow,1,kogen-bench-us,kogen-staged,gpt-6-luna,mixed,fail,fail,,2694.831,3723484,
r62b,r62b:kogen-staged,syn-20-email-invite-flow,2,kogen-bench-us,kogen-staged,gpt-6-luna,max,invalid,fail,,507.97,128847,
r62b,r62b:kogen-staged,syn-20-email-invite-flow,3,kogen-bench-us,kogen-staged,gpt-6-luna,mixed,invalid,fail,,1413.013,2560357,
r62b,r62b:kogen-direct-escalate,syn-31-inbound-email-webhook,1,kogen-bench-us,kogen-direct-escalate,gpt-6-luna,mixed,invalid,fail,,2207.579,1611400,
r62b,r62b:kogen-direct-escalate,syn-31-inbound-email-webhook,2,kogen-bench-us,kogen-direct-escalate,gpt-6-luna,max,invalid,fail,,399.011,74476,
r62b,r62b:kogen-direct-escalate,syn-31-inbound-email-webhook,3,kogen-bench-us,kogen-direct-escalate,gpt-6-luna,max,pass,pass,,1277.054,2013790,
r62b,r62b:kogen-direct-shell,syn-31-inbound-email-webhook,1,kogen-bench-us,kogen-direct-shell,gpt-6-luna,max,pass,pass,,1173.333,1560024,
r62b,r62b:kogen-direct-shell,syn-31-inbound-email-webhook,2,kogen-bench-us,kogen-direct-shell,gpt-6-luna,max,fail,fail,,1080.62,632907,
r62b,r62b:kogen-direct-shell,syn-31-inbound-email-webhook,3,kogen-bench-us,kogen-direct-shell,gpt-6-luna,max,fail,fail,,1150.507,1396811,
r62b,r62b:kogen-staged,syn-31-inbound-email-webhook,1,kogen-bench-us,kogen-staged,gpt-6-luna,mixed,invalid,fail,,1919.428,2990882,
r62b,r62b:kogen-staged,syn-31-inbound-email-webhook,2,kogen-bench-us,kogen-staged,gpt-6-luna,mixed,pass,pass,,1657.997,2700345,
r62b,r62b:kogen-staged,syn-31-inbound-email-webhook,3,kogen-bench-us,kogen-staged,gpt-6-luna,mixed,invalid,fail,,1735.018,2862948,
r65,r65:kogen-escalate-shell,elx-04-queue-backpressure,1,kogen-bench-eu,kogen-escalate-shell,gpt-6-luna,max,pass,pass,,639.764,341747,
r65,r65:kogen-plan-shell,elx-04-queue-backpressure,1,kogen-bench-eu,kogen-plan-shell,gpt-6-luna,mixed,invalid,fail,,960.486,564103,
r65,r65:kogen-escalate-shell,syn-06-migration-ticket-numbers,1,kogen-bench-eu,kogen-escalate-shell,gpt-6-luna,max,fail,fail,,1048.379,749906,
r65,r65:kogen-plan-shell,syn-06-migration-ticket-numbers,1,kogen-bench-eu,kogen-plan-shell,gpt-6-luna,mixed,invalid,fail,,1325.039,1028839,
r65,r65:kogen-escalate-shell,syn-15-validation-ticket-form,1,kogen-bench-eu,kogen-escalate-shell,gpt-6-luna,max,pass,pass,,510.63,302937,
r65,r65:kogen-plan-shell,syn-15-validation-ticket-form,1,kogen-bench-eu,kogen-plan-shell,gpt-6-luna,mixed,pass,pass,,706.301,419378,
r65,r65-smoke:kogen-escalate-shell,syn-14-bug-sla-business-hours,1,kogen-bench-us,kogen-escalate-shell,gpt-6-luna,max,pass,not_scored,smoke or control row; retained outside scored denominator,239.917,45148,
r65,r65-smoke:kogen-plan-shell,syn-14-bug-sla-business-hours,1,kogen-bench-us,kogen-plan-shell,gpt-6-luna,mixed,pass,not_scored,smoke or control row; retained outside scored denominator,1036.131,155600,
r65,r65:kogen-escalate-shell,elx-02-ingest-supervision,1,kogen-bench-us,kogen-escalate-shell,gpt-6-luna,max,pass,pass,,401.255,228786,
r65,r65:kogen-plan-shell,elx-02-ingest-supervision,1,kogen-bench-us,kogen-plan-shell,gpt-6-luna,mixed,pass,pass,,620.649,252104,
r65,r65:kogen-escalate-shell,syn-01-live-ticket-filters,1,kogen-bench-us,kogen-escalate-shell,gpt-6-luna,max,pass,pass,,638.009,355990,
r65,r65:kogen-plan-shell,syn-01-live-ticket-filters,1,kogen-bench-us,kogen-plan-shell,gpt-6-luna,mixed,pass,pass,,929.457,733184,
r65,r65:kogen-escalate-shell,syn-20-email-invite-flow,1,kogen-bench-us,kogen-escalate-shell,gpt-6-luna,max,invalid,fail,,451.726,199159,
r65,r65:kogen-plan-shell,syn-20-email-invite-flow,1,kogen-bench-us,kogen-plan-shell,gpt-6-luna,mixed,pass,pass,,1867.396,2565983,
r65,r65:kogen-escalate-shell,syn-31-inbound-email-webhook,1,kogen-bench-us,kogen-escalate-shell,gpt-6-luna,max,pass,pass,,797.087,557063,
r65,r65:kogen-plan-shell,syn-31-inbound-email-webhook,1,kogen-bench-us,kogen-plan-shell,gpt-6-luna,mixed,fail,fail,,1737.443,1095083,
r65b,r65b:kogen-escalate-shell-ce7,elx-04-queue-backpressure,1,kogen-bench-eu,kogen-escalate-shell-ce7,gpt-6-luna,max,pass,pass,,573.994,322426,
r65b,r65b:kogen-escalate-shell-ce7,elx-04-queue-backpressure,2,kogen-bench-eu,kogen-escalate-shell-ce7,gpt-6-luna,max,pass,pass,,590.009,193621,
r65b,r65b:kogen-escalate-shell-ce7,elx-04-queue-backpressure,3,kogen-bench-eu,kogen-escalate-shell-ce7,gpt-6-luna,max,pass,pass,,974.05,460115,
r65b,r65b:kogen-plan-shell-ce7,elx-04-queue-backpressure,1,kogen-bench-eu,kogen-plan-shell-ce7,gpt-6-luna,mixed,pass,pass,,1039.305,595443,
r65b,r65b:kogen-plan-shell-ce7,elx-04-queue-backpressure,2,kogen-bench-eu,kogen-plan-shell-ce7,gpt-6-luna,mixed,pass,pass,,1113.715,496654,
r65b,r65b:kogen-plan-shell-ce7,elx-04-queue-backpressure,3,kogen-bench-eu,kogen-plan-shell-ce7,gpt-6-luna,mixed,pass,pass,,1058.806,415834,
r65b,r65b:kogen-escalate-shell-ce7,elx-12-retry-api-deprecation,1,kogen-bench-eu,kogen-escalate-shell-ce7,gpt-6-luna,mixed,invalid,fail,,1127.549,476272,
r65b,r65b:kogen-escalate-shell-ce7,elx-12-retry-api-deprecation,2,kogen-bench-eu,kogen-escalate-shell-ce7,gpt-6-luna,max,fail,fail,,514.784,166590,
r65b,r65b:kogen-escalate-shell-ce7,elx-12-retry-api-deprecation,3,kogen-bench-eu,kogen-escalate-shell-ce7,gpt-6-luna,max,pass,pass,,549.104,232649,
r65b,r65b:kogen-escalate-shell-ce7,elx-12-retry-api-deprecation,4,kogen-bench-eu,kogen-escalate-shell-ce7,gpt-6-luna,mixed,invalid,fail,,2030.415,582031,
r65b,r65b:kogen-escalate-shell-ce7,elx-12-retry-api-deprecation,5,kogen-bench-eu,kogen-escalate-shell-ce7,gpt-6-luna,mixed,invalid,fail,,1313.457,840339,
r65b,r65b:kogen-plan-shell-ce7,elx-12-retry-api-deprecation,1,kogen-bench-eu,kogen-plan-shell-ce7,gpt-6-luna,mixed,invalid,fail,,831.758,455303,
r65b,r65b:kogen-plan-shell-ce7,elx-12-retry-api-deprecation,2,kogen-bench-eu,kogen-plan-shell-ce7,gpt-6-luna,mixed,invalid,fail,,2290.287,77684,
r65b,r65b:kogen-plan-shell-ce7,elx-12-retry-api-deprecation,3,kogen-bench-eu,kogen-plan-shell-ce7,gpt-6-luna,mixed,invalid,fail,,1734.765,614395,
r65b,r65b:kogen-plan-shell-ce7,elx-12-retry-api-deprecation,4,kogen-bench-eu,kogen-plan-shell-ce7,gpt-6-luna,mixed,invalid,fail,,1048.317,769979,
r65b,r65b:kogen-plan-shell-ce7,elx-12-retry-api-deprecation,5,kogen-bench-eu,kogen-plan-shell-ce7,gpt-6-luna,mixed,pass,pass,,683.817,269123,
r65b,r65b:kogen-escalate-shell-ce7,syn-06-migration-ticket-numbers,1,kogen-bench-eu,kogen-escalate-shell-ce7,gpt-6-luna,max,pass,pass,,1336.98,1519352,
r65b,r65b:kogen-escalate-shell-ce7,syn-06-migration-ticket-numbers,2,kogen-bench-eu,kogen-escalate-shell-ce7,gpt-6-luna,max,pass,pass,,707.935,372753,
r65b,r65b:kogen-escalate-shell-ce7,syn-06-migration-ticket-numbers,3,kogen-bench-eu,kogen-escalate-shell-ce7,gpt-6-luna,mixed,invalid,fail,,1360.896,1113788,
r65b,r65b:kogen-plan-shell-ce7,syn-06-migration-ticket-numbers,1,kogen-bench-eu,kogen-plan-shell-ce7,gpt-6-luna,mixed,pass,pass,,1917.924,426420,
r65b,r65b:kogen-plan-shell-ce7,syn-06-migration-ticket-numbers,2,kogen-bench-eu,kogen-plan-shell-ce7,gpt-6-luna,mixed,invalid,fail,,2253.332,3221016,
r65b,r65b:kogen-plan-shell-ce7,syn-06-migration-ticket-numbers,3,kogen-bench-eu,kogen-plan-shell-ce7,gpt-6-luna,mixed,invalid,fail,,1237.334,1339991,
r65b,r65b:kogen-escalate-shell-ce7,syn-15-validation-ticket-form,1,kogen-bench-eu,kogen-escalate-shell-ce7,gpt-6-luna,max,pass,pass,,404.729,169815,
r65b,r65b:kogen-escalate-shell-ce7,syn-15-validation-ticket-form,2,kogen-bench-eu,kogen-escalate-shell-ce7,gpt-6-luna,mixed,pass,pass,,918.29,458970,
r65b,r65b:kogen-escalate-shell-ce7,syn-15-validation-ticket-form,3,kogen-bench-eu,kogen-escalate-shell-ce7,gpt-6-luna,max,fail,fail,,493.302,410542,
r65b,r65b:kogen-plan-shell-ce7,syn-15-validation-ticket-form,1,kogen-bench-eu,kogen-plan-shell-ce7,gpt-6-luna,mixed,pass,pass,,1550.273,355659,
r65b,r65b:kogen-plan-shell-ce7,syn-15-validation-ticket-form,2,kogen-bench-eu,kogen-plan-shell-ce7,gpt-6-luna,mixed,pass,pass,,739.882,352332,
r65b,r65b:kogen-plan-shell-ce7,syn-15-validation-ticket-form,3,kogen-bench-eu,kogen-plan-shell-ce7,gpt-6-luna,mixed,pass,pass,,800.059,543621,
r65b,r65b:kogen-escalate-shell-ce7,syn-24-csv-import,1,kogen-bench-eu,kogen-escalate-shell-ce7,gpt-6-luna,max,pass,pass,,1213.535,859482,
r65b,r65b:kogen-escalate-shell-ce7,syn-24-csv-import,2,kogen-bench-eu,kogen-escalate-shell-ce7,gpt-6-luna,max,pass,pass,,2074.046,759802,
r65b,r65b:kogen-escalate-shell-ce7,syn-24-csv-import,3,kogen-bench-eu,kogen-escalate-shell-ce7,gpt-6-luna,max,pass,pass,,966.253,983695,
r65b,r65b:kogen-plan-shell-ce7,syn-24-csv-import,1,kogen-bench-eu,kogen-plan-shell-ce7,gpt-6-luna,mixed,fail,fail,,1557.417,2118444,
r65b,r65b:kogen-plan-shell-ce7,syn-24-csv-import,2,kogen-bench-eu,kogen-plan-shell-ce7,gpt-6-luna,mixed,pass,pass,,1843.337,2217877,
r65b,r65b:kogen-plan-shell-ce7,syn-24-csv-import,3,kogen-bench-eu,kogen-plan-shell-ce7,gpt-6-luna,mixed,pass,pass,,1123.483,1295503,
r65b,r65b-smoke:kogen-escalate-shell-ce7,syn-14-bug-sla-business-hours,1,kogen-bench-us,kogen-escalate-shell-ce7,gpt-6-luna,max,pass,not_scored,smoke or control row; retained outside scored denominator,214.69,48983,
r65b,r65b-smoke:kogen-plan-shell-ce7,syn-14-bug-sla-business-hours,1,kogen-bench-us,kogen-plan-shell-ce7,gpt-6-luna,mixed,pass,not_scored,smoke or control row; retained outside scored denominator,369.836,92033,
r65b,r65b:kogen-escalate-shell-ce7,elx-02-ingest-supervision,1,kogen-bench-us,kogen-escalate-shell-ce7,gpt-6-luna,max,pass,pass,,684.086,257139,
r65b,r65b:kogen-escalate-shell-ce7,elx-02-ingest-supervision,2,kogen-bench-us,kogen-escalate-shell-ce7,gpt-6-luna,max,pass,pass,,407.873,151894,
r65b,r65b:kogen-escalate-shell-ce7,elx-02-ingest-supervision,3,kogen-bench-us,kogen-escalate-shell-ce7,gpt-6-luna,max,pass,pass,,248.832,107117,
r65b,r65b:kogen-plan-shell-ce7,elx-02-ingest-supervision,1,kogen-bench-us,kogen-plan-shell-ce7,gpt-6-luna,mixed,pass,pass,,604.284,146855,
r65b,r65b:kogen-plan-shell-ce7,elx-02-ingest-supervision,2,kogen-bench-us,kogen-plan-shell-ce7,gpt-6-luna,mixed,pass,pass,,586.737,254973,
r65b,r65b:kogen-plan-shell-ce7,elx-02-ingest-supervision,3,kogen-bench-us,kogen-plan-shell-ce7,gpt-6-luna,mixed,invalid,fail,,1929.704,51773,
r65b,r65b:kogen-escalate-shell-ce7,elx-07-cli-stats,1,kogen-bench-us,kogen-escalate-shell-ce7,gpt-6-luna,mixed,invalid,fail,,1156.275,760830,
r65b,r65b:kogen-escalate-shell-ce7,elx-07-cli-stats,2,kogen-bench-us,kogen-escalate-shell-ce7,gpt-6-luna,mixed,invalid,fail,,979.033,699651,
r65b,r65b:kogen-escalate-shell-ce7,elx-07-cli-stats,3,kogen-bench-us,kogen-escalate-shell-ce7,gpt-6-luna,mixed,invalid,fail,,1179.362,586568,
r65b,r65b:kogen-escalate-shell-ce7,elx-07-cli-stats,4,kogen-bench-us,kogen-escalate-shell-ce7,gpt-6-luna,mixed,invalid,fail,,1307.129,767762,
r65b,r65b:kogen-escalate-shell-ce7,elx-07-cli-stats,5,kogen-bench-us,kogen-escalate-shell-ce7,gpt-6-luna,max,fail,fail,,600.397,342029,
r65b,r65b:kogen-plan-shell-ce7,elx-07-cli-stats,1,kogen-bench-us,kogen-plan-shell-ce7,gpt-6-luna,mixed,invalid,fail,,931.859,1337541,
r65b,r65b:kogen-plan-shell-ce7,elx-07-cli-stats,2,kogen-bench-us,kogen-plan-shell-ce7,gpt-6-luna,mixed,fail,fail,,796.735,533784,
r65b,r65b:kogen-plan-shell-ce7,elx-07-cli-stats,3,kogen-bench-us,kogen-plan-shell-ce7,gpt-6-luna,max,invalid,fail,,28.722,11144,
r65b,r65b:kogen-plan-shell-ce7,elx-07-cli-stats,4,kogen-bench-us,kogen-plan-shell-ce7,gpt-6-luna,mixed,invalid,fail,,917.459,1018567,
r65b,r65b:kogen-plan-shell-ce7,elx-07-cli-stats,5,kogen-bench-us,kogen-plan-shell-ce7,gpt-6-luna,mixed,pass,pass,,812.707,508186,
r65b,r65b:kogen-escalate-shell-ce7,elx-port-board-publish-unpublish-public-boundary,1,kogen-bench-us,kogen-escalate-shell-ce7,gpt-6-luna,max,fail,fail,,498.238,396043,
r65b,r65b:kogen-escalate-shell-ce7,elx-port-board-publish-unpublish-public-boundary,2,kogen-bench-us,kogen-escalate-shell-ce7,gpt-6-luna,max,fail,fail,,524.522,200832,
r65b,r65b:kogen-escalate-shell-ce7,elx-port-board-publish-unpublish-public-boundary,3,kogen-bench-us,kogen-escalate-shell-ce7,gpt-6-luna,max,fail,fail,,462.943,235359,
r65b,r65b:kogen-escalate-shell-ce7,elx-port-board-publish-unpublish-public-boundary,4,kogen-bench-us,kogen-escalate-shell-ce7,gpt-6-luna,max,fail,fail,,373.368,199340,
r65b,r65b:kogen-escalate-shell-ce7,elx-port-board-publish-unpublish-public-boundary,5,kogen-bench-us,kogen-escalate-shell-ce7,gpt-6-luna,max,fail,fail,,416.151,214002,
r65b,r65b:kogen-plan-shell-ce7,elx-port-board-publish-unpublish-public-boundary,1,kogen-bench-us,kogen-plan-shell-ce7,gpt-6-luna,mixed,invalid,fail,,722.077,608228,
r65b,r65b:kogen-plan-shell-ce7,elx-port-board-publish-unpublish-public-boundary,2,kogen-bench-us,kogen-plan-shell-ce7,gpt-6-luna,max,invalid,fail,,220.85,67406,
r65b,r65b:kogen-plan-shell-ce7,elx-port-board-publish-unpublish-public-boundary,3,kogen-bench-us,kogen-plan-shell-ce7,gpt-6-luna,mixed,pass,pass,,788.833,542861,
r65b,r65b:kogen-plan-shell-ce7,elx-port-board-publish-unpublish-public-boundary,4,kogen-bench-us,kogen-plan-shell-ce7,gpt-6-luna,mixed,pass,pass,,725.025,574704,
r65b,r65b:kogen-plan-shell-ce7,elx-port-board-publish-unpublish-public-boundary,5,kogen-bench-us,kogen-plan-shell-ce7,gpt-6-luna,mixed,fail,fail,,561.824,452041,
r65b,r65b:kogen-escalate-shell-ce7,elx-port-erase-account,1,kogen-bench-us,kogen-escalate-shell-ce7,gpt-6-luna,max,invalid,fail,,2250.836,257525,
r65b,r65b:kogen-escalate-shell-ce7,elx-port-erase-account,2,kogen-bench-us,kogen-escalate-shell-ce7,gpt-6-luna,max,fail,fail,,656.459,460510,
r65b,r65b:kogen-escalate-shell-ce7,elx-port-erase-account,3,kogen-bench-us,kogen-escalate-shell-ce7,gpt-6-luna,max,fail,fail,,750.232,536377,
r65b,r65b:kogen-escalate-shell-ce7,elx-port-erase-account,4,kogen-bench-us,kogen-escalate-shell-ce7,gpt-6-luna,mixed,invalid,fail,,1558.603,1389042,
r65b,r65b:kogen-escalate-shell-ce7,elx-port-erase-account,5,kogen-bench-us,kogen-escalate-shell-ce7,gpt-6-luna,max,fail,fail,,715.707,484176,
r65b,r65b:kogen-plan-shell-ce7,elx-port-erase-account,1,kogen-bench-us,kogen-plan-shell-ce7,gpt-6-luna,mixed,fail,fail,,906.735,743545,
r65b,r65b:kogen-plan-shell-ce7,elx-port-erase-account,2,kogen-bench-us,kogen-plan-shell-ce7,gpt-6-luna,mixed,fail,fail,,1000.042,925353,
r65b,r65b:kogen-plan-shell-ce7,elx-port-erase-account,3,kogen-bench-us,kogen-plan-shell-ce7,gpt-6-luna,max,invalid,fail,,169.425,21783,
r65b,r65b:kogen-plan-shell-ce7,elx-port-erase-account,4,kogen-bench-us,kogen-plan-shell-ce7,gpt-6-luna,mixed,fail,fail,,845.09,632666,
r65b,r65b:kogen-plan-shell-ce7,elx-port-erase-account,5,kogen-bench-us,kogen-plan-shell-ce7,gpt-6-luna,mixed,fail,fail,,809.475,711707,
r65b,r65b:kogen-escalate-shell-ce7,syn-01-live-ticket-filters,1,kogen-bench-us,kogen-escalate-shell-ce7,gpt-6-luna,max,pass,pass,,646.816,295313,
r65b,r65b:kogen-escalate-shell-ce7,syn-01-live-ticket-filters,2,kogen-bench-us,kogen-escalate-shell-ce7,gpt-6-luna,max,pass,pass,,601.479,258687,
r65b,r65b:kogen-escalate-shell-ce7,syn-01-live-ticket-filters,3,kogen-bench-us,kogen-escalate-shell-ce7,gpt-6-luna,max,pass,pass,,748.67,370008,
r65b,r65b:kogen-plan-shell-ce7,syn-01-live-ticket-filters,1,kogen-bench-us,kogen-plan-shell-ce7,gpt-6-luna,mixed,pass,pass,,919.5,391945,
r65b,r65b:kogen-plan-shell-ce7,syn-01-live-ticket-filters,2,kogen-bench-us,kogen-plan-shell-ce7,gpt-6-luna,mixed,pass,pass,,1532.705,342426,
r65b,r65b:kogen-plan-shell-ce7,syn-01-live-ticket-filters,3,kogen-bench-us,kogen-plan-shell-ce7,gpt-6-luna,mixed,pass,pass,,756.71,441221,
r65b,r65b:kogen-escalate-shell-ce7,syn-20-email-invite-flow,1,kogen-bench-us,kogen-escalate-shell-ce7,gpt-6-luna,mixed,invalid,fail,,1516.335,1237465,
r65b,r65b:kogen-escalate-shell-ce7,syn-20-email-invite-flow,2,kogen-bench-us,kogen-escalate-shell-ce7,gpt-6-luna,max,fail,fail,,1469.334,1404464,
r65b,r65b:kogen-escalate-shell-ce7,syn-20-email-invite-flow,3,kogen-bench-us,kogen-escalate-shell-ce7,gpt-6-luna,mixed,invalid,fail,,2094.994,2091935,
r65b,r65b:kogen-plan-shell-ce7,syn-20-email-invite-flow,1,kogen-bench-us,kogen-plan-shell-ce7,gpt-6-luna,mixed,pass,pass,,1921.966,2596909,
r65b,r65b:kogen-plan-shell-ce7,syn-20-email-invite-flow,2,kogen-bench-us,kogen-plan-shell-ce7,gpt-6-luna,mixed,pass,pass,,2282.787,3982346,
r65b,r65b:kogen-plan-shell-ce7,syn-20-email-invite-flow,3,kogen-bench-us,kogen-plan-shell-ce7,gpt-6-luna,mixed,invalid,fail,,2752.402,303493,
r65b,r65b:kogen-escalate-shell-ce7,syn-31-inbound-email-webhook,1,kogen-bench-us,kogen-escalate-shell-ce7,gpt-6-luna,max,fail,fail,,1270.555,1463009,
r65b,r65b:kogen-escalate-shell-ce7,syn-31-inbound-email-webhook,2,kogen-bench-us,kogen-escalate-shell-ce7,gpt-6-luna,max,pass,pass,,1450.306,1180622,
r65b,r65b:kogen-escalate-shell-ce7,syn-31-inbound-email-webhook,3,kogen-bench-us,kogen-escalate-shell-ce7,gpt-6-luna,max,pass,pass,,1016.182,1463093,
r65b,r65b:kogen-plan-shell-ce7,syn-31-inbound-email-webhook,1,kogen-bench-us,kogen-plan-shell-ce7,gpt-6-luna,mixed,pass,pass,,1253.378,1161129,
r65b,r65b:kogen-plan-shell-ce7,syn-31-inbound-email-webhook,2,kogen-bench-us,kogen-plan-shell-ce7,gpt-6-luna,mixed,pass,pass,,2178.78,1447839,
r65b,r65b:kogen-plan-shell-ce7,syn-31-inbound-email-webhook,3,kogen-bench-us,kogen-plan-shell-ce7,gpt-6-luna,mixed,pass,pass,,1126.671,1240947,
r66,r66-eu-elx12:r66-eu-elx12-elx-12-retry-api-deprecation-codex-solmed-r1,elx-12-retry-api-deprecation,1,kogen-bench-eu,codex,gpt-6.1-sol,medium,pass,pass,,118.348,115072,0.0699728
r66,r66-eu-elx12:r66-eu-elx12-elx-12-retry-api-deprecation-codex-solmed-r2,elx-12-retry-api-deprecation,2,kogen-bench-eu,codex,gpt-6.1-sol,medium,pass,pass,,104.599,78110,0.053996
r66,r66-eu-elx12:r66-eu-elx12-elx-12-retry-api-deprecation-codex-solmed-r3,elx-12-retry-api-deprecation,3,kogen-bench-eu,codex,gpt-6.1-sol,medium,pass,pass,,111.584,95108,0.0575984
r66,r66-eu-elx12:r66-eu-elx12-elx-12-retry-api-deprecation-codex-solmed-r4,elx-12-retry-api-deprecation,4,kogen-bench-eu,codex,gpt-6.1-sol,medium,pass,pass,,111.61,94772,0.06893919999999999
r66,r66-eu-elx12:r66-eu-elx12-elx-12-retry-api-deprecation-codex-solmed-r5,elx-12-retry-api-deprecation,5,kogen-bench-eu,codex,gpt-6.1-sol,medium,pass,pass,,111.535,96495,0.0679004
r66,r66-us-board:r66-us-board-elx-port-board-publish-unpublish-public-boundary-codex-solmed-r1,elx-port-board-publish-unpublish-public-boundary,1,kogen-bench-us,codex,gpt-6.1-sol,medium,pass,pass,,135.469,179668,0.08688
r66,r66-us-board:r66-us-board-elx-port-board-publish-unpublish-public-boundary-codex-solmed-r2,elx-port-board-publish-unpublish-public-boundary,2,kogen-bench-us,codex,gpt-6.1-sol,medium,pass,pass,,178.906,245098,0.127412
r66,r66-us-board:r66-us-board-elx-port-board-publish-unpublish-public-boundary-codex-solmed-r3,elx-port-board-publish-unpublish-public-boundary,3,kogen-bench-us,codex,gpt-6.1-sol,medium,pass,pass,,152.827,180165,0.092402
r66,r66-us-board:r66-us-board-elx-port-board-publish-unpublish-public-boundary-codex-solmed-r4,elx-port-board-publish-unpublish-public-boundary,4,kogen-bench-us,codex,gpt-6.1-sol,medium,pass,pass,,135.218,193369,0.11361639999999999
r66,r66-us-board:r66-us-board-elx-port-board-publish-unpublish-public-boundary-codex-solmed-r5,elx-port-board-publish-unpublish-public-boundary,5,kogen-bench-us,codex,gpt-6.1-sol,medium,pass,pass,,189.834,233919,0.16599
r66,r66-us-elx07:r66-us-elx07-elx-07-cli-stats-codex-solmed-r1,elx-07-cli-stats,1,kogen-bench-us,codex,gpt-6.1-sol,medium,pass,pass,,168.753,146789,0.09380519999999999
r66,r66-us-elx07:r66-us-elx07-elx-07-cli-stats-codex-solmed-r2,elx-07-cli-stats,2,kogen-bench-us,codex,gpt-6.1-sol,medium,pass,pass,,147.994,102989,0.0822356
r66,r66-us-elx07:r66-us-elx07-elx-07-cli-stats-codex-solmed-r3,elx-07-cli-stats,3,kogen-bench-us,codex,gpt-6.1-sol,medium,pass,pass,,178.532,210577,0.09964680000000001
r66,r66-us-elx07:r66-us-elx07-elx-07-cli-stats-codex-solmed-r4,elx-07-cli-stats,4,kogen-bench-us,codex,gpt-6.1-sol,medium,pass,pass,,164.25,164532,0.08641760000000001
r66,r66-us-elx07:r66-us-elx07-elx-07-cli-stats-codex-solmed-r5,elx-07-cli-stats,5,kogen-bench-us,codex,gpt-6.1-sol,medium,pass,pass,,174.595,200862,0.119276
r66,r66-us-erase:r66-us-erase-elx-port-erase-account-codex-solmed-r1,elx-port-erase-account,1,kogen-bench-us,codex,gpt-6.1-sol,medium,pass,pass,,166.606,292869,0.1408996
r66,r66-us-erase:r66-us-erase-elx-port-erase-account-codex-solmed-r2,elx-port-erase-account,2,kogen-bench-us,codex,gpt-6.1-sol,medium,fail,fail,,155.062,204066,0.09694
r66,r66-us-erase:r66-us-erase-elx-port-erase-account-codex-solmed-r3,elx-port-erase-account,3,kogen-bench-us,codex,gpt-6.1-sol,medium,pass,pass,,159.753,217847,0.1118044
r66,r66-us-erase:r66-us-erase-elx-port-erase-account-codex-solmed-r4,elx-port-erase-account,4,kogen-bench-us,codex,gpt-6.1-sol,medium,fail,fail,,190.373,262364,0.128152
r66,r66-us-erase:r66-us-erase-elx-port-erase-account-codex-solmed-r5,elx-port-erase-account,5,kogen-bench-us,codex,gpt-6.1-sol,medium,fail,fail,,169.321,223451,0.1406956
r67,r67-smoke-us-elx07:r67-us-elx-07-cli-stats-kogen-plan-shell-5843-smoke-r1,elx-07-cli-stats,1,kogen-bench-us,kogen-plan-shell-5843,gpt-6-luna,max,invalid,not_scored,smoke or control row; retained outside scored denominator,25.939,0,
r67b,r67b-eu-elx04:r67b-eu-elx-04-queue-backpressure-kogen-escalate-shell-6e82-r1,elx-04-queue-backpressure,1,kogen-bench-eu,,,,invalid,unresolved,control_apply cause unresolved; inspect documented audit,,,
r67b,r67b-eu-elx04:r67b-eu-elx-04-queue-backpressure-kogen-escalate-shell-6e82-r2,elx-04-queue-backpressure,2,kogen-bench-eu,,,,pass,pass,,,,
r67b,r67b-eu-elx04:r67b-eu-elx-04-queue-backpressure-kogen-escalate-shell-6e82-r3,elx-04-queue-backpressure,3,kogen-bench-eu,,,,pass,pass,,,,
r67b,r67b-eu-elx04:r67b-eu-elx-04-queue-backpressure-kogen-escalate-shell-6e82-r4,elx-04-queue-backpressure,4,kogen-bench-eu,,,,pass,pass,,,,
r67b,r67b-eu-elx04:r67b-eu-elx-04-queue-backpressure-kogen-escalate-shell-6e82-r5,elx-04-queue-backpressure,5,kogen-bench-eu,,,,pass,pass,,,,
r67b,r67b-eu-elx04:r67b-eu-elx-04-queue-backpressure-kogen-plan-shell-6e82-r1,elx-04-queue-backpressure,1,kogen-bench-eu,,,,invalid,unresolved,control_apply cause unresolved; inspect documented audit,,,
r67b,r67b-eu-elx04:r67b-eu-elx-04-queue-backpressure-kogen-plan-shell-6e82-r2,elx-04-queue-backpressure,2,kogen-bench-eu,,,,invalid,unresolved,control_apply cause unresolved; inspect documented audit,,,
r67b,r67b-eu-elx04:r67b-eu-elx-04-queue-backpressure-kogen-plan-shell-6e82-r3,elx-04-queue-backpressure,3,kogen-bench-eu,,,,invalid,unresolved,control_apply cause unresolved; inspect documented audit,,,
r67b,r67b-eu-elx04:r67b-eu-elx-04-queue-backpressure-kogen-plan-shell-6e82-r4,elx-04-queue-backpressure,4,kogen-bench-eu,,,,invalid,unresolved,control_apply cause unresolved; inspect documented audit,,,
r67b,r67b-eu-elx04:r67b-eu-elx-04-queue-backpressure-kogen-plan-shell-6e82-r5,elx-04-queue-backpressure,5,kogen-bench-eu,,,,pass,pass,,,,
r67b,r67b-eu-elx12:r67b-eu-elx-12-retry-api-deprecation-kogen-escalate-shell-6e82-r1,elx-12-retry-api-deprecation,1,kogen-bench-eu,,,,invalid,unresolved,control_apply cause unresolved; inspect documented audit,,,
r67b,r67b-eu-elx12:r67b-eu-elx-12-retry-api-deprecation-kogen-escalate-shell-6e82-r2,elx-12-retry-api-deprecation,2,kogen-bench-eu,,,,fail,fail,,,,
r67b,r67b-eu-elx12:r67b-eu-elx-12-retry-api-deprecation-kogen-escalate-shell-6e82-r3,elx-12-retry-api-deprecation,3,kogen-bench-eu,,,,pass,pass,,,,
r67b,r67b-eu-elx12:r67b-eu-elx-12-retry-api-deprecation-kogen-escalate-shell-6e82-r4,elx-12-retry-api-deprecation,4,kogen-bench-eu,,,,pass,pass,,,,
r67b,r67b-eu-elx12:r67b-eu-elx-12-retry-api-deprecation-kogen-escalate-shell-6e82-r5,elx-12-retry-api-deprecation,5,kogen-bench-eu,,,,pass,pass,,,,
r67b,r67b-eu-elx12:r67b-eu-elx-12-retry-api-deprecation-kogen-plan-shell-6e82-r1,elx-12-retry-api-deprecation,1,kogen-bench-eu,,,,invalid,unresolved,control_apply cause unresolved; inspect documented audit,,,
r67b,r67b-eu-elx12:r67b-eu-elx-12-retry-api-deprecation-kogen-plan-shell-6e82-r2,elx-12-retry-api-deprecation,2,kogen-bench-eu,,,,invalid,unresolved,control_apply cause unresolved; inspect documented audit,,,
r67b,r67b-eu-elx12:r67b-eu-elx-12-retry-api-deprecation-kogen-plan-shell-6e82-r3,elx-12-retry-api-deprecation,3,kogen-bench-eu,,,,pass,pass,,,,
r67b,r67b-eu-elx12:r67b-eu-elx-12-retry-api-deprecation-kogen-plan-shell-6e82-r4,elx-12-retry-api-deprecation,4,kogen-bench-eu,,,,pass,pass,,,,
r67b,r67b-eu-elx12:r67b-eu-elx-12-retry-api-deprecation-kogen-plan-shell-6e82-r5,elx-12-retry-api-deprecation,5,kogen-bench-eu,,,,invalid,unresolved,control_apply cause unresolved; inspect documented audit,,,
r67b,r67b-us-elx02:r67b-us-elx-02-ingest-supervision-kogen-escalate-shell-6e82-r1,elx-02-ingest-supervision,1,kogen-bench-us,,,,pass,pass,,,,
r67b,r67b-us-elx02:r67b-us-elx-02-ingest-supervision-kogen-escalate-shell-6e82-r2,elx-02-ingest-supervision,2,kogen-bench-us,,,,pass,pass,,,,
r67b,r67b-us-elx02:r67b-us-elx-02-ingest-supervision-kogen-plan-shell-6e82-r1,elx-02-ingest-supervision,1,kogen-bench-us,,,,pass,pass,,,,
r67b,r67b-us-elx02:r67b-us-elx-02-ingest-supervision-kogen-plan-shell-6e82-r2,elx-02-ingest-supervision,2,kogen-bench-us,,,,pass,pass,,,,
r67b,r67b-us-elx07:r67b-us-elx-07-cli-stats-kogen-escalate-shell-6e82-r1,elx-07-cli-stats,1,kogen-bench-us,,,,invalid,unresolved,control_apply cause unresolved; inspect documented audit,,,
r67b,r67b-us-elx07:r67b-us-elx-07-cli-stats-kogen-escalate-shell-6e82-r2,elx-07-cli-stats,2,kogen-bench-us,,,,invalid,unresolved,control_apply cause unresolved; inspect documented audit,,,
r67b,r67b-us-elx07:r67b-us-elx-07-cli-stats-kogen-escalate-shell-6e82-r3,elx-07-cli-stats,3,kogen-bench-us,,,,pass,pass,,,,
r67b,r67b-us-elx07:r67b-us-elx-07-cli-stats-kogen-plan-shell-6e82-r1,elx-07-cli-stats,1,kogen-bench-us,,,,invalid,unresolved,control_apply cause unresolved; inspect documented audit,,,
r67b,r67b-us-elx07:r67b-us-elx-07-cli-stats-kogen-plan-shell-6e82-r2,elx-07-cli-stats,2,kogen-bench-us,,,,invalid,unresolved,control_apply cause unresolved; inspect documented audit,,,
r67b,r67b-us-elx07:r67b-us-elx-07-cli-stats-kogen-plan-shell-6e82-r3,elx-07-cli-stats,3,kogen-bench-us,,,,pass,pass,,,,
r67b,r67b-smoke-us-elx07:r67b-us-elx-07-cli-stats-kogen-plan-shell-6e82-smoke-r1,elx-07-cli-stats,1,kogen-bench-us,kogen-plan-shell-6e82,gpt-6-luna,max,invalid,not_scored,smoke or control row; retained outside scored denominator,129.756,48468,
r67b,r67b-us-board:r67b-us-elx-port-board-publish-unpublish-public-boundary-kogen-escalate-shell-6e82-r1,elx-port-board-publish-unpublish-public-boundary,1,kogen-bench-us,,,,invalid,unresolved,control_apply cause unresolved; inspect documented audit,,,
r67b,r67b-us-board:r67b-us-elx-port-board-publish-unpublish-public-boundary-kogen-escalate-shell-6e82-r2,elx-port-board-publish-unpublish-public-boundary,2,kogen-bench-us,,,,fail,fail,,,,
r67b,r67b-us-board:r67b-us-elx-port-board-publish-unpublish-public-boundary-kogen-escalate-shell-6e82-r3,elx-port-board-publish-unpublish-public-boundary,3,kogen-bench-us,,,,fail,fail,,,,
r67b,r67b-us-board:r67b-us-elx-port-board-publish-unpublish-public-boundary-kogen-plan-shell-6e82-r1,elx-port-board-publish-unpublish-public-boundary,1,kogen-bench-us,,,,invalid,unresolved,control_apply cause unresolved; inspect documented audit,,,
r67b,r67b-us-board:r67b-us-elx-port-board-publish-unpublish-public-boundary-kogen-plan-shell-6e82-r2,elx-port-board-publish-unpublish-public-boundary,2,kogen-bench-us,,,,fail,fail,,,,
r67b,r67b-us-board:r67b-us-elx-port-board-publish-unpublish-public-boundary-kogen-plan-shell-6e82-r3,elx-port-board-publish-unpublish-public-boundary,3,kogen-bench-us,,,,pass,pass,,,,
r67b,r67b-us-erase:r67b-us-elx-port-erase-account-kogen-escalate-shell-6e82-r1,elx-port-erase-account,1,kogen-bench-us,,,,invalid,unresolved,control_apply cause unresolved; inspect documented audit,,,
r67b,r67b-us-erase:r67b-us-elx-port-erase-account-kogen-escalate-shell-6e82-r2,elx-port-erase-account,2,kogen-bench-us,,,,fail,fail,,,,
r67b,r67b-us-erase:r67b-us-elx-port-erase-account-kogen-escalate-shell-6e82-r3,elx-port-erase-account,3,kogen-bench-us,,,,fail,fail,,,,
r67b,r67b-us-erase:r67b-us-elx-port-erase-account-kogen-plan-shell-6e82-r1,elx-port-erase-account,1,kogen-bench-us,,,,invalid,unresolved,control_apply cause unresolved; inspect documented audit,,,
r67b,r67b-us-erase:r67b-us-elx-port-erase-account-kogen-plan-shell-6e82-r2,elx-port-erase-account,2,kogen-bench-us,,,,fail,fail,,,,
r67b,r67b-us-erase:r67b-us-elx-port-erase-account-kogen-plan-shell-6e82-r3,elx-port-erase-account,3,kogen-bench-us,,,,fail,fail,,,,
r68,r68-eu-elx04:plan-shell,elx-04-queue-backpressure,1,kogen-bench-eu,kh-plan,gpt-6-luna,xhigh,invalid,unresolved,control_apply cause unresolved; inspect documented audit,3.543,,
r68,r68-eu-elx04:plan-shell,elx-04-queue-backpressure,2,kogen-bench-eu,kh-plan,gpt-6-luna,xhigh,invalid,unresolved,control_apply cause unresolved; inspect documented audit,3.302,,
r68,r68-eu-elx04:plan-shell,elx-04-queue-backpressure,3,kogen-bench-eu,kh-plan,gpt-6-luna,xhigh,invalid,unresolved,control_apply cause unresolved; inspect documented audit,3.466,,
r68,r68-us-elx02:plan-shell,elx-02-ingest-supervision,1,kogen-bench-us,kh-plan,gpt-6-luna,xhigh,invalid,unresolved,control_apply cause unresolved; inspect documented audit,3.169,,
r68,r68-us-elx02:plan-shell,elx-02-ingest-supervision,2,kogen-bench-us,kh-plan,gpt-6-luna,xhigh,invalid,unresolved,control_apply cause unresolved; inspect documented audit,3.144,,
r68,r68-us-elx02:plan-shell,elx-02-ingest-supervision,3,kogen-bench-us,kh-plan,gpt-6-luna,xhigh,invalid,unresolved,control_apply cause unresolved; inspect documented audit,3.305,,
r68,r68-us-syn01:plan-shell,syn-01-live-ticket-filters,1,kogen-bench-us,kh-plan,gpt-6-luna,xhigh,invalid,unresolved,control_apply cause unresolved; inspect documented audit,3.191,,
r68,r68-us-syn20:plan-shell,syn-20-email-invite-flow,1,kogen-bench-us,kh-plan,gpt-6-luna,xhigh,invalid,unresolved,control_apply cause unresolved; inspect documented audit,2.729,,
r68b,r68b-eu-elx04:plan-shell,elx-04-queue-backpressure,1,kogen-bench-eu,kh-plan,gpt-6-luna,xhigh,pass,pass,,772.539,427181,
r68b,r68b-eu-elx04:plan-shell,elx-04-queue-backpressure,2,kogen-bench-eu,kh-plan,gpt-6-luna,xhigh,pass,pass,,405.67,168098,
r68b,r68b-eu-elx04:plan-shell,elx-04-queue-backpressure,3,kogen-bench-eu,kh-plan,gpt-6-luna,xhigh,pass,pass,,499.006,222904,
r68b,r68b-eu-syn06:plan-shell,syn-06-migration-ticket-numbers,1,kogen-bench-eu,kh-plan,gpt-6-luna,xhigh,pass,pass,,615.756,855829,
r68b,r68b-eu-syn06:plan-shell,syn-06-migration-ticket-numbers,2,kogen-bench-eu,kh-plan,gpt-6-luna,xhigh,pass,pass,,385.7,529115,
r68b,r68b-eu-syn06:plan-shell,syn-06-migration-ticket-numbers,3,kogen-bench-eu,kh-plan,gpt-6-luna,xhigh,pass,pass,,470.066,581293,
r68b,r68b-eu-syn15:plan-shell,syn-15-validation-ticket-form,1,kogen-bench-eu,kh-plan,gpt-6-luna,xhigh,pass,pass,,410.305,400800,
r68b,r68b-eu-syn15:plan-shell,syn-15-validation-ticket-form,2,kogen-bench-eu,kh-plan,gpt-6-luna,xhigh,pass,pass,,344.655,393090,
r68b,r68b-eu-syn15:plan-shell,syn-15-validation-ticket-form,3,kogen-bench-eu,kh-plan,gpt-6-luna,xhigh,pass,pass,,335.753,313146,
r68b,r68b-eu-syn24:plan-shell,syn-24-csv-import,1,kogen-bench-eu,kh-plan,gpt-6-luna,xhigh,pass,pass,,593.85,1178046,
r68b,r68b-eu-syn24:plan-shell,syn-24-csv-import,2,kogen-bench-eu,kh-plan,gpt-6-luna,xhigh,pass,pass,,575.111,922420,
r68b,r68b-eu-syn24:plan-shell,syn-24-csv-import,3,kogen-bench-eu,kh-plan,gpt-6-luna,xhigh,pass,pass,,751.746,1214244,
r68b,r68b-us-elx02:plan-shell,elx-02-ingest-supervision,1,kogen-bench-us,kh-plan,gpt-6-luna,xhigh,pass,pass,,197.839,101812,
r68b,r68b-us-elx02:plan-shell,elx-02-ingest-supervision,2,kogen-bench-us,kh-plan,gpt-6-luna,xhigh,pass,pass,,230.21,88467,
r68b,r68b-us-elx02:plan-shell,elx-02-ingest-supervision,3,kogen-bench-us,kh-plan,gpt-6-luna,xhigh,pass,pass,,247.287,170006,
r68b,r68b-us-syn01:plan-shell,syn-01-live-ticket-filters,1,kogen-bench-us,kh-plan,gpt-6-luna,xhigh,pass,pass,,437.793,555380,
r68b,r68b-us-syn01:plan-shell,syn-01-live-ticket-filters,2,kogen-bench-us,kh-plan,gpt-6-luna,xhigh,pass,pass,,383.578,412184,
r68b,r68b-us-syn01:plan-shell,syn-01-live-ticket-filters,3,kogen-bench-us,kh-plan,gpt-6-luna,xhigh,pass,pass,,411.231,454715,
r68b,r68b-us-syn20:plan-shell,syn-20-email-invite-flow,1,kogen-bench-us,kh-plan,gpt-6-luna,xhigh,pass,pass,,471.741,765670,
r68b,r68b-us-syn20:plan-shell,syn-20-email-invite-flow,2,kogen-bench-us,kh-plan,gpt-6-luna,xhigh,pass,pass,,607.835,1350551,
r68b,r68b-us-syn20:plan-shell,syn-20-email-invite-flow,3,kogen-bench-us,kh-plan,gpt-6-luna,xhigh,pass,pass,,700.431,1851206,
r68b,r68b-us-syn31:plan-shell,syn-31-inbound-email-webhook,1,kogen-bench-us,kh-plan,gpt-6-luna,xhigh,fail,fail,,689.624,1248619,
r68b,r68b-us-syn31:plan-shell,syn-31-inbound-email-webhook,2,kogen-bench-us,kh-plan,gpt-6-luna,xhigh,fail,fail,,537.51,905814,
r68b,r68b-us-syn31:plan-shell,syn-31-inbound-email-webhook,3,kogen-bench-us,kh-plan,gpt-6-luna,xhigh,fail,fail,,503.808,691259,
r6,r6aj:b-p21p09p10,rails-aj-enqueue-after-commit,1,kogen-bench-eu,kh-w1f,gpt-6-luna,low,pass,pass,,367.209,76091,
r6,r6aj:b-p21p09p10,rails-aj-enqueue-after-commit,2,kogen-bench-eu,kh-w1f,gpt-6-luna,low,fail,fail,,154.981,78170,
r6,r6aj:b-p21p09p10,rails-aj-enqueue-after-commit,3,kogen-bench-eu,kh-w1f,gpt-6-luna,low,pass,pass,,184.793,70151,
r6,r6aj:b-p21p11p12,rails-aj-enqueue-after-commit,1,kogen-bench-eu,kh-w1f,gpt-6-luna,low,pass,pass,,228.683,76990,
r6,r6aj:b-p21p11p12,rails-aj-enqueue-after-commit,2,kogen-bench-eu,kh-w1f,gpt-6-luna,low,pass,pass,,235.0,208662,
r6,r6aj:b-p21p11p12,rails-aj-enqueue-after-commit,3,kogen-bench-eu,kh-w1f,gpt-6-luna,low,pass,pass,,218.526,203341,
r6,r6aj:b-p21p20p12,rails-aj-enqueue-after-commit,1,kogen-bench-eu,kh-w1f,gpt-6-luna,low,pass,pass,,367.39,99955,
r6,r6aj:b-p21p20p12,rails-aj-enqueue-after-commit,2,kogen-bench-eu,kh-w1f,gpt-6-luna,low,pass,pass,,192.384,73717,
r6,r6aj:b-p21p20p12,rails-aj-enqueue-after-commit,3,kogen-bench-eu,kh-w1f,gpt-6-luna,low,fail,fail,,40.77,120437,
r6,r6aj:bare,rails-aj-enqueue-after-commit,1,kogen-bench-eu,kh-w1f,gpt-6-luna,low,pass,pass,,354.11,48599,
r6,r6aj:bare,rails-aj-enqueue-after-commit,2,kogen-bench-eu,kh-w1f,gpt-6-luna,low,pass,pass,,102.022,47274,
r6,r6aj:bare,rails-aj-enqueue-after-commit,3,kogen-bench-eu,kh-w1f,gpt-6-luna,low,fail,fail,,20.441,36981,
r6,r6aj:w7-p21,rails-aj-enqueue-after-commit,1,kogen-bench-eu,kh-w1f,gpt-6-luna,low,pass,pass,,421.367,102309,
r6,r6aj:w7-p21,rails-aj-enqueue-after-commit,2,kogen-bench-eu,kh-w1f,gpt-6-luna,low,pass,pass,,232.432,108883,
r6,r6aj:w7-p21,rails-aj-enqueue-after-commit,3,kogen-bench-eu,kh-w1f,gpt-6-luna,low,pass,pass,,202.992,126013,
r6,r6aj:b-p21p11p18,rails-aj-enqueue-after-commit,1,kogen-bench-us,kh-w1f,gpt-6-luna,low,pass,pass,,189.07,177946,
r6,r6aj:b-p21p11p18,rails-aj-enqueue-after-commit,2,kogen-bench-us,kh-w1f,gpt-6-luna,low,pass,pass,,181.935,145851,
r6,r6aj:b-p21p11p18,rails-aj-enqueue-after-commit,3,kogen-bench-us,kh-w1f,gpt-6-luna,low,pass,pass,,295.201,166581,
r6,r6aj:b-p21p16p18,rails-aj-enqueue-after-commit,1,kogen-bench-us,kh-w1f,gpt-6-luna,low,fail,fail,,258.237,78359,
r6,r6aj:b-p21p16p18,rails-aj-enqueue-after-commit,2,kogen-bench-us,kh-w1f,gpt-6-luna,low,pass,pass,,165.917,97058,
r6,r6aj:b-p21p16p18,rails-aj-enqueue-after-commit,3,kogen-bench-us,kh-w1f,gpt-6-luna,low,pass,pass,,152.615,68329,
r6,r6aj:bare,rails-aj-enqueue-after-commit,1,kogen-bench-us,kh-w1f,gpt-6-luna,low,fail,fail,,276.158,59321,
r6,r6aj:bare,rails-aj-enqueue-after-commit,2,kogen-bench-us,kh-w1f,gpt-6-luna,low,fail,fail,,119.763,46375,
r6,r6aj:bare,rails-aj-enqueue-after-commit,3,kogen-bench-us,kh-w1f,gpt-6-luna,low,fail,fail,,161.143,61123,
r6,r6aj:w1-p21,rails-aj-enqueue-after-commit,1,kogen-bench-us,kh-w1f,gpt-6-luna,low,fail,fail,,405.526,46785,
r6,r6aj:w1-p21,rails-aj-enqueue-after-commit,2,kogen-bench-us,kh-w1f,gpt-6-luna,low,fail,fail,,313.259,61866,
r6,r6aj:w1-p21,rails-aj-enqueue-after-commit,3,kogen-bench-us,kh-w1f,gpt-6-luna,low,pass,pass,,280.671,79671,
r6,r6aj:w1w7-p21p11,rails-aj-enqueue-after-commit,1,kogen-bench-us,kh-w1f,gpt-6-luna,low,pass,pass,,615.045,129909,
r6,r6aj:w1w7-p21p11,rails-aj-enqueue-after-commit,2,kogen-bench-us,kh-w1f,gpt-6-luna,low,pass,pass,,387.54,162387,
r6,r6aj:w1w7-p21p11,rails-aj-enqueue-after-commit,3,kogen-bench-us,kh-w1f,gpt-6-luna,low,pass,pass,,319.459,156561,
r71,r71-eu-elx04:r71-eu-elx-04-queue-backpressure-kogen-planshell-provided-r1,elx-04-queue-backpressure,1,kogen-bench-eu,kogen-planshell-provided,gpt-6-luna,mixed,pass,pass,,780.03,927563,
r71,r71-eu-elx04:r71-eu-elx-04-queue-backpressure-kogen-planshell-provided-r2,elx-04-queue-backpressure,2,kogen-bench-eu,kogen-planshell-provided,gpt-6-luna,mixed,pass,pass,,614.307,570879,
r71,r71-eu-elx04:r71-eu-elx-04-queue-backpressure-kogen-planshell-provided-r3,elx-04-queue-backpressure,3,kogen-bench-eu,,,,pass,pass,,,,
r71,r71-eu-elx04:r71-eu-elx-04-queue-backpressure-kogen-planshell-shaped-r1,elx-04-queue-backpressure,1,kogen-bench-eu,kogen-planshell-shaped,gpt-6-luna,mixed,invalid,unresolved,control_apply cause unresolved; inspect documented audit,1570.773,345203,
r71,r71-eu-elx04:r71-eu-elx-04-queue-backpressure-kogen-planshell-shaped-r2,elx-04-queue-backpressure,2,kogen-bench-eu,,,,pass,pass,,,,
r71,r71-eu-elx04:r71-eu-elx-04-queue-backpressure-kogen-planshell-shaped-r3,elx-04-queue-backpressure,3,kogen-bench-eu,,,,invalid,unresolved,control_apply cause unresolved; inspect documented audit,,,
r71,r71-eu-syn06:r71-eu-syn-06-migration-ticket-numbers-kogen-planshell-provided-r1,syn-06-migration-ticket-numbers,1,kogen-bench-eu,kogen-planshell-provided,gpt-6-luna,mixed,pass,pass,,950.574,2276240,
r71,r71-eu-syn06:r71-eu-syn-06-migration-ticket-numbers-kogen-planshell-provided-r2,syn-06-migration-ticket-numbers,2,kogen-bench-eu,,,,pass,pass,,,,
r71,r71-eu-syn06:r71-eu-syn-06-migration-ticket-numbers-kogen-planshell-provided-r3,syn-06-migration-ticket-numbers,3,kogen-bench-eu,,,,pass,pass,,,,
r71,r71-eu-syn06:r71-eu-syn-06-migration-ticket-numbers-kogen-planshell-shaped-r1,syn-06-migration-ticket-numbers,1,kogen-bench-eu,,,,invalid,unresolved,control_apply cause unresolved; inspect documented audit,,,
r71,r71-eu-syn06:r71-eu-syn-06-migration-ticket-numbers-kogen-planshell-shaped-r2,syn-06-migration-ticket-numbers,2,kogen-bench-eu,,,,pass,pass,,,,
r71,r71-eu-syn06:r71-eu-syn-06-migration-ticket-numbers-kogen-planshell-shaped-r3,syn-06-migration-ticket-numbers,3,kogen-bench-eu,,,,pass,pass,,,,
r71,r71-eu-syn15:r71-eu-syn-15-validation-ticket-form-kogen-planshell-provided-r1,syn-15-validation-ticket-form,1,kogen-bench-eu,kogen-planshell-provided,gpt-6-luna,mixed,pass,pass,,723.091,1492665,
r71,r71-eu-syn15:r71-eu-syn-15-validation-ticket-form-kogen-planshell-provided-r2,syn-15-validation-ticket-form,2,kogen-bench-eu,,,,pass,pass,,,,
r71,r71-eu-syn15:r71-eu-syn-15-validation-ticket-form-kogen-planshell-provided-r3,syn-15-validation-ticket-form,3,kogen-bench-eu,,,,pass,pass,,,,
r71,r71-eu-syn15:r71-eu-syn-15-validation-ticket-form-kogen-planshell-shaped-r1,syn-15-validation-ticket-form,1,kogen-bench-eu,kogen-planshell-shaped,gpt-6-luna,mixed,pass,pass,,634.656,334083,
r71,r71-eu-syn15:r71-eu-syn-15-validation-ticket-form-kogen-planshell-shaped-r2,syn-15-validation-ticket-form,2,kogen-bench-eu,,,,pass,pass,,,,
r71,r71-eu-syn15:r71-eu-syn-15-validation-ticket-form-kogen-planshell-shaped-r3,syn-15-validation-ticket-form,3,kogen-bench-eu,,,,invalid,unresolved,control_apply cause unresolved; inspect documented audit,,,
r71,r71-eu-syn24:r71-eu-syn-24-csv-import-kogen-planshell-provided-r1,syn-24-csv-import,1,kogen-bench-eu,kogen-planshell-provided,gpt-6-luna,mixed,pass,pass,,921.355,1390194,
r71,r71-eu-syn24:r71-eu-syn-24-csv-import-kogen-planshell-provided-r2,syn-24-csv-import,2,kogen-bench-eu,,,,pass,pass,,,,
r71,r71-eu-syn24:r71-eu-syn-24-csv-import-kogen-planshell-provided-r3,syn-24-csv-import,3,kogen-bench-eu,,,,pass,pass,,,,
r71,r71-eu-syn24:r71-eu-syn-24-csv-import-kogen-planshell-shaped-r1,syn-24-csv-import,1,kogen-bench-eu,,,,invalid,unresolved,control_apply cause unresolved; inspect documented audit,,,
r71,r71-eu-syn24:r71-eu-syn-24-csv-import-kogen-planshell-shaped-r2,syn-24-csv-import,2,kogen-bench-eu,,,,pass,pass,,,,
r71,r71-eu-syn24:r71-eu-syn-24-csv-import-kogen-planshell-shaped-r3,syn-24-csv-import,3,kogen-bench-eu,,,,pass,pass,,,,
r71,r71-us-elx02:r71-us-elx-02-ingest-supervision-kogen-planshell-provided-r1,elx-02-ingest-supervision,1,kogen-bench-us,kogen-planshell-provided,gpt-6-luna,mixed,pass,pass,,294.153,123515,
r71,r71-us-elx02:r71-us-elx-02-ingest-supervision-kogen-planshell-provided-r2,elx-02-ingest-supervision,2,kogen-bench-us,kogen-planshell-provided,gpt-6-luna,mixed,pass,pass,,342.238,219502,
r71,r71-us-elx02:r71-us-elx-02-ingest-supervision-kogen-planshell-provided-r3,elx-02-ingest-supervision,3,kogen-bench-us,,,,pass,pass,,,,
r71,r71-us-elx02:r71-us-elx-02-ingest-supervision-kogen-planshell-shaped-r1,elx-02-ingest-supervision,1,kogen-bench-us,kogen-planshell-shaped,gpt-6-luna,mixed,pass,pass,,566.727,262683,
r71,r71-us-elx02:r71-us-elx-02-ingest-supervision-kogen-planshell-shaped-r2,elx-02-ingest-supervision,2,kogen-bench-us,kogen-planshell-shaped,gpt-6-luna,mixed,pass,pass,,427.914,165913,
r71,r71-us-elx02:r71-us-elx-02-ingest-supervision-kogen-planshell-shaped-r3,elx-02-ingest-supervision,3,kogen-bench-us,,,,invalid,unresolved,control_apply cause unresolved; inspect documented audit,,,
r71,r71-us-syn01:r71-us-syn-01-live-ticket-filters-kogen-planshell-provided-r1,syn-01-live-ticket-filters,1,kogen-bench-us,kogen-planshell-provided,gpt-6-luna,mixed,pass,pass,,668.611,936281,
r71,r71-us-syn01:r71-us-syn-01-live-ticket-filters-kogen-planshell-provided-r2,syn-01-live-ticket-filters,2,kogen-bench-us,,,,pass,pass,,,,
r71,r71-us-syn01:r71-us-syn-01-live-ticket-filters-kogen-planshell-provided-r3,syn-01-live-ticket-filters,3,kogen-bench-us,,,,pass,pass,,,,
r71,r71-smoke-us-syn01:r71-us-syn-01-live-ticket-filters-kogen-planshell-provided-smoke-r1,syn-01-live-ticket-filters,1,kogen-bench-us,kogen-planshell-provided,gpt-6-luna,mixed,pass,not_scored,smoke or control row; retained outside scored denominator,563.636,726379,
r71,r71-us-syn01:r71-us-syn-01-live-ticket-filters-kogen-planshell-shaped-r1,syn-01-live-ticket-filters,1,kogen-bench-us,kogen-planshell-shaped,gpt-6-luna,mixed,pass,pass,,729.155,606662,
r71,r71-us-syn01:r71-us-syn-01-live-ticket-filters-kogen-planshell-shaped-r2,syn-01-live-ticket-filters,2,kogen-bench-us,,,,invalid,unresolved,control_apply cause unresolved; inspect documented audit,,,
r71,r71-us-syn01:r71-us-syn-01-live-ticket-filters-kogen-planshell-shaped-r3,syn-01-live-ticket-filters,3,kogen-bench-us,,,,pass,pass,,,,
r71,r71-smoke-us-syn01:r71-us-syn-01-live-ticket-filters-kogen-planshell-shaped-smoke-r1,syn-01-live-ticket-filters,1,kogen-bench-us,kogen-planshell-shaped,gpt-6-luna,mixed,pass,not_scored,smoke or control row; retained outside scored denominator,627.761,498765,
r71,r71-us-syn20:r71-us-syn-20-email-invite-flow-kogen-planshell-provided-r1,syn-20-email-invite-flow,1,kogen-bench-us,kogen-planshell-provided,gpt-6-luna,mixed,fail,fail,,1187.786,2477006,
r71,r71-us-syn20:r71-us-syn-20-email-invite-flow-kogen-planshell-provided-r2,syn-20-email-invite-flow,2,kogen-bench-us,,,,fail,fail,,,,
r71,r71-us-syn20:r71-us-syn-20-email-invite-flow-kogen-planshell-provided-r3,syn-20-email-invite-flow,3,kogen-bench-us,,,,fail,fail,,,,
r71,r71-us-syn20:r71-us-syn-20-email-invite-flow-kogen-planshell-shaped-r1,syn-20-email-invite-flow,1,kogen-bench-us,kogen-planshell-shaped,gpt-6-luna,mixed,pass,pass,,1177.222,1059865,
r71,r71-us-syn20:r71-us-syn-20-email-invite-flow-kogen-planshell-shaped-r2,syn-20-email-invite-flow,2,kogen-bench-us,,,,invalid,unresolved,control_apply cause unresolved; inspect documented audit,,,
r71,r71-us-syn20:r71-us-syn-20-email-invite-flow-kogen-planshell-shaped-r3,syn-20-email-invite-flow,3,kogen-bench-us,,,,pass,pass,,,,
r71,r71-us-syn31:r71-us-syn-31-inbound-email-webhook-kogen-planshell-provided-r1,syn-31-inbound-email-webhook,1,kogen-bench-us,kogen-planshell-provided,gpt-6-luna,mixed,pass,pass,,929.316,1637048,
r71,r71-us-syn31:r71-us-syn-31-inbound-email-webhook-kogen-planshell-provided-r2,syn-31-inbound-email-webhook,2,kogen-bench-us,,,,pass,pass,,,,
r71,r71-us-syn31:r71-us-syn-31-inbound-email-webhook-kogen-planshell-provided-r3,syn-31-inbound-email-webhook,3,kogen-bench-us,,,,pass,pass,,,,
r71,r71-us-syn31:r71-us-syn-31-inbound-email-webhook-kogen-planshell-shaped-r1,syn-31-inbound-email-webhook,1,kogen-bench-us,,,,invalid,unresolved,control_apply cause unresolved; inspect documented audit,,,
r71,r71-us-syn31:r71-us-syn-31-inbound-email-webhook-kogen-planshell-shaped-r2,syn-31-inbound-email-webhook,2,kogen-bench-us,,,,pass,pass,,,,
r7,r7smoke:plan-sol-nocontext,elx-07-cli-stats,1,kogen-bench-eu,kh-plan,gpt-6-luna,low,fail,not_scored,smoke or control row; retained outside scored denominator,255.49,200092,
r8,r8reg:B1,rails-ar-archive-book-access,1,kogen-bench-eu,kh-w1f,gpt-6-luna,low,pass,pass,,107.878,46374,
r8,r8reg:B1,rails-ar-archive-book-access,2,kogen-bench-eu,kh-w1f,gpt-6-luna,low,pass,pass,,120.45,50905,
r8,r8reg:B1,rails-ar-archive-book-access,3,kogen-bench-eu,kh-w1f,gpt-6-luna,low,pass,pass,,128.803,46911,
r8,r8sl:B1,rails-sup-legacy-conversions,1,kogen-bench-eu,kh-w1f,gpt-6-luna,low,fail,fail,,180.641,115502,
r8,r8sl:B1,rails-sup-legacy-conversions,2,kogen-bench-eu,kh-w1f,gpt-6-luna,low,fail,fail,,156.567,77891,
r8,r8sl:B1,rails-sup-legacy-conversions,3,kogen-bench-eu,kh-w1f,gpt-6-luna,low,fail,fail,,105.967,100264,
r8,r8sl:bare,rails-sup-legacy-conversions,1,kogen-bench-eu,kh-w1f,gpt-6-luna,low,fail,fail,,157.988,43833,
r8,r8sl:bare,rails-sup-legacy-conversions,2,kogen-bench-eu,kh-w1f,gpt-6-luna,low,fail,fail,,105.183,70226,
r8,r8sl:bare,rails-sup-legacy-conversions,3,kogen-bench-eu,kh-w1f,gpt-6-luna,low,pass,pass,,126.028,83845,
r8,r8sl:B1w7,rails-sup-legacy-conversions,1,kogen-bench-us,kh-w1f,gpt-6-luna,low,fail,fail,,301.068,273837,
r8,r8sl:B1w7,rails-sup-legacy-conversions,2,kogen-bench-us,kh-w1f,gpt-6-luna,low,fail,fail,,128.296,91501,
r8,r8sl:B1w7,rails-sup-legacy-conversions,3,kogen-bench-us,kh-w1f,gpt-6-luna,low,fail,fail,,263.723,587738,
r8,r8sl:bare,rails-sup-legacy-conversions,1,kogen-bench-us,kh-w1f,gpt-6-luna,low,fail,fail,,96.713,78452,
r8,r8sl:bare,rails-sup-legacy-conversions,2,kogen-bench-us,kh-w1f,gpt-6-luna,low,fail,fail,,92.459,80883,
r8,r8sl:bare,rails-sup-legacy-conversions,3,kogen-bench-us,kh-w1f,gpt-6-luna,low,fail,fail,,66.142,75994,
unmapped,scan-ac-throttle-search:bare,rails-ac-throttle-search,1,kogen-bench-eu,kh-lev,gpt-6-luna,low,fail,fail,,189.695,97321,
unmapped,scan-ac-throttle-search:bare,rails-ac-throttle-search,2,kogen-bench-eu,kh-lev,gpt-6-luna,low,pass,pass,,579.784,63736,
unmapped,scan-ac-throttle-search:bare,rails-ac-throttle-search,3,kogen-bench-eu,kh-lev,gpt-6-luna,low,pass,pass,,798.204,107398,
unmapped,scan-ac-throttle-search:bare,rails-ac-throttle-search,1,kogen-bench-us,kh-lev,gpt-6-luna,low,fail,fail,,148.808,85457,
unmapped,scan-ac-throttle-search:bare,rails-ac-throttle-search,2,kogen-bench-us,kh-lev,gpt-6-luna,low,pass,pass,,530.707,167364,
unmapped,scan-ac-throttle-search:bare,rails-ac-throttle-search,3,kogen-bench-us,kh-lev,gpt-6-luna,low,pass,pass,,407.791,65092,
unmapped,scan-aj-enqueue-after-commit:bare,rails-aj-enqueue-after-commit,1,kogen-bench-eu,kh-lev,gpt-6-luna,low,fail,fail,,554.968,30017,
unmapped,scan-aj-enqueue-after-commit:bare,rails-aj-enqueue-after-commit,2,kogen-bench-eu,kh-lev,gpt-6-luna,low,pass,pass,,591.313,35501,
unmapped,scan-aj-enqueue-after-commit:bare,rails-aj-enqueue-after-commit,3,kogen-bench-eu,kh-lev,gpt-6-luna,low,pass,pass,,566.714,66329,
unmapped,scan-aj-enqueue-after-commit:bare,rails-aj-enqueue-after-commit,1,kogen-bench-us,kh-lev,gpt-6-luna,low,fail,fail,,424.525,80128,
unmapped,scan-aj-enqueue-after-commit:bare,rails-aj-enqueue-after-commit,2,kogen-bench-us,kh-lev,gpt-6-luna,low,fail,fail,,401.94,40051,
unmapped,scan-aj-enqueue-after-commit:bare,rails-aj-enqueue-after-commit,3,kogen-bench-us,kh-lev,gpt-6-luna,low,fail,fail,,418.35,47359,
unmapped,scan-sup-legacy-conversions:bare,rails-sup-legacy-conversions,1,kogen-bench-eu,kh-lev,gpt-6-luna,low,pass,pass,,764.574,88222,
unmapped,scan-sup-legacy-conversions:bare,rails-sup-legacy-conversions,2,kogen-bench-eu,kh-lev,gpt-6-luna,low,fail,fail,,456.093,118856,
unmapped,scan-sup-legacy-conversions:bare,rails-sup-legacy-conversions,3,kogen-bench-eu,kh-lev,gpt-6-luna,low,pass,pass,,769.256,55703,
unmapped,scan-sup-legacy-conversions:bare,rails-sup-legacy-conversions,1,kogen-bench-us,kh-lev,gpt-6-luna,low,fail,fail,,173.943,71742,
unmapped,scan-sup-legacy-conversions:bare,rails-sup-legacy-conversions,2,kogen-bench-us,kh-lev,gpt-6-luna,low,fail,fail,,497.961,77773,
unmapped,scan-sup-legacy-conversions:bare,rails-sup-legacy-conversions,3,kogen-bench-us,kh-lev,gpt-6-luna,low,fail,fail,,498.433,34643,
r70-rve2,elixir,r70-7-elixir,,eu,codex,gpt-6-luna,max,fail,fail,,330.0,,
r70-rve2,rust,r70-7-rust,,eu,codex,gpt-6-luna,max,fail,fail,,160.0,,
r70-rve2,elixir,r70-5-elixir,,eu,codex,gpt-6-luna,max,fail,fail,,501.0,,
r70-rve2,rust,r70-5-rust,,eu,codex,gpt-6-luna,max,fail,fail,,290.0,,
r70-rve2,elixir,r70-1-elixir,,eu,codex,gpt-6-luna,max,fail,fail,,941.0,,
r70-rve2,rust,r70-1-rust,,eu,codex,gpt-6-luna,max,pass,pass,,360.0,,
r70-rve2,elixir,r70-1-elixir,,eu,codex,gpt-6-luna,max,pass,pass,,720.0,,
r70-rve2,rust,r70-1-rust,,eu,codex,gpt-6-luna,max,pass,pass,,270.0,,
r70-rve2,elixir,r70-5-elixir,,us,codex,gpt-6-luna,max,fail,fail,,521.0,,
r70-rve2,rust,r70-5-rust,,us,codex,gpt-6-luna,max,fail,fail,,220.0,,
r70-rve2,elixir,r70-5-elixir,,us,codex,gpt-6-luna,max,fail,fail,,480.0,,
r70-rve2,rust,r70-5-rust,,us,codex,gpt-6-luna,max,fail,fail,,210.0,,
r70-rve2,elixir,r70-7-elixir,,us,codex,gpt-6-luna,max,fail,fail,,430.0,,
r70-rve2,rust,r70-7-rust,,us,codex,gpt-6-luna,max,fail,fail,,160.0,,
r70-rve2,elixir,r70-1-elixir,,us,codex,gpt-6-luna,max,fail,fail,,1061.0,,
r70-rve2,rust,r70-1-rust,,us,codex,gpt-6-luna,max,pass,pass,,370.0,,
r70-rve2,rust,r70-1-rust,,us,codex,gpt-6-luna,max,pass,pass,,260.0,,
r70-rve3,elixir,r70-1-elixir,,eu,codex,gpt-6-luna,max,fail,fail,,911.0,,
r70-rve3,rust,r70-1-rust,,eu,codex,gpt-6-luna,max,pass,pass,,310.0,,
r70-rve3,elixir,r70-7-elixir,,eu,codex,gpt-6-luna,max,pass,pass,,340.0,,
r70-rve3,rust,r70-7-rust,,eu,codex,gpt-6-luna,max,pass,pass,,190.0,,
r70-rve3,elixir,r70-5-elixir,,eu,codex,gpt-6-luna,max,fail,fail,,260.0,,
r70-rve3,rust,r70-5-rust,,eu,codex,gpt-6-luna,max,fail,fail,,250.0,,
r70-rve3,elixir,r70-5-elixir,,eu,codex,gpt-6-luna,max,pass,pass,,431.0,,
r70-rve3,rust,r70-5-rust,,eu,codex,gpt-6-luna,max,pass,pass,,170.0,,
r70-rve3,elixir,r70-1-elixir,,eu,codex,gpt-6-luna,max,fail,fail,,710.0,,
r70-rve3,rust,r70-1-rust,,eu,codex,gpt-6-luna,max,pass,pass,,311.0,,
r70-rve3,elixir,r70-7-elixir,,eu,codex,gpt-6-luna,max,fail,fail,,230.0,,
r70-rve3,rust,r70-7-rust,,eu,codex,gpt-6-luna,max,fail,fail,,170.0,,
r70-rve3,elixir,r70-5-elixir,,us,codex,gpt-6-luna,max,fail,fail,,450.0,,
r70-rve3,rust,r70-5-rust,,us,codex,gpt-6-luna,max,pass,pass,,260.0,,
r70-rve3,elixir,r70-7-elixir,,us,codex,gpt-6-luna,max,fail,fail,,220.0,,
r70-rve3,rust,r70-7-rust,,us,codex,gpt-6-luna,max,pass,pass,,140.0,,
r70-rve3,elixir,r70-7-elixir,,us,codex,gpt-6-luna,max,fail,fail,,290.0,,
r70-rve3,rust,r70-7-rust,,us,codex,gpt-6-luna,max,pass,pass,,171.0,,
r70-rve3,elixir,r70-1-elixir,,us,codex,gpt-6-luna,max,pass,pass,,1000.0,,
r70-rve3,rust,r70-1-rust,,us,codex,gpt-6-luna,max,pass,pass,,350.0,,
r70-rve3,elixir,r70-1-elixir,,us,codex,gpt-6-luna,max,pass,pass,,1191.0,,
r70-rve3,rust,r70-1-rust,,us,codex,gpt-6-luna,max,pass,pass,,200.0,,
